config_key,config_label,model_name,ranking_mode,target_mode,user_id,layer_index,layer_score,attribution_method,attribution_mode
base,Base,unsloth/Llama-3.2-1B-Instruct,text,ground_truth,5,0,1.6875005960464478,causal_bypass,causal_bypass
base,Base,unsloth/Llama-3.2-1B-Instruct,text,ground_truth,5,1,0.12499988079071045,causal_bypass,causal_bypass
base,Base,unsloth/Llama-3.2-1B-Instruct,text,ground_truth,5,2,1.8125001192092896,causal_bypass,causal_bypass
base,Base,unsloth/Llama-3.2-1B-Instruct,text,ground_truth,5,3,0.18750011920928955,causal_bypass,causal_bypass
base,Base,unsloth/Llama-3.2-1B-Instruct,text,ground_truth,5,4,0.9999998807907104,causal_bypass,causal_bypass
base,Base,unsloth/Llama-3.2-1B-Instruct,text,ground_truth,5,5,1.2499998807907104,causal_bypass,causal_bypass
base,Base,unsloth/Llama-3.2-1B-Instruct,text,ground_truth,5,6,0.5625001192092896,causal_bypass,causal_bypass
base,Base,unsloth/Llama-3.2-1B-Instruct,text,ground_truth,5,7,0.12499988079071045,causal_bypass,causal_bypass
base,Base,unsloth/Llama-3.2-1B-Instruct,text,ground_truth,5,8,2.1249998807907104,causal_bypass,causal_bypass
base,Base,unsloth/Llama-3.2-1B-Instruct,text,ground_truth,5,9,2.1249998807907104,causal_bypass,causal_bypass
base,Base,unsloth/Llama-3.2-1B-Instruct,text,ground_truth,5,10,1.3125001192092896,causal_bypass,causal_bypass
base,Base,unsloth/Llama-3.2-1B-Instruct,text,ground_truth,5,11,0.12500011920928955,causal_bypass,causal_bypass
base,Base,unsloth/Llama-3.2-1B-Instruct,text,ground_truth,5,12,0.49999988079071045,causal_bypass,causal_bypass
base,Base,unsloth/Llama-3.2-1B-Instruct,text,ground_truth,5,13,2.7499998807907104,causal_bypass,causal_bypass
base,Base,unsloth/Llama-3.2-1B-Instruct,text,ground_truth,5,14,0.9999998807907104,causal_bypass,causal_bypass
base,Base,unsloth/Llama-3.2-1B-Instruct,text,ground_truth,5,15,0.9374998807907104,causal_bypass,causal_bypass
base,Base,unsloth/Llama-3.2-1B-Instruct,text,model_choice,5,0,3.2812505960464478,causal_bypass,causal_bypass
base,Base,unsloth/Llama-3.2-1B-Instruct,text,model_choice,5,1,1.8749998807907104,causal_bypass,causal_bypass
base,Base,unsloth/Llama-3.2-1B-Instruct,text,model_choice,5,2,0.5,causal_bypass,causal_bypass
base,Base,unsloth/Llama-3.2-1B-Instruct,text,model_choice,5,3,1.6249998807907104,causal_bypass,causal_bypass
base,Base,unsloth/Llama-3.2-1B-Instruct,text,model_choice,5,4,1.125,causal_bypass,causal_bypass
base,Base,unsloth/Llama-3.2-1B-Instruct,text,model_choice,5,5,2.3749998807907104,causal_bypass,causal_bypass
base,Base,unsloth/Llama-3.2-1B-Instruct,text,model_choice,5,6,5.2499998807907104,causal_bypass,causal_bypass
base,Base,unsloth/Llama-3.2-1B-Instruct,text,model_choice,5,7,0.6249998807907104,causal_bypass,causal_bypass
base,Base,unsloth/Llama-3.2-1B-Instruct,text,model_choice,5,8,1.9999998807907104,causal_bypass,causal_bypass
base,Base,unsloth/Llama-3.2-1B-Instruct,text,model_choice,5,9,1.9374998807907104,causal_bypass,causal_bypass
base,Base,unsloth/Llama-3.2-1B-Instruct,text,model_choice,5,10,0.3749997615814209,causal_bypass,causal_bypass
base,Base,unsloth/Llama-3.2-1B-Instruct,text,model_choice,5,11,0.5000001192092896,causal_bypass,causal_bypass
base,Base,unsloth/Llama-3.2-1B-Instruct,text,model_choice,5,12,0.7499997615814209,causal_bypass,causal_bypass
base,Base,unsloth/Llama-3.2-1B-Instruct,text,model_choice,5,13,2.1249998807907104,causal_bypass,causal_bypass
base,Base,unsloth/Llama-3.2-1B-Instruct,text,model_choice,5,14,1.9999998807907104,causal_bypass,causal_bypass
base,Base,unsloth/Llama-3.2-1B-Instruct,text,model_choice,5,15,0.5624998807907104,causal_bypass,causal_bypass
base,Base,unsloth/Llama-3.2-1B-Instruct,text,ground_truth,609,0,0.0625,causal_bypass,causal_bypass
base,Base,unsloth/Llama-3.2-1B-Instruct,text,ground_truth,609,1,4.3125,causal_bypass,causal_bypass
base,Base,unsloth/Llama-3.2-1B-Instruct,text,ground_truth,609,2,0.4375,causal_bypass,causal_bypass
base,Base,unsloth/Llama-3.2-1B-Instruct,text,ground_truth,609,3,1.625,causal_bypass,causal_bypass
base,Base,unsloth/Llama-3.2-1B-Instruct,text,ground_truth,609,4,3.1875,causal_bypass,causal_bypass
base,Base,unsloth/Llama-3.2-1B-Instruct,text,ground_truth,609,5,1.9375,causal_bypass,causal_bypass
base,Base,unsloth/Llama-3.2-1B-Instruct,text,ground_truth,609,6,1.8125,causal_bypass,causal_bypass
base,Base,unsloth/Llama-3.2-1B-Instruct,text,ground_truth,609,7,1.4375,causal_bypass,causal_bypass
base,Base,unsloth/Llama-3.2-1B-Instruct,text,ground_truth,609,8,2.625,causal_bypass,causal_bypass
base,Base,unsloth/Llama-3.2-1B-Instruct,text,ground_truth,609,9,4.4375,causal_bypass,causal_bypass
base,Base,unsloth/Llama-3.2-1B-Instruct,text,ground_truth,609,10,0.125,causal_bypass,causal_bypass
base,Base,unsloth/Llama-3.2-1B-Instruct,text,ground_truth,609,11,0.31249988079071045,causal_bypass,causal_bypass
base,Base,unsloth/Llama-3.2-1B-Instruct,text,ground_truth,609,12,1.25,causal_bypass,causal_bypass
base,Base,unsloth/Llama-3.2-1B-Instruct,text,ground_truth,609,13,1.75,causal_bypass,causal_bypass
base,Base,unsloth/Llama-3.2-1B-Instruct,text,ground_truth,609,14,1.9375,causal_bypass,causal_bypass
base,Base,unsloth/Llama-3.2-1B-Instruct,text,ground_truth,609,15,0.0625,causal_bypass,causal_bypass
base,Base,unsloth/Llama-3.2-1B-Instruct,text,model_choice,609,0,2.90625,causal_bypass,causal_bypass
base,Base,unsloth/Llama-3.2-1B-Instruct,text,model_choice,609,1,1.8125,causal_bypass,causal_bypass
base,Base,unsloth/Llama-3.2-1B-Instruct,text,model_choice,609,2,0.125,causal_bypass,causal_bypass
base,Base,unsloth/Llama-3.2-1B-Instruct,text,model_choice,609,3,2.9375,causal_bypass,causal_bypass
base,Base,unsloth/Llama-3.2-1B-Instruct,text,model_choice,609,4,2.9375,causal_bypass,causal_bypass
base,Base,unsloth/Llama-3.2-1B-Instruct,text,model_choice,609,5,3.437499761581421,causal_bypass,causal_bypass
base,Base,unsloth/Llama-3.2-1B-Instruct,text,model_choice,609,6,6.4375,causal_bypass,causal_bypass
base,Base,unsloth/Llama-3.2-1B-Instruct,text,model_choice,609,7,0.8125,causal_bypass,causal_bypass
base,Base,unsloth/Llama-3.2-1B-Instruct,text,model_choice,609,8,2.625,causal_bypass,causal_bypass
base,Base,unsloth/Llama-3.2-1B-Instruct,text,model_choice,609,9,3.375,causal_bypass,causal_bypass
base,Base,unsloth/Llama-3.2-1B-Instruct,text,model_choice,609,10,0.625,causal_bypass,causal_bypass
base,Base,unsloth/Llama-3.2-1B-Instruct,text,model_choice,609,11,0.37500011920928955,causal_bypass,causal_bypass
base,Base,unsloth/Llama-3.2-1B-Instruct,text,model_choice,609,12,0.875,causal_bypass,causal_bypass
base,Base,unsloth/Llama-3.2-1B-Instruct,text,model_choice,609,13,1.250000238418579,causal_bypass,causal_bypass
base,Base,unsloth/Llama-3.2-1B-Instruct,text,model_choice,609,14,3.5,causal_bypass,causal_bypass
base,Base,unsloth/Llama-3.2-1B-Instruct,text,model_choice,609,15,1.0,causal_bypass,causal_bypass
base,Base,unsloth/Llama-3.2-1B-Instruct,text,ground_truth,1046,0,3.875000476837158,causal_bypass,causal_bypass
base,Base,unsloth/Llama-3.2-1B-Instruct,text,ground_truth,1046,1,1.6875,causal_bypass,causal_bypass
base,Base,unsloth/Llama-3.2-1B-Instruct,text,ground_truth,1046,2,0.7499998807907104,causal_bypass,causal_bypass
base,Base,unsloth/Llama-3.2-1B-Instruct,text,ground_truth,1046,3,0.875,causal_bypass,causal_bypass
base,Base,unsloth/Llama-3.2-1B-Instruct,text,ground_truth,1046,4,0.25,causal_bypass,causal_bypass
base,Base,unsloth/Llama-3.2-1B-Instruct,text,ground_truth,1046,5,2.25,causal_bypass,causal_bypass
base,Base,unsloth/Llama-3.2-1B-Instruct,text,ground_truth,1046,6,4.375,causal_bypass,causal_bypass
base,Base,unsloth/Llama-3.2-1B-Instruct,text,ground_truth,1046,7,0.125,causal_bypass,causal_bypass
base,Base,unsloth/Llama-3.2-1B-Instruct,text,ground_truth,1046,8,2.0,causal_bypass,causal_bypass
base,Base,unsloth/Llama-3.2-1B-Instruct,text,ground_truth,1046,9,1.0,causal_bypass,causal_bypass
base,Base,unsloth/Llama-3.2-1B-Instruct,text,ground_truth,1046,10,0.5,causal_bypass,causal_bypass
base,Base,unsloth/Llama-3.2-1B-Instruct,text,ground_truth,1046,11,0.49999988079071045,causal_bypass,causal_bypass
base,Base,unsloth/Llama-3.2-1B-Instruct,text,ground_truth,1046,12,0.7500001192092896,causal_bypass,causal_bypass
base,Base,unsloth/Llama-3.2-1B-Instruct,text,ground_truth,1046,13,0.5,causal_bypass,causal_bypass
base,Base,unsloth/Llama-3.2-1B-Instruct,text,ground_truth,1046,14,2.875,causal_bypass,causal_bypass
base,Base,unsloth/Llama-3.2-1B-Instruct,text,ground_truth,1046,15,0.125,causal_bypass,causal_bypass
base,Base,unsloth/Llama-3.2-1B-Instruct,text,model_choice,1046,0,3.875000476837158,causal_bypass,causal_bypass
base,Base,unsloth/Llama-3.2-1B-Instruct,text,model_choice,1046,1,1.6875,causal_bypass,causal_bypass
base,Base,unsloth/Llama-3.2-1B-Instruct,text,model_choice,1046,2,0.7499998807907104,causal_bypass,causal_bypass
base,Base,unsloth/Llama-3.2-1B-Instruct,text,model_choice,1046,3,0.875,causal_bypass,causal_bypass
base,Base,unsloth/Llama-3.2-1B-Instruct,text,model_choice,1046,4,0.25,causal_bypass,causal_bypass
base,Base,unsloth/Llama-3.2-1B-Instruct,text,model_choice,1046,5,2.25,causal_bypass,causal_bypass
base,Base,unsloth/Llama-3.2-1B-Instruct,text,model_choice,1046,6,4.375,causal_bypass,causal_bypass
base,Base,unsloth/Llama-3.2-1B-Instruct,text,model_choice,1046,7,0.125,causal_bypass,causal_bypass
base,Base,unsloth/Llama-3.2-1B-Instruct,text,model_choice,1046,8,2.0,causal_bypass,causal_bypass
base,Base,unsloth/Llama-3.2-1B-Instruct,text,model_choice,1046,9,1.0,causal_bypass,causal_bypass
base,Base,unsloth/Llama-3.2-1B-Instruct,text,model_choice,1046,10,0.5,causal_bypass,causal_bypass
base,Base,unsloth/Llama-3.2-1B-Instruct,text,model_choice,1046,11,0.49999988079071045,causal_bypass,causal_bypass
base,Base,unsloth/Llama-3.2-1B-Instruct,text,model_choice,1046,12,0.7500001192092896,causal_bypass,causal_bypass
base,Base,unsloth/Llama-3.2-1B-Instruct,text,model_choice,1046,13,0.5,causal_bypass,causal_bypass
base,Base,unsloth/Llama-3.2-1B-Instruct,text,model_choice,1046,14,2.875,causal_bypass,causal_bypass
base,Base,unsloth/Llama-3.2-1B-Instruct,text,model_choice,1046,15,0.125,causal_bypass,causal_bypass
base,Base,unsloth/Llama-3.2-1B-Instruct,text,ground_truth,1529,0,1.625,causal_bypass,causal_bypass
base,Base,unsloth/Llama-3.2-1B-Instruct,text,ground_truth,1529,1,1.0625,causal_bypass,causal_bypass
base,Base,unsloth/Llama-3.2-1B-Instruct,text,ground_truth,1529,2,1.5625,causal_bypass,causal_bypass
base,Base,unsloth/Llama-3.2-1B-Instruct,text,ground_truth,1529,3,2.6875,causal_bypass,causal_bypass
base,Base,unsloth/Llama-3.2-1B-Instruct,text,ground_truth,1529,4,0.6250001192092896,causal_bypass,causal_bypass
base,Base,unsloth/Llama-3.2-1B-Instruct,text,ground_truth,1529,5,1.25,causal_bypass,causal_bypass
base,Base,unsloth/Llama-3.2-1B-Instruct,text,ground_truth,1529,6,6.0625,causal_bypass,causal_bypass
base,Base,unsloth/Llama-3.2-1B-Instruct,text,ground_truth,1529,7,0.625,causal_bypass,causal_bypass
base,Base,unsloth/Llama-3.2-1B-Instruct,text,ground_truth,1529,8,0.25,causal_bypass,causal_bypass
base,Base,unsloth/Llama-3.2-1B-Instruct,text,ground_truth,1529,9,0.875,causal_bypass,causal_bypass
base,Base,unsloth/Llama-3.2-1B-Instruct,text,ground_truth,1529,10,2.0,causal_bypass,causal_bypass
base,Base,unsloth/Llama-3.2-1B-Instruct,text,ground_truth,1529,11,0.125,causal_bypass,causal_bypass
base,Base,unsloth/Llama-3.2-1B-Instruct,text,ground_truth,1529,12,0.375,causal_bypass,causal_bypass
base,Base,unsloth/Llama-3.2-1B-Instruct,text,ground_truth,1529,13,0.625,causal_bypass,causal_bypass
base,Base,unsloth/Llama-3.2-1B-Instruct,text,ground_truth,1529,14,2.250000238418579,causal_bypass,causal_bypass
base,Base,unsloth/Llama-3.2-1B-Instruct,text,ground_truth,1529,15,0.125,causal_bypass,causal_bypass
base,Base,unsloth/Llama-3.2-1B-Instruct,text,model_choice,1529,0,3.34375,causal_bypass,causal_bypass
base,Base,unsloth/Llama-3.2-1B-Instruct,text,model_choice,1529,1,0.375,causal_bypass,causal_bypass
base,Base,unsloth/Llama-3.2-1B-Instruct,text,model_choice,1529,2,0.75,causal_bypass,causal_bypass
base,Base,unsloth/Llama-3.2-1B-Instruct,text,model_choice,1529,3,2.375,causal_bypass,causal_bypass
base,Base,unsloth/Llama-3.2-1B-Instruct,text,model_choice,1529,4,1.8750001192092896,causal_bypass,causal_bypass
base,Base,unsloth/Llama-3.2-1B-Instruct,text,model_choice,1529,5,2.375,causal_bypass,causal_bypass
base,Base,unsloth/Llama-3.2-1B-Instruct,text,model_choice,1529,6,5.5,causal_bypass,causal_bypass
base,Base,unsloth/Llama-3.2-1B-Instruct,text,model_choice,1529,7,1.125,causal_bypass,causal_bypass
base,Base,unsloth/Llama-3.2-1B-Instruct,text,model_choice,1529,8,2.125,causal_bypass,causal_bypass
base,Base,unsloth/Llama-3.2-1B-Instruct,text,model_choice,1529,9,0.625,causal_bypass,causal_bypass
base,Base,unsloth/Llama-3.2-1B-Instruct,text,model_choice,1529,10,0.7500001192092896,causal_bypass,causal_bypass
base,Base,unsloth/Llama-3.2-1B-Instruct,text,model_choice,1529,11,1.1249998807907104,causal_bypass,causal_bypass
base,Base,unsloth/Llama-3.2-1B-Instruct,text,model_choice,1529,12,1.25,causal_bypass,causal_bypass
base,Base,unsloth/Llama-3.2-1B-Instruct,text,model_choice,1529,13,2.375,causal_bypass,causal_bypass
base,Base,unsloth/Llama-3.2-1B-Instruct,text,model_choice,1529,14,3.125000238418579,causal_bypass,causal_bypass
base,Base,unsloth/Llama-3.2-1B-Instruct,text,model_choice,1529,15,0.0,causal_bypass,causal_bypass
base,Base,unsloth/Llama-3.2-1B-Instruct,text,ground_truth,2201,0,3.28125,causal_bypass,causal_bypass
base,Base,unsloth/Llama-3.2-1B-Instruct,text,ground_truth,2201,1,0.25,causal_bypass,causal_bypass
base,Base,unsloth/Llama-3.2-1B-Instruct,text,ground_truth,2201,2,0.75,causal_bypass,causal_bypass
base,Base,unsloth/Llama-3.2-1B-Instruct,text,ground_truth,2201,3,2.0625,causal_bypass,causal_bypass
base,Base,unsloth/Llama-3.2-1B-Instruct,text,ground_truth,2201,4,0.8749998807907104,causal_bypass,causal_bypass
base,Base,unsloth/Llama-3.2-1B-Instruct,text,ground_truth,2201,5,2.0625,causal_bypass,causal_bypass
base,Base,unsloth/Llama-3.2-1B-Instruct,text,ground_truth,2201,6,5.375,causal_bypass,causal_bypass
base,Base,unsloth/Llama-3.2-1B-Instruct,text,ground_truth,2201,7,0.5,causal_bypass,causal_bypass
base,Base,unsloth/Llama-3.2-1B-Instruct,text,ground_truth,2201,8,0.625,causal_bypass,causal_bypass
base,Base,unsloth/Llama-3.2-1B-Instruct,text,ground_truth,2201,9,0.75,causal_bypass,causal_bypass
base,Base,unsloth/Llama-3.2-1B-Instruct,text,ground_truth,2201,10,0.6249998807907104,causal_bypass,causal_bypass
base,Base,unsloth/Llama-3.2-1B-Instruct,text,ground_truth,2201,11,0.25,causal_bypass,causal_bypass
base,Base,unsloth/Llama-3.2-1B-Instruct,text,ground_truth,2201,12,0.7499998807907104,causal_bypass,causal_bypass
base,Base,unsloth/Llama-3.2-1B-Instruct,text,ground_truth,2201,13,0.625,causal_bypass,causal_bypass
base,Base,unsloth/Llama-3.2-1B-Instruct,text,ground_truth,2201,14,1.8749998807907104,causal_bypass,causal_bypass
base,Base,unsloth/Llama-3.2-1B-Instruct,text,ground_truth,2201,15,0.9375,causal_bypass,causal_bypass
base,Base,unsloth/Llama-3.2-1B-Instruct,text,model_choice,2201,0,3.28125,causal_bypass,causal_bypass
base,Base,unsloth/Llama-3.2-1B-Instruct,text,model_choice,2201,1,0.25,causal_bypass,causal_bypass
base,Base,unsloth/Llama-3.2-1B-Instruct,text,model_choice,2201,2,0.75,causal_bypass,causal_bypass
base,Base,unsloth/Llama-3.2-1B-Instruct,text,model_choice,2201,3,2.0625,causal_bypass,causal_bypass
base,Base,unsloth/Llama-3.2-1B-Instruct,text,model_choice,2201,4,0.8749998807907104,causal_bypass,causal_bypass
base,Base,unsloth/Llama-3.2-1B-Instruct,text,model_choice,2201,5,2.0625,causal_bypass,causal_bypass
base,Base,unsloth/Llama-3.2-1B-Instruct,text,model_choice,2201,6,5.375,causal_bypass,causal_bypass
base,Base,unsloth/Llama-3.2-1B-Instruct,text,model_choice,2201,7,0.5,causal_bypass,causal_bypass
base,Base,unsloth/Llama-3.2-1B-Instruct,text,model_choice,2201,8,0.625,causal_bypass,causal_bypass
base,Base,unsloth/Llama-3.2-1B-Instruct,text,model_choice,2201,9,0.75,causal_bypass,causal_bypass
base,Base,unsloth/Llama-3.2-1B-Instruct,text,model_choice,2201,10,0.6249998807907104,causal_bypass,causal_bypass
base,Base,unsloth/Llama-3.2-1B-Instruct,text,model_choice,2201,11,0.25,causal_bypass,causal_bypass
base,Base,unsloth/Llama-3.2-1B-Instruct,text,model_choice,2201,12,0.7499998807907104,causal_bypass,causal_bypass
base,Base,unsloth/Llama-3.2-1B-Instruct,text,model_choice,2201,13,0.625,causal_bypass,causal_bypass
base,Base,unsloth/Llama-3.2-1B-Instruct,text,model_choice,2201,14,1.8749998807907104,causal_bypass,causal_bypass
base,Base,unsloth/Llama-3.2-1B-Instruct,text,model_choice,2201,15,0.9375,causal_bypass,causal_bypass
base,Base,unsloth/Llama-3.2-1B-Instruct,text,ground_truth,2436,0,0.1875,causal_bypass,causal_bypass
base,Base,unsloth/Llama-3.2-1B-Instruct,text,ground_truth,2436,1,0.09375,causal_bypass,causal_bypass
base,Base,unsloth/Llama-3.2-1B-Instruct,text,ground_truth,2436,2,1.312499761581421,causal_bypass,causal_bypass
base,Base,unsloth/Llama-3.2-1B-Instruct,text,ground_truth,2436,3,1.187500238418579,causal_bypass,causal_bypass
base,Base,unsloth/Llama-3.2-1B-Instruct,text,ground_truth,2436,4,1.437500238418579,causal_bypass,causal_bypass
base,Base,unsloth/Llama-3.2-1B-Instruct,text,ground_truth,2436,5,1.625,causal_bypass,causal_bypass
base,Base,unsloth/Llama-3.2-1B-Instruct,text,ground_truth,2436,6,0.0,causal_bypass,causal_bypass
base,Base,unsloth/Llama-3.2-1B-Instruct,text,ground_truth,2436,7,1.0625,causal_bypass,causal_bypass
base,Base,unsloth/Llama-3.2-1B-Instruct,text,ground_truth,2436,8,1.75,causal_bypass,causal_bypass
base,Base,unsloth/Llama-3.2-1B-Instruct,text,ground_truth,2436,9,1.5,causal_bypass,causal_bypass
base,Base,unsloth/Llama-3.2-1B-Instruct,text,ground_truth,2436,10,1.0,causal_bypass,causal_bypass
base,Base,unsloth/Llama-3.2-1B-Instruct,text,ground_truth,2436,11,1.1875,causal_bypass,causal_bypass
base,Base,unsloth/Llama-3.2-1B-Instruct,text,ground_truth,2436,12,0.125,causal_bypass,causal_bypass
base,Base,unsloth/Llama-3.2-1B-Instruct,text,ground_truth,2436,13,2.25,causal_bypass,causal_bypass
base,Base,unsloth/Llama-3.2-1B-Instruct,text,ground_truth,2436,14,4.0,causal_bypass,causal_bypass
base,Base,unsloth/Llama-3.2-1B-Instruct,text,ground_truth,2436,15,0.9375,causal_bypass,causal_bypass
base,Base,unsloth/Llama-3.2-1B-Instruct,text,model_choice,2436,0,0.75,causal_bypass,causal_bypass
base,Base,unsloth/Llama-3.2-1B-Instruct,text,model_choice,2436,1,2.0625,causal_bypass,causal_bypass
base,Base,unsloth/Llama-3.2-1B-Instruct,text,model_choice,2436,2,0.8125,causal_bypass,causal_bypass
base,Base,unsloth/Llama-3.2-1B-Instruct,text,model_choice,2436,3,0.5,causal_bypass,causal_bypass
base,Base,unsloth/Llama-3.2-1B-Instruct,text,model_choice,2436,4,1.750000238418579,causal_bypass,causal_bypass
base,Base,unsloth/Llama-3.2-1B-Instruct,text,model_choice,2436,5,1.25,causal_bypass,causal_bypass
base,Base,unsloth/Llama-3.2-1B-Instruct,text,model_choice,2436,6,0.0,causal_bypass,causal_bypass
base,Base,unsloth/Llama-3.2-1B-Instruct,text,model_choice,2436,7,0.6875,causal_bypass,causal_bypass
base,Base,unsloth/Llama-3.2-1B-Instruct,text,model_choice,2436,8,1.25,causal_bypass,causal_bypass
base,Base,unsloth/Llama-3.2-1B-Instruct,text,model_choice,2436,9,2.5,causal_bypass,causal_bypass
base,Base,unsloth/Llama-3.2-1B-Instruct,text,model_choice,2436,10,0.125,causal_bypass,causal_bypass
base,Base,unsloth/Llama-3.2-1B-Instruct,text,model_choice,2436,11,1.75,causal_bypass,causal_bypass
base,Base,unsloth/Llama-3.2-1B-Instruct,text,model_choice,2436,12,0.625,causal_bypass,causal_bypass
base,Base,unsloth/Llama-3.2-1B-Instruct,text,model_choice,2436,13,1.0,causal_bypass,causal_bypass
base,Base,unsloth/Llama-3.2-1B-Instruct,text,model_choice,2436,14,4.375,causal_bypass,causal_bypass
base,Base,unsloth/Llama-3.2-1B-Instruct,text,model_choice,2436,15,0.5625001192092896,causal_bypass,causal_bypass
base,Base,unsloth/Llama-3.2-1B-Instruct,text,ground_truth,2486,0,1.2499998807907104,causal_bypass,causal_bypass
base,Base,unsloth/Llama-3.2-1B-Instruct,text,ground_truth,2486,1,0.9375001192092896,causal_bypass,causal_bypass
base,Base,unsloth/Llama-3.2-1B-Instruct,text,ground_truth,2486,2,0.5000001192092896,causal_bypass,causal_bypass
base,Base,unsloth/Llama-3.2-1B-Instruct,text,ground_truth,2486,3,1.6875001192092896,causal_bypass,causal_bypass
base,Base,unsloth/Llama-3.2-1B-Instruct,text,ground_truth,2486,4,0.6249998807907104,causal_bypass,causal_bypass
base,Base,unsloth/Llama-3.2-1B-Instruct,text,ground_truth,2486,5,1.0000001192092896,causal_bypass,causal_bypass
base,Base,unsloth/Llama-3.2-1B-Instruct,text,ground_truth,2486,6,5.4375001192092896,causal_bypass,causal_bypass
base,Base,unsloth/Llama-3.2-1B-Instruct,text,ground_truth,2486,7,0.25000011920928955,causal_bypass,causal_bypass
base,Base,unsloth/Llama-3.2-1B-Instruct,text,ground_truth,2486,8,1.0000001192092896,causal_bypass,causal_bypass
base,Base,unsloth/Llama-3.2-1B-Instruct,text,ground_truth,2486,9,0.8124998807907104,causal_bypass,causal_bypass
base,Base,unsloth/Llama-3.2-1B-Instruct,text,ground_truth,2486,10,1.5625001192092896,causal_bypass,causal_bypass
base,Base,unsloth/Llama-3.2-1B-Instruct,text,ground_truth,2486,11,0.5624998807907104,causal_bypass,causal_bypass
base,Base,unsloth/Llama-3.2-1B-Instruct,text,ground_truth,2486,12,0.6250001192092896,causal_bypass,causal_bypass
base,Base,unsloth/Llama-3.2-1B-Instruct,text,ground_truth,2486,13,0.24999988079071045,causal_bypass,causal_bypass
base,Base,unsloth/Llama-3.2-1B-Instruct,text,ground_truth,2486,14,2.6249998807907104,causal_bypass,causal_bypass
base,Base,unsloth/Llama-3.2-1B-Instruct,text,ground_truth,2486,15,0.9375001192092896,causal_bypass,causal_bypass
base,Base,unsloth/Llama-3.2-1B-Instruct,text,model_choice,2486,0,4.312499403953552,causal_bypass,causal_bypass
base,Base,unsloth/Llama-3.2-1B-Instruct,text,model_choice,2486,1,2.5937501192092896,causal_bypass,causal_bypass
base,Base,unsloth/Llama-3.2-1B-Instruct,text,model_choice,2486,2,0.12500011920928955,causal_bypass,causal_bypass
base,Base,unsloth/Llama-3.2-1B-Instruct,text,model_choice,2486,3,3.3750001192092896,causal_bypass,causal_bypass
base,Base,unsloth/Llama-3.2-1B-Instruct,text,model_choice,2486,4,1.2500001192092896,causal_bypass,causal_bypass
base,Base,unsloth/Llama-3.2-1B-Instruct,text,model_choice,2486,5,3.1875001192092896,causal_bypass,causal_bypass
base,Base,unsloth/Llama-3.2-1B-Instruct,text,model_choice,2486,6,5.6250001192092896,causal_bypass,causal_bypass
base,Base,unsloth/Llama-3.2-1B-Instruct,text,model_choice,2486,7,1.5000001192092896,causal_bypass,causal_bypass
base,Base,unsloth/Llama-3.2-1B-Instruct,text,model_choice,2486,8,3.0625001192092896,causal_bypass,causal_bypass
base,Base,unsloth/Llama-3.2-1B-Instruct,text,model_choice,2486,9,2.1250001192092896,causal_bypass,causal_bypass
base,Base,unsloth/Llama-3.2-1B-Instruct,text,model_choice,2486,10,0.375,causal_bypass,causal_bypass
base,Base,unsloth/Llama-3.2-1B-Instruct,text,model_choice,2486,11,0.37499988079071045,causal_bypass,causal_bypass
base,Base,unsloth/Llama-3.2-1B-Instruct,text,model_choice,2486,12,1.2500001192092896,causal_bypass,causal_bypass
base,Base,unsloth/Llama-3.2-1B-Instruct,text,model_choice,2486,13,2.0000001192092896,causal_bypass,causal_bypass
base,Base,unsloth/Llama-3.2-1B-Instruct,text,model_choice,2486,14,3.2499998807907104,causal_bypass,causal_bypass
base,Base,unsloth/Llama-3.2-1B-Instruct,text,model_choice,2486,15,0.7500001192092896,causal_bypass,causal_bypass
base,Base,unsloth/Llama-3.2-1B-Instruct,text,ground_truth,2557,0,2.6875,causal_bypass,causal_bypass
base,Base,unsloth/Llama-3.2-1B-Instruct,text,ground_truth,2557,1,0.875,causal_bypass,causal_bypass
base,Base,unsloth/Llama-3.2-1B-Instruct,text,ground_truth,2557,2,0.25,causal_bypass,causal_bypass
base,Base,unsloth/Llama-3.2-1B-Instruct,text,ground_truth,2557,3,1.5625,causal_bypass,causal_bypass
base,Base,unsloth/Llama-3.2-1B-Instruct,text,ground_truth,2557,4,3.75,causal_bypass,causal_bypass
base,Base,unsloth/Llama-3.2-1B-Instruct,text,ground_truth,2557,5,2.375,causal_bypass,causal_bypass
base,Base,unsloth/Llama-3.2-1B-Instruct,text,ground_truth,2557,6,5.125,causal_bypass,causal_bypass
base,Base,unsloth/Llama-3.2-1B-Instruct,text,ground_truth,2557,7,1.0,causal_bypass,causal_bypass
base,Base,unsloth/Llama-3.2-1B-Instruct,text,ground_truth,2557,8,1.5,causal_bypass,causal_bypass
base,Base,unsloth/Llama-3.2-1B-Instruct,text,ground_truth,2557,9,2.062499761581421,causal_bypass,causal_bypass
base,Base,unsloth/Llama-3.2-1B-Instruct,text,ground_truth,2557,10,0.125,causal_bypass,causal_bypass
base,Base,unsloth/Llama-3.2-1B-Instruct,text,ground_truth,2557,11,0.49999988079071045,causal_bypass,causal_bypass
base,Base,unsloth/Llama-3.2-1B-Instruct,text,ground_truth,2557,12,1.125,causal_bypass,causal_bypass
base,Base,unsloth/Llama-3.2-1B-Instruct,text,ground_truth,2557,13,2.375,causal_bypass,causal_bypass
base,Base,unsloth/Llama-3.2-1B-Instruct,text,ground_truth,2557,14,3.625,causal_bypass,causal_bypass
base,Base,unsloth/Llama-3.2-1B-Instruct,text,ground_truth,2557,15,0.875,causal_bypass,causal_bypass
base,Base,unsloth/Llama-3.2-1B-Instruct,text,model_choice,2557,0,2.6875,causal_bypass,causal_bypass
base,Base,unsloth/Llama-3.2-1B-Instruct,text,model_choice,2557,1,0.875,causal_bypass,causal_bypass
base,Base,unsloth/Llama-3.2-1B-Instruct,text,model_choice,2557,2,0.25,causal_bypass,causal_bypass
base,Base,unsloth/Llama-3.2-1B-Instruct,text,model_choice,2557,3,1.5625,causal_bypass,causal_bypass
base,Base,unsloth/Llama-3.2-1B-Instruct,text,model_choice,2557,4,3.75,causal_bypass,causal_bypass
base,Base,unsloth/Llama-3.2-1B-Instruct,text,model_choice,2557,5,2.375,causal_bypass,causal_bypass
base,Base,unsloth/Llama-3.2-1B-Instruct,text,model_choice,2557,6,5.125,causal_bypass,causal_bypass
base,Base,unsloth/Llama-3.2-1B-Instruct,text,model_choice,2557,7,1.0,causal_bypass,causal_bypass
base,Base,unsloth/Llama-3.2-1B-Instruct,text,model_choice,2557,8,1.5,causal_bypass,causal_bypass
base,Base,unsloth/Llama-3.2-1B-Instruct,text,model_choice,2557,9,2.062499761581421,causal_bypass,causal_bypass
base,Base,unsloth/Llama-3.2-1B-Instruct,text,model_choice,2557,10,0.125,causal_bypass,causal_bypass
base,Base,unsloth/Llama-3.2-1B-Instruct,text,model_choice,2557,11,0.49999988079071045,causal_bypass,causal_bypass
base,Base,unsloth/Llama-3.2-1B-Instruct,text,model_choice,2557,12,1.125,causal_bypass,causal_bypass
base,Base,unsloth/Llama-3.2-1B-Instruct,text,model_choice,2557,13,2.375,causal_bypass,causal_bypass
base,Base,unsloth/Llama-3.2-1B-Instruct,text,model_choice,2557,14,3.625,causal_bypass,causal_bypass
base,Base,unsloth/Llama-3.2-1B-Instruct,text,model_choice,2557,15,0.875,causal_bypass,causal_bypass
base,Base,unsloth/Llama-3.2-1B-Instruct,text,ground_truth,3172,0,0.7500001192092896,causal_bypass,causal_bypass
base,Base,unsloth/Llama-3.2-1B-Instruct,text,ground_truth,3172,1,0.9999998807907104,causal_bypass,causal_bypass
base,Base,unsloth/Llama-3.2-1B-Instruct,text,ground_truth,3172,2,0.12500011920928955,causal_bypass,causal_bypass
base,Base,unsloth/Llama-3.2-1B-Instruct,text,ground_truth,3172,3,1.1920928955078125e-07,causal_bypass,causal_bypass
base,Base,unsloth/Llama-3.2-1B-Instruct,text,ground_truth,3172,4,0.5000001192092896,causal_bypass,causal_bypass
base,Base,unsloth/Llama-3.2-1B-Instruct,text,ground_truth,3172,5,0.37499988079071045,causal_bypass,causal_bypass
base,Base,unsloth/Llama-3.2-1B-Instruct,text,ground_truth,3172,6,4.2499998807907104,causal_bypass,causal_bypass
base,Base,unsloth/Llama-3.2-1B-Instruct,text,ground_truth,3172,7,0.7500001192092896,causal_bypass,causal_bypass
base,Base,unsloth/Llama-3.2-1B-Instruct,text,ground_truth,3172,8,0.12500011920928955,causal_bypass,causal_bypass
base,Base,unsloth/Llama-3.2-1B-Instruct,text,ground_truth,3172,9,1.875000238418579,causal_bypass,causal_bypass
base,Base,unsloth/Llama-3.2-1B-Instruct,text,ground_truth,3172,10,1.25,causal_bypass,causal_bypass
base,Base,unsloth/Llama-3.2-1B-Instruct,text,ground_truth,3172,11,0.8750001192092896,causal_bypass,causal_bypass
base,Base,unsloth/Llama-3.2-1B-Instruct,text,ground_truth,3172,12,0.375,causal_bypass,causal_bypass
base,Base,unsloth/Llama-3.2-1B-Instruct,text,ground_truth,3172,13,0.25000011920928955,causal_bypass,causal_bypass
base,Base,unsloth/Llama-3.2-1B-Instruct,text,ground_truth,3172,14,1.4999996423721313,causal_bypass,causal_bypass
base,Base,unsloth/Llama-3.2-1B-Instruct,text,ground_truth,3172,15,1.4374998807907104,causal_bypass,causal_bypass
base,Base,unsloth/Llama-3.2-1B-Instruct,text,model_choice,3172,0,3.7812496423721313,causal_bypass,causal_bypass
base,Base,unsloth/Llama-3.2-1B-Instruct,text,model_choice,3172,1,2.0000001192092896,causal_bypass,causal_bypass
base,Base,unsloth/Llama-3.2-1B-Instruct,text,model_choice,3172,2,0.24999988079071045,causal_bypass,causal_bypass
base,Base,unsloth/Llama-3.2-1B-Instruct,text,model_choice,3172,3,1.3124998807907104,causal_bypass,causal_bypass
base,Base,unsloth/Llama-3.2-1B-Instruct,text,model_choice,3172,4,1.7499998807907104,causal_bypass,causal_bypass
base,Base,unsloth/Llama-3.2-1B-Instruct,text,model_choice,3172,5,2.1874998807907104,causal_bypass,causal_bypass
base,Base,unsloth/Llama-3.2-1B-Instruct,text,model_choice,3172,6,4.9999998807907104,causal_bypass,causal_bypass
base,Base,unsloth/Llama-3.2-1B-Instruct,text,model_choice,3172,7,0.9374998807907104,causal_bypass,causal_bypass
base,Base,unsloth/Llama-3.2-1B-Instruct,text,model_choice,3172,8,1.4999998807907104,causal_bypass,causal_bypass
base,Base,unsloth/Llama-3.2-1B-Instruct,text,model_choice,3172,9,1.7499998807907104,causal_bypass,causal_bypass
base,Base,unsloth/Llama-3.2-1B-Instruct,text,model_choice,3172,10,0.375,causal_bypass,causal_bypass
base,Base,unsloth/Llama-3.2-1B-Instruct,text,model_choice,3172,11,0.37500011920928955,causal_bypass,causal_bypass
base,Base,unsloth/Llama-3.2-1B-Instruct,text,model_choice,3172,12,1.125,causal_bypass,causal_bypass
base,Base,unsloth/Llama-3.2-1B-Instruct,text,model_choice,3172,13,2.3750001192092896,causal_bypass,causal_bypass
base,Base,unsloth/Llama-3.2-1B-Instruct,text,model_choice,3172,14,3.1874996423721313,causal_bypass,causal_bypass
base,Base,unsloth/Llama-3.2-1B-Instruct,text,model_choice,3172,15,1.749999761581421,causal_bypass,causal_bypass
base,Base,unsloth/Llama-3.2-1B-Instruct,text,ground_truth,3676,0,1.0,causal_bypass,causal_bypass
base,Base,unsloth/Llama-3.2-1B-Instruct,text,ground_truth,3676,1,1.375,causal_bypass,causal_bypass
base,Base,unsloth/Llama-3.2-1B-Instruct,text,ground_truth,3676,2,0.3125,causal_bypass,causal_bypass
base,Base,unsloth/Llama-3.2-1B-Instruct,text,ground_truth,3676,3,1.1875,causal_bypass,causal_bypass
base,Base,unsloth/Llama-3.2-1B-Instruct,text,ground_truth,3676,4,0.75,causal_bypass,causal_bypass
base,Base,unsloth/Llama-3.2-1B-Instruct,text,ground_truth,3676,5,1.1875,causal_bypass,causal_bypass
base,Base,unsloth/Llama-3.2-1B-Instruct,text,ground_truth,3676,6,5.125,causal_bypass,causal_bypass
base,Base,unsloth/Llama-3.2-1B-Instruct,text,ground_truth,3676,7,0.5625,causal_bypass,causal_bypass
base,Base,unsloth/Llama-3.2-1B-Instruct,text,ground_truth,3676,8,0.375,causal_bypass,causal_bypass
base,Base,unsloth/Llama-3.2-1B-Instruct,text,ground_truth,3676,9,0.3125,causal_bypass,causal_bypass
base,Base,unsloth/Llama-3.2-1B-Instruct,text,ground_truth,3676,10,2.312499761581421,causal_bypass,causal_bypass
base,Base,unsloth/Llama-3.2-1B-Instruct,text,ground_truth,3676,11,0.375,causal_bypass,causal_bypass
base,Base,unsloth/Llama-3.2-1B-Instruct,text,ground_truth,3676,12,0.375,causal_bypass,causal_bypass
base,Base,unsloth/Llama-3.2-1B-Instruct,text,ground_truth,3676,13,1.375,causal_bypass,causal_bypass
base,Base,unsloth/Llama-3.2-1B-Instruct,text,ground_truth,3676,14,2.812500238418579,causal_bypass,causal_bypass
base,Base,unsloth/Llama-3.2-1B-Instruct,text,ground_truth,3676,15,0.75,causal_bypass,causal_bypass
base,Base,unsloth/Llama-3.2-1B-Instruct,text,model_choice,3676,0,2.0625,causal_bypass,causal_bypass
base,Base,unsloth/Llama-3.2-1B-Instruct,text,model_choice,3676,1,1.75,causal_bypass,causal_bypass
base,Base,unsloth/Llama-3.2-1B-Instruct,text,model_choice,3676,2,0.5,causal_bypass,causal_bypass
base,Base,unsloth/Llama-3.2-1B-Instruct,text,model_choice,3676,3,2.0,causal_bypass,causal_bypass
base,Base,unsloth/Llama-3.2-1B-Instruct,text,model_choice,3676,4,2.625,causal_bypass,causal_bypass
base,Base,unsloth/Llama-3.2-1B-Instruct,text,model_choice,3676,5,2.6875,causal_bypass,causal_bypass
base,Base,unsloth/Llama-3.2-1B-Instruct,text,model_choice,3676,6,5.0,causal_bypass,causal_bypass
base,Base,unsloth/Llama-3.2-1B-Instruct,text,model_choice,3676,7,0.5,causal_bypass,causal_bypass
base,Base,unsloth/Llama-3.2-1B-Instruct,text,model_choice,3676,8,2.249999761581421,causal_bypass,causal_bypass
base,Base,unsloth/Llama-3.2-1B-Instruct,text,model_choice,3676,9,2.562499761581421,causal_bypass,causal_bypass
base,Base,unsloth/Llama-3.2-1B-Instruct,text,model_choice,3676,10,1.0,causal_bypass,causal_bypass
base,Base,unsloth/Llama-3.2-1B-Instruct,text,model_choice,3676,11,0.625,causal_bypass,causal_bypass
base,Base,unsloth/Llama-3.2-1B-Instruct,text,model_choice,3676,12,1.0,causal_bypass,causal_bypass
base,Base,unsloth/Llama-3.2-1B-Instruct,text,model_choice,3676,13,0.625,causal_bypass,causal_bypass
base,Base,unsloth/Llama-3.2-1B-Instruct,text,model_choice,3676,14,2.000000238418579,causal_bypass,causal_bypass
base,Base,unsloth/Llama-3.2-1B-Instruct,text,model_choice,3676,15,1.0,causal_bypass,causal_bypass
base,Base,unsloth/Llama-3.2-1B-Instruct,text,ground_truth,4080,0,1.7187501192092896,causal_bypass,causal_bypass
base,Base,unsloth/Llama-3.2-1B-Instruct,text,ground_truth,4080,1,0.6874998807907104,causal_bypass,causal_bypass
base,Base,unsloth/Llama-3.2-1B-Instruct,text,ground_truth,4080,2,1.1874998807907104,causal_bypass,causal_bypass
base,Base,unsloth/Llama-3.2-1B-Instruct,text,ground_truth,4080,3,1.0624998807907104,causal_bypass,causal_bypass
base,Base,unsloth/Llama-3.2-1B-Instruct,text,ground_truth,4080,4,0.1250002384185791,causal_bypass,causal_bypass
base,Base,unsloth/Llama-3.2-1B-Instruct,text,ground_truth,4080,5,0.625,causal_bypass,causal_bypass
base,Base,unsloth/Llama-3.2-1B-Instruct,text,ground_truth,4080,6,5.3124998807907104,causal_bypass,causal_bypass
base,Base,unsloth/Llama-3.2-1B-Instruct,text,ground_truth,4080,7,1.1920928955078125e-07,causal_bypass,causal_bypass
base,Base,unsloth/Llama-3.2-1B-Instruct,text,ground_truth,4080,8,0.25000011920928955,causal_bypass,causal_bypass
base,Base,unsloth/Llama-3.2-1B-Instruct,text,ground_truth,4080,9,0.43750011920928955,causal_bypass,causal_bypass
base,Base,unsloth/Llama-3.2-1B-Instruct,text,ground_truth,4080,10,1.6874996423721313,causal_bypass,causal_bypass
base,Base,unsloth/Llama-3.2-1B-Instruct,text,ground_truth,4080,11,0.6250001192092896,causal_bypass,causal_bypass
base,Base,unsloth/Llama-3.2-1B-Instruct,text,ground_truth,4080,12,0.49999988079071045,causal_bypass,causal_bypass
base,Base,unsloth/Llama-3.2-1B-Instruct,text,ground_truth,4080,13,1.0000001192092896,causal_bypass,causal_bypass
base,Base,unsloth/Llama-3.2-1B-Instruct,text,ground_truth,4080,14,2.0000001192092896,causal_bypass,causal_bypass
base,Base,unsloth/Llama-3.2-1B-Instruct,text,ground_truth,4080,15,0.6874998807907104,causal_bypass,causal_bypass
base,Base,unsloth/Llama-3.2-1B-Instruct,text,model_choice,4080,0,4.0312501192092896,causal_bypass,causal_bypass
base,Base,unsloth/Llama-3.2-1B-Instruct,text,model_choice,4080,1,0.37499988079071045,causal_bypass,causal_bypass
base,Base,unsloth/Llama-3.2-1B-Instruct,text,model_choice,4080,2,0.7499998807907104,causal_bypass,causal_bypass
base,Base,unsloth/Llama-3.2-1B-Instruct,text,model_choice,4080,3,2.7499998807907104,causal_bypass,causal_bypass
base,Base,unsloth/Llama-3.2-1B-Instruct,text,model_choice,4080,4,1.9374998807907104,causal_bypass,causal_bypass
base,Base,unsloth/Llama-3.2-1B-Instruct,text,model_choice,4080,5,2.3124998807907104,causal_bypass,causal_bypass
base,Base,unsloth/Llama-3.2-1B-Instruct,text,model_choice,4080,6,4.4999998807907104,causal_bypass,causal_bypass
base,Base,unsloth/Llama-3.2-1B-Instruct,text,model_choice,4080,7,1.1249998807907104,causal_bypass,causal_bypass
base,Base,unsloth/Llama-3.2-1B-Instruct,text,model_choice,4080,8,1.1249998807907104,causal_bypass,causal_bypass
base,Base,unsloth/Llama-3.2-1B-Instruct,text,model_choice,4080,9,0.9999998807907104,causal_bypass,causal_bypass
base,Base,unsloth/Llama-3.2-1B-Instruct,text,model_choice,4080,10,0.6249998807907104,causal_bypass,causal_bypass
base,Base,unsloth/Llama-3.2-1B-Instruct,text,model_choice,4080,11,0.5000001192092896,causal_bypass,causal_bypass
base,Base,unsloth/Llama-3.2-1B-Instruct,text,model_choice,4080,12,0.7499998807907104,causal_bypass,causal_bypass
base,Base,unsloth/Llama-3.2-1B-Instruct,text,model_choice,4080,13,3.4374996423721313,causal_bypass,causal_bypass
base,Base,unsloth/Llama-3.2-1B-Instruct,text,model_choice,4080,14,4.1249998807907104,causal_bypass,causal_bypass
base,Base,unsloth/Llama-3.2-1B-Instruct,text,model_choice,4080,15,1.1874998807907104,causal_bypass,causal_bypass
base,Base,unsloth/Llama-3.2-1B-Instruct,text,ground_truth,4500,0,0.37500011920928955,causal_bypass,causal_bypass
base,Base,unsloth/Llama-3.2-1B-Instruct,text,ground_truth,4500,1,4.7187498807907104,causal_bypass,causal_bypass
base,Base,unsloth/Llama-3.2-1B-Instruct,text,ground_truth,4500,2,0.25000011920928955,causal_bypass,causal_bypass
base,Base,unsloth/Llama-3.2-1B-Instruct,text,ground_truth,4500,3,0.31249988079071045,causal_bypass,causal_bypass
base,Base,unsloth/Llama-3.2-1B-Instruct,text,ground_truth,4500,4,0.8749998807907104,causal_bypass,causal_bypass
base,Base,unsloth/Llama-3.2-1B-Instruct,text,ground_truth,4500,5,2.1249998807907104,causal_bypass,causal_bypass
base,Base,unsloth/Llama-3.2-1B-Instruct,text,ground_truth,4500,6,1.7499998807907104,causal_bypass,causal_bypass
base,Base,unsloth/Llama-3.2-1B-Instruct,text,ground_truth,4500,7,0.9999998807907104,causal_bypass,causal_bypass
base,Base,unsloth/Llama-3.2-1B-Instruct,text,ground_truth,4500,8,2.4999998807907104,causal_bypass,causal_bypass
base,Base,unsloth/Llama-3.2-1B-Instruct,text,ground_truth,4500,9,2.9999996423721313,causal_bypass,causal_bypass
base,Base,unsloth/Llama-3.2-1B-Instruct,text,ground_truth,4500,10,0.8749998807907104,causal_bypass,causal_bypass
base,Base,unsloth/Llama-3.2-1B-Instruct,text,ground_truth,4500,11,2.8750001192092896,causal_bypass,causal_bypass
base,Base,unsloth/Llama-3.2-1B-Instruct,text,ground_truth,4500,12,0.7499998807907104,causal_bypass,causal_bypass
base,Base,unsloth/Llama-3.2-1B-Instruct,text,ground_truth,4500,13,1.9999998807907104,causal_bypass,causal_bypass
base,Base,unsloth/Llama-3.2-1B-Instruct,text,ground_truth,4500,14,1.8750001192092896,causal_bypass,causal_bypass
base,Base,unsloth/Llama-3.2-1B-Instruct,text,ground_truth,4500,15,0.43749988079071045,causal_bypass,causal_bypass
base,Base,unsloth/Llama-3.2-1B-Instruct,text,model_choice,4500,0,3.625,causal_bypass,causal_bypass
base,Base,unsloth/Llama-3.2-1B-Instruct,text,model_choice,4500,1,3.78125,causal_bypass,causal_bypass
base,Base,unsloth/Llama-3.2-1B-Instruct,text,model_choice,4500,2,0.0,causal_bypass,causal_bypass
base,Base,unsloth/Llama-3.2-1B-Instruct,text,model_choice,4500,3,2.562499761581421,causal_bypass,causal_bypass
base,Base,unsloth/Llama-3.2-1B-Instruct,text,model_choice,4500,4,1.375,causal_bypass,causal_bypass
base,Base,unsloth/Llama-3.2-1B-Instruct,text,model_choice,4500,5,2.5,causal_bypass,causal_bypass
base,Base,unsloth/Llama-3.2-1B-Instruct,text,model_choice,4500,6,4.75,causal_bypass,causal_bypass
base,Base,unsloth/Llama-3.2-1B-Instruct,text,model_choice,4500,7,0.625,causal_bypass,causal_bypass
base,Base,unsloth/Llama-3.2-1B-Instruct,text,model_choice,4500,8,1.625,causal_bypass,causal_bypass
base,Base,unsloth/Llama-3.2-1B-Instruct,text,model_choice,4500,9,2.499999761581421,causal_bypass,causal_bypass
base,Base,unsloth/Llama-3.2-1B-Instruct,text,model_choice,4500,10,0.25,causal_bypass,causal_bypass
base,Base,unsloth/Llama-3.2-1B-Instruct,text,model_choice,4500,11,0.6249998807907104,causal_bypass,causal_bypass
base,Base,unsloth/Llama-3.2-1B-Instruct,text,model_choice,4500,12,0.875,causal_bypass,causal_bypass
base,Base,unsloth/Llama-3.2-1B-Instruct,text,model_choice,4500,13,2.0,causal_bypass,causal_bypass
base,Base,unsloth/Llama-3.2-1B-Instruct,text,model_choice,4500,14,2.125000238418579,causal_bypass,causal_bypass
base,Base,unsloth/Llama-3.2-1B-Instruct,text,model_choice,4500,15,0.0625,causal_bypass,causal_bypass
base,Base,unsloth/Llama-3.2-1B-Instruct,text,ground_truth,4660,0,0.8125,causal_bypass,causal_bypass
base,Base,unsloth/Llama-3.2-1B-Instruct,text,ground_truth,4660,1,1.4375,causal_bypass,causal_bypass
base,Base,unsloth/Llama-3.2-1B-Instruct,text,ground_truth,4660,2,0.25,causal_bypass,causal_bypass
base,Base,unsloth/Llama-3.2-1B-Instruct,text,ground_truth,4660,3,0.25,causal_bypass,causal_bypass
base,Base,unsloth/Llama-3.2-1B-Instruct,text,ground_truth,4660,4,1.75,causal_bypass,causal_bypass
base,Base,unsloth/Llama-3.2-1B-Instruct,text,ground_truth,4660,5,1.4375,causal_bypass,causal_bypass
base,Base,unsloth/Llama-3.2-1B-Instruct,text,ground_truth,4660,6,0.875,causal_bypass,causal_bypass
base,Base,unsloth/Llama-3.2-1B-Instruct,text,ground_truth,4660,7,1.375,causal_bypass,causal_bypass
base,Base,unsloth/Llama-3.2-1B-Instruct,text,ground_truth,4660,8,2.374999761581421,causal_bypass,causal_bypass
base,Base,unsloth/Llama-3.2-1B-Instruct,text,ground_truth,4660,9,2.374999761581421,causal_bypass,causal_bypass
base,Base,unsloth/Llama-3.2-1B-Instruct,text,ground_truth,4660,10,0.12499988079071045,causal_bypass,causal_bypass
base,Base,unsloth/Llama-3.2-1B-Instruct,text,ground_truth,4660,11,0.7499998807907104,causal_bypass,causal_bypass
base,Base,unsloth/Llama-3.2-1B-Instruct,text,ground_truth,4660,12,0.5,causal_bypass,causal_bypass
base,Base,unsloth/Llama-3.2-1B-Instruct,text,ground_truth,4660,13,1.125,causal_bypass,causal_bypass
base,Base,unsloth/Llama-3.2-1B-Instruct,text,ground_truth,4660,14,2.125,causal_bypass,causal_bypass
base,Base,unsloth/Llama-3.2-1B-Instruct,text,ground_truth,4660,15,0.9375,causal_bypass,causal_bypass
base,Base,unsloth/Llama-3.2-1B-Instruct,text,model_choice,4660,0,4.187500476837158,causal_bypass,causal_bypass
base,Base,unsloth/Llama-3.2-1B-Instruct,text,model_choice,4660,1,0.4375,causal_bypass,causal_bypass
base,Base,unsloth/Llama-3.2-1B-Instruct,text,model_choice,4660,2,0.125,causal_bypass,causal_bypass
base,Base,unsloth/Llama-3.2-1B-Instruct,text,model_choice,4660,3,1.4375,causal_bypass,causal_bypass
base,Base,unsloth/Llama-3.2-1B-Instruct,text,model_choice,4660,4,1.375,causal_bypass,causal_bypass
base,Base,unsloth/Llama-3.2-1B-Instruct,text,model_choice,4660,5,2.6875,causal_bypass,causal_bypass
base,Base,unsloth/Llama-3.2-1B-Instruct,text,model_choice,4660,6,5.5,causal_bypass,causal_bypass
base,Base,unsloth/Llama-3.2-1B-Instruct,text,model_choice,4660,7,1.125,causal_bypass,causal_bypass
base,Base,unsloth/Llama-3.2-1B-Instruct,text,model_choice,4660,8,1.749999761581421,causal_bypass,causal_bypass
base,Base,unsloth/Llama-3.2-1B-Instruct,text,model_choice,4660,9,2.187499761581421,causal_bypass,causal_bypass
base,Base,unsloth/Llama-3.2-1B-Instruct,text,model_choice,4660,10,0.25,causal_bypass,causal_bypass
base,Base,unsloth/Llama-3.2-1B-Instruct,text,model_choice,4660,11,0.6249998807907104,causal_bypass,causal_bypass
base,Base,unsloth/Llama-3.2-1B-Instruct,text,model_choice,4660,12,1.1249998807907104,causal_bypass,causal_bypass
base,Base,unsloth/Llama-3.2-1B-Instruct,text,model_choice,4660,13,0.125,causal_bypass,causal_bypass
base,Base,unsloth/Llama-3.2-1B-Instruct,text,model_choice,4660,14,4.125,causal_bypass,causal_bypass
base,Base,unsloth/Llama-3.2-1B-Instruct,text,model_choice,4660,15,0.5625,causal_bypass,causal_bypass
base,Base,unsloth/Llama-3.2-1B-Instruct,text,ground_truth,4722,0,3.6562496423721313,causal_bypass,causal_bypass
base,Base,unsloth/Llama-3.2-1B-Instruct,text,ground_truth,4722,1,1.3124998807907104,causal_bypass,causal_bypass
base,Base,unsloth/Llama-3.2-1B-Instruct,text,ground_truth,4722,2,0.6874998807907104,causal_bypass,causal_bypass
base,Base,unsloth/Llama-3.2-1B-Instruct,text,ground_truth,4722,3,0.6249997615814209,causal_bypass,causal_bypass
base,Base,unsloth/Llama-3.2-1B-Instruct,text,ground_truth,4722,4,0.0,causal_bypass,causal_bypass
base,Base,unsloth/Llama-3.2-1B-Instruct,text,ground_truth,4722,5,1.5624998807907104,causal_bypass,causal_bypass
base,Base,unsloth/Llama-3.2-1B-Instruct,text,ground_truth,4722,6,4.8749998807907104,causal_bypass,causal_bypass
base,Base,unsloth/Llama-3.2-1B-Instruct,text,ground_truth,4722,7,1.0000001192092896,causal_bypass,causal_bypass
base,Base,unsloth/Llama-3.2-1B-Instruct,text,ground_truth,4722,8,0.5000001192092896,causal_bypass,causal_bypass
base,Base,unsloth/Llama-3.2-1B-Instruct,text,ground_truth,4722,9,0.49999988079071045,causal_bypass,causal_bypass
base,Base,unsloth/Llama-3.2-1B-Instruct,text,ground_truth,4722,10,0.375,causal_bypass,causal_bypass
base,Base,unsloth/Llama-3.2-1B-Instruct,text,ground_truth,4722,11,0.5624998807907104,causal_bypass,causal_bypass
base,Base,unsloth/Llama-3.2-1B-Instruct,text,ground_truth,4722,12,0.24999988079071045,causal_bypass,causal_bypass
base,Base,unsloth/Llama-3.2-1B-Instruct,text,ground_truth,4722,13,0.6250001192092896,causal_bypass,causal_bypass
base,Base,unsloth/Llama-3.2-1B-Instruct,text,ground_truth,4722,14,1.1249998807907104,causal_bypass,causal_bypass
base,Base,unsloth/Llama-3.2-1B-Instruct,text,ground_truth,4722,15,0.75,causal_bypass,causal_bypass
base,Base,unsloth/Llama-3.2-1B-Instruct,text,model_choice,4722,0,3.4062496423721313,causal_bypass,causal_bypass
base,Base,unsloth/Llama-3.2-1B-Instruct,text,model_choice,4722,1,0.5000001192092896,causal_bypass,causal_bypass
base,Base,unsloth/Llama-3.2-1B-Instruct,text,model_choice,4722,2,0.5624998807907104,causal_bypass,causal_bypass
base,Base,unsloth/Llama-3.2-1B-Instruct,text,model_choice,4722,3,0.2499997615814209,causal_bypass,causal_bypass
base,Base,unsloth/Llama-3.2-1B-Instruct,text,model_choice,4722,4,1.0,causal_bypass,causal_bypass
base,Base,unsloth/Llama-3.2-1B-Instruct,text,model_choice,4722,5,2.0624998807907104,causal_bypass,causal_bypass
base,Base,unsloth/Llama-3.2-1B-Instruct,text,model_choice,4722,6,4.6249998807907104,causal_bypass,causal_bypass
base,Base,unsloth/Llama-3.2-1B-Instruct,text,model_choice,4722,7,0.06249988079071045,causal_bypass,causal_bypass
base,Base,unsloth/Llama-3.2-1B-Instruct,text,model_choice,4722,8,0.49999988079071045,causal_bypass,causal_bypass
base,Base,unsloth/Llama-3.2-1B-Instruct,text,model_choice,4722,9,0.49999988079071045,causal_bypass,causal_bypass
base,Base,unsloth/Llama-3.2-1B-Instruct,text,model_choice,4722,10,0.375,causal_bypass,causal_bypass
base,Base,unsloth/Llama-3.2-1B-Instruct,text,model_choice,4722,11,1.1250001192092896,causal_bypass,causal_bypass
base,Base,unsloth/Llama-3.2-1B-Instruct,text,model_choice,4722,12,0.9999998807907104,causal_bypass,causal_bypass
base,Base,unsloth/Llama-3.2-1B-Instruct,text,model_choice,4722,13,1.2499996423721313,causal_bypass,causal_bypass
base,Base,unsloth/Llama-3.2-1B-Instruct,text,model_choice,4722,14,2.9374998807907104,causal_bypass,causal_bypass
base,Base,unsloth/Llama-3.2-1B-Instruct,text,model_choice,4722,15,1.5624998807907104,causal_bypass,causal_bypass
base,Base,unsloth/Llama-3.2-1B-Instruct,text,ground_truth,4888,0,3.7500003576278687,causal_bypass,causal_bypass
base,Base,unsloth/Llama-3.2-1B-Instruct,text,ground_truth,4888,1,0.25000011920928955,causal_bypass,causal_bypass
base,Base,unsloth/Llama-3.2-1B-Instruct,text,ground_truth,4888,2,0.37499988079071045,causal_bypass,causal_bypass
base,Base,unsloth/Llama-3.2-1B-Instruct,text,ground_truth,4888,3,2.5625001192092896,causal_bypass,causal_bypass
base,Base,unsloth/Llama-3.2-1B-Instruct,text,ground_truth,4888,4,0.7500001192092896,causal_bypass,causal_bypass
base,Base,unsloth/Llama-3.2-1B-Instruct,text,ground_truth,4888,5,2.1875003576278687,causal_bypass,causal_bypass
base,Base,unsloth/Llama-3.2-1B-Instruct,text,ground_truth,4888,6,4.7500001192092896,causal_bypass,causal_bypass
base,Base,unsloth/Llama-3.2-1B-Instruct,text,ground_truth,4888,7,0.8125001192092896,causal_bypass,causal_bypass
base,Base,unsloth/Llama-3.2-1B-Instruct,text,ground_truth,4888,8,1.6250001192092896,causal_bypass,causal_bypass
base,Base,unsloth/Llama-3.2-1B-Instruct,text,ground_truth,4888,9,1.8749998807907104,causal_bypass,causal_bypass
base,Base,unsloth/Llama-3.2-1B-Instruct,text,ground_truth,4888,10,0.125,causal_bypass,causal_bypass
base,Base,unsloth/Llama-3.2-1B-Instruct,text,ground_truth,4888,11,0.6249998807907104,causal_bypass,causal_bypass
base,Base,unsloth/Llama-3.2-1B-Instruct,text,ground_truth,4888,12,0.8750001192092896,causal_bypass,causal_bypass
base,Base,unsloth/Llama-3.2-1B-Instruct,text,ground_truth,4888,13,1.2500001192092896,causal_bypass,causal_bypass
base,Base,unsloth/Llama-3.2-1B-Instruct,text,ground_truth,4888,14,3.2500001192092896,causal_bypass,causal_bypass
base,Base,unsloth/Llama-3.2-1B-Instruct,text,ground_truth,4888,15,0.5,causal_bypass,causal_bypass
base,Base,unsloth/Llama-3.2-1B-Instruct,text,model_choice,4888,0,3.7500003576278687,causal_bypass,causal_bypass
base,Base,unsloth/Llama-3.2-1B-Instruct,text,model_choice,4888,1,0.25000011920928955,causal_bypass,causal_bypass
base,Base,unsloth/Llama-3.2-1B-Instruct,text,model_choice,4888,2,0.37499988079071045,causal_bypass,causal_bypass
base,Base,unsloth/Llama-3.2-1B-Instruct,text,model_choice,4888,3,2.5625001192092896,causal_bypass,causal_bypass
base,Base,unsloth/Llama-3.2-1B-Instruct,text,model_choice,4888,4,0.7500001192092896,causal_bypass,causal_bypass
base,Base,unsloth/Llama-3.2-1B-Instruct,text,model_choice,4888,5,2.1875003576278687,causal_bypass,causal_bypass
base,Base,unsloth/Llama-3.2-1B-Instruct,text,model_choice,4888,6,4.7500001192092896,causal_bypass,causal_bypass
base,Base,unsloth/Llama-3.2-1B-Instruct,text,model_choice,4888,7,0.8125001192092896,causal_bypass,causal_bypass
base,Base,unsloth/Llama-3.2-1B-Instruct,text,model_choice,4888,8,1.6250001192092896,causal_bypass,causal_bypass
base,Base,unsloth/Llama-3.2-1B-Instruct,text,model_choice,4888,9,1.8749998807907104,causal_bypass,causal_bypass
base,Base,unsloth/Llama-3.2-1B-Instruct,text,model_choice,4888,10,0.125,causal_bypass,causal_bypass
base,Base,unsloth/Llama-3.2-1B-Instruct,text,model_choice,4888,11,0.6249998807907104,causal_bypass,causal_bypass
base,Base,unsloth/Llama-3.2-1B-Instruct,text,model_choice,4888,12,0.8750001192092896,causal_bypass,causal_bypass
base,Base,unsloth/Llama-3.2-1B-Instruct,text,model_choice,4888,13,1.2500001192092896,causal_bypass,causal_bypass
base,Base,unsloth/Llama-3.2-1B-Instruct,text,model_choice,4888,14,3.2500001192092896,causal_bypass,causal_bypass
base,Base,unsloth/Llama-3.2-1B-Instruct,text,model_choice,4888,15,0.5,causal_bypass,causal_bypass
base,Base,unsloth/Llama-3.2-1B-Instruct,text,ground_truth,5531,0,1.1249995231628418,causal_bypass,causal_bypass
base,Base,unsloth/Llama-3.2-1B-Instruct,text,ground_truth,5531,1,0.5625,causal_bypass,causal_bypass
base,Base,unsloth/Llama-3.2-1B-Instruct,text,ground_truth,5531,2,0.6875,causal_bypass,causal_bypass
base,Base,unsloth/Llama-3.2-1B-Instruct,text,ground_truth,5531,3,0.375,causal_bypass,causal_bypass
base,Base,unsloth/Llama-3.2-1B-Instruct,text,ground_truth,5531,4,1.625,causal_bypass,causal_bypass
base,Base,unsloth/Llama-3.2-1B-Instruct,text,ground_truth,5531,5,1.875000238418579,causal_bypass,causal_bypass
base,Base,unsloth/Llama-3.2-1B-Instruct,text,ground_truth,5531,6,0.125,causal_bypass,causal_bypass
base,Base,unsloth/Llama-3.2-1B-Instruct,text,ground_truth,5531,7,1.125,causal_bypass,causal_bypass
base,Base,unsloth/Llama-3.2-1B-Instruct,text,ground_truth,5531,8,2.75,causal_bypass,causal_bypass
base,Base,unsloth/Llama-3.2-1B-Instruct,text,ground_truth,5531,9,2.749999761581421,causal_bypass,causal_bypass
base,Base,unsloth/Llama-3.2-1B-Instruct,text,ground_truth,5531,10,1.187500238418579,causal_bypass,causal_bypass
base,Base,unsloth/Llama-3.2-1B-Instruct,text,ground_truth,5531,11,0.375,causal_bypass,causal_bypass
base,Base,unsloth/Llama-3.2-1B-Instruct,text,ground_truth,5531,12,0.625,causal_bypass,causal_bypass
base,Base,unsloth/Llama-3.2-1B-Instruct,text,ground_truth,5531,13,2.5,causal_bypass,causal_bypass
base,Base,unsloth/Llama-3.2-1B-Instruct,text,ground_truth,5531,14,1.625,causal_bypass,causal_bypass
base,Base,unsloth/Llama-3.2-1B-Instruct,text,ground_truth,5531,15,0.06250011920928955,causal_bypass,causal_bypass
base,Base,unsloth/Llama-3.2-1B-Instruct,text,model_choice,5531,0,3.249999523162842,causal_bypass,causal_bypass
base,Base,unsloth/Llama-3.2-1B-Instruct,text,model_choice,5531,1,0.625,causal_bypass,causal_bypass
base,Base,unsloth/Llama-3.2-1B-Instruct,text,model_choice,5531,2,0.37500011920928955,causal_bypass,causal_bypass
base,Base,unsloth/Llama-3.2-1B-Instruct,text,model_choice,5531,3,1.6875,causal_bypass,causal_bypass
base,Base,unsloth/Llama-3.2-1B-Instruct,text,model_choice,5531,4,0.8750001192092896,causal_bypass,causal_bypass
base,Base,unsloth/Llama-3.2-1B-Instruct,text,model_choice,5531,5,2.562500238418579,causal_bypass,causal_bypass
base,Base,unsloth/Llama-3.2-1B-Instruct,text,model_choice,5531,6,5.25,causal_bypass,causal_bypass
base,Base,unsloth/Llama-3.2-1B-Instruct,text,model_choice,5531,7,1.0,causal_bypass,causal_bypass
base,Base,unsloth/Llama-3.2-1B-Instruct,text,model_choice,5531,8,2.25,causal_bypass,causal_bypass
base,Base,unsloth/Llama-3.2-1B-Instruct,text,model_choice,5531,9,1.874999761581421,causal_bypass,causal_bypass
base,Base,unsloth/Llama-3.2-1B-Instruct,text,model_choice,5531,10,0.5,causal_bypass,causal_bypass
base,Base,unsloth/Llama-3.2-1B-Instruct,text,model_choice,5531,11,0.875,causal_bypass,causal_bypass
base,Base,unsloth/Llama-3.2-1B-Instruct,text,model_choice,5531,12,1.0000001192092896,causal_bypass,causal_bypass
base,Base,unsloth/Llama-3.2-1B-Instruct,text,model_choice,5531,13,2.25,causal_bypass,causal_bypass
base,Base,unsloth/Llama-3.2-1B-Instruct,text,model_choice,5531,14,3.1875,causal_bypass,causal_bypass
base,Base,unsloth/Llama-3.2-1B-Instruct,text,model_choice,5531,15,0.25,causal_bypass,causal_bypass
base,Base,unsloth/Llama-3.2-1B-Instruct,text,ground_truth,5536,0,3.156249523162842,causal_bypass,causal_bypass
base,Base,unsloth/Llama-3.2-1B-Instruct,text,ground_truth,5536,1,1.1875,causal_bypass,causal_bypass
base,Base,unsloth/Llama-3.2-1B-Instruct,text,ground_truth,5536,2,0.7500001192092896,causal_bypass,causal_bypass
base,Base,unsloth/Llama-3.2-1B-Instruct,text,ground_truth,5536,3,1.625000238418579,causal_bypass,causal_bypass
base,Base,unsloth/Llama-3.2-1B-Instruct,text,ground_truth,5536,4,0.0,causal_bypass,causal_bypass
base,Base,unsloth/Llama-3.2-1B-Instruct,text,ground_truth,5536,5,1.375,causal_bypass,causal_bypass
base,Base,unsloth/Llama-3.2-1B-Instruct,text,ground_truth,5536,6,5.4375,causal_bypass,causal_bypass
base,Base,unsloth/Llama-3.2-1B-Instruct,text,ground_truth,5536,7,0.375,causal_bypass,causal_bypass
base,Base,unsloth/Llama-3.2-1B-Instruct,text,ground_truth,5536,8,0.5,causal_bypass,causal_bypass
base,Base,unsloth/Llama-3.2-1B-Instruct,text,ground_truth,5536,9,0.5625,causal_bypass,causal_bypass
base,Base,unsloth/Llama-3.2-1B-Instruct,text,ground_truth,5536,10,1.625,causal_bypass,causal_bypass
base,Base,unsloth/Llama-3.2-1B-Instruct,text,ground_truth,5536,11,0.1875,causal_bypass,causal_bypass
base,Base,unsloth/Llama-3.2-1B-Instruct,text,ground_truth,5536,12,0.0,causal_bypass,causal_bypass
base,Base,unsloth/Llama-3.2-1B-Instruct,text,ground_truth,5536,13,0.75,causal_bypass,causal_bypass
base,Base,unsloth/Llama-3.2-1B-Instruct,text,ground_truth,5536,14,2.8125,causal_bypass,causal_bypass
base,Base,unsloth/Llama-3.2-1B-Instruct,text,ground_truth,5536,15,0.5,causal_bypass,causal_bypass
base,Base,unsloth/Llama-3.2-1B-Instruct,text,model_choice,5536,0,4.468749523162842,causal_bypass,causal_bypass
base,Base,unsloth/Llama-3.2-1B-Instruct,text,model_choice,5536,1,2.0,causal_bypass,causal_bypass
base,Base,unsloth/Llama-3.2-1B-Instruct,text,model_choice,5536,2,0.25000011920928955,causal_bypass,causal_bypass
base,Base,unsloth/Llama-3.2-1B-Instruct,text,model_choice,5536,3,1.75,causal_bypass,causal_bypass
base,Base,unsloth/Llama-3.2-1B-Instruct,text,model_choice,5536,4,1.1875,causal_bypass,causal_bypass
base,Base,unsloth/Llama-3.2-1B-Instruct,text,model_choice,5536,5,2.5625,causal_bypass,causal_bypass
base,Base,unsloth/Llama-3.2-1B-Instruct,text,model_choice,5536,6,5.125,causal_bypass,causal_bypass
base,Base,unsloth/Llama-3.2-1B-Instruct,text,model_choice,5536,7,0.75,causal_bypass,causal_bypass
base,Base,unsloth/Llama-3.2-1B-Instruct,text,model_choice,5536,8,1.0,causal_bypass,causal_bypass
base,Base,unsloth/Llama-3.2-1B-Instruct,text,model_choice,5536,9,1.0,causal_bypass,causal_bypass
base,Base,unsloth/Llama-3.2-1B-Instruct,text,model_choice,5536,10,0.25,causal_bypass,causal_bypass
base,Base,unsloth/Llama-3.2-1B-Instruct,text,model_choice,5536,11,0.25,causal_bypass,causal_bypass
base,Base,unsloth/Llama-3.2-1B-Instruct,text,model_choice,5536,12,0.875,causal_bypass,causal_bypass
base,Base,unsloth/Llama-3.2-1B-Instruct,text,model_choice,5536,13,1.375,causal_bypass,causal_bypass
base,Base,unsloth/Llama-3.2-1B-Instruct,text,model_choice,5536,14,2.625,causal_bypass,causal_bypass
base,Base,unsloth/Llama-3.2-1B-Instruct,text,model_choice,5536,15,1.1875,causal_bypass,causal_bypass
base,Base,unsloth/Llama-3.2-1B-Instruct,text,ground_truth,5795,0,2.5,causal_bypass,causal_bypass
base,Base,unsloth/Llama-3.2-1B-Instruct,text,ground_truth,5795,1,1.0625,causal_bypass,causal_bypass
base,Base,unsloth/Llama-3.2-1B-Instruct,text,ground_truth,5795,2,0.4375,causal_bypass,causal_bypass
base,Base,unsloth/Llama-3.2-1B-Instruct,text,ground_truth,5795,3,1.9375,causal_bypass,causal_bypass
base,Base,unsloth/Llama-3.2-1B-Instruct,text,ground_truth,5795,4,0.375,causal_bypass,causal_bypass
base,Base,unsloth/Llama-3.2-1B-Instruct,text,ground_truth,5795,5,0.9375,causal_bypass,causal_bypass
base,Base,unsloth/Llama-3.2-1B-Instruct,text,ground_truth,5795,6,3.875,causal_bypass,causal_bypass
base,Base,unsloth/Llama-3.2-1B-Instruct,text,ground_truth,5795,7,0.3124997615814209,causal_bypass,causal_bypass
base,Base,unsloth/Llama-3.2-1B-Instruct,text,ground_truth,5795,8,1.25,causal_bypass,causal_bypass
base,Base,unsloth/Llama-3.2-1B-Instruct,text,ground_truth,5795,9,0.375,causal_bypass,causal_bypass
base,Base,unsloth/Llama-3.2-1B-Instruct,text,ground_truth,5795,10,0.375,causal_bypass,causal_bypass
base,Base,unsloth/Llama-3.2-1B-Instruct,text,ground_truth,5795,11,0.625,causal_bypass,causal_bypass
base,Base,unsloth/Llama-3.2-1B-Instruct,text,ground_truth,5795,12,0.0,causal_bypass,causal_bypass
base,Base,unsloth/Llama-3.2-1B-Instruct,text,ground_truth,5795,13,0.5,causal_bypass,causal_bypass
base,Base,unsloth/Llama-3.2-1B-Instruct,text,ground_truth,5795,14,3.0,causal_bypass,causal_bypass
base,Base,unsloth/Llama-3.2-1B-Instruct,text,ground_truth,5795,15,0.375,causal_bypass,causal_bypass
base,Base,unsloth/Llama-3.2-1B-Instruct,text,model_choice,5795,0,1.375,causal_bypass,causal_bypass
base,Base,unsloth/Llama-3.2-1B-Instruct,text,model_choice,5795,1,0.375,causal_bypass,causal_bypass
base,Base,unsloth/Llama-3.2-1B-Instruct,text,model_choice,5795,2,1.25,causal_bypass,causal_bypass
base,Base,unsloth/Llama-3.2-1B-Instruct,text,model_choice,5795,3,1.9375,causal_bypass,causal_bypass
base,Base,unsloth/Llama-3.2-1B-Instruct,text,model_choice,5795,4,1.25,causal_bypass,causal_bypass
base,Base,unsloth/Llama-3.2-1B-Instruct,text,model_choice,5795,5,1.0000001192092896,causal_bypass,causal_bypass
base,Base,unsloth/Llama-3.2-1B-Instruct,text,model_choice,5795,6,5.375,causal_bypass,causal_bypass
base,Base,unsloth/Llama-3.2-1B-Instruct,text,model_choice,5795,7,0.25,causal_bypass,causal_bypass
base,Base,unsloth/Llama-3.2-1B-Instruct,text,model_choice,5795,8,0.375,causal_bypass,causal_bypass
base,Base,unsloth/Llama-3.2-1B-Instruct,text,model_choice,5795,9,0.7500001192092896,causal_bypass,causal_bypass
base,Base,unsloth/Llama-3.2-1B-Instruct,text,model_choice,5795,10,0.375,causal_bypass,causal_bypass
base,Base,unsloth/Llama-3.2-1B-Instruct,text,model_choice,5795,11,0.5625,causal_bypass,causal_bypass
base,Base,unsloth/Llama-3.2-1B-Instruct,text,model_choice,5795,12,0.375,causal_bypass,causal_bypass
base,Base,unsloth/Llama-3.2-1B-Instruct,text,model_choice,5795,13,0.0,causal_bypass,causal_bypass
base,Base,unsloth/Llama-3.2-1B-Instruct,text,model_choice,5795,14,0.125,causal_bypass,causal_bypass
base,Base,unsloth/Llama-3.2-1B-Instruct,text,model_choice,5795,15,0.375,causal_bypass,causal_bypass
base,Base,unsloth/Llama-3.2-1B-Instruct,text,ground_truth,5924,0,3.656249523162842,causal_bypass,causal_bypass
base,Base,unsloth/Llama-3.2-1B-Instruct,text,ground_truth,5924,1,0.8125,causal_bypass,causal_bypass
base,Base,unsloth/Llama-3.2-1B-Instruct,text,ground_truth,5924,2,0.8750001192092896,causal_bypass,causal_bypass
base,Base,unsloth/Llama-3.2-1B-Instruct,text,ground_truth,5924,3,2.5,causal_bypass,causal_bypass
base,Base,unsloth/Llama-3.2-1B-Instruct,text,ground_truth,5924,4,1.75,causal_bypass,causal_bypass
base,Base,unsloth/Llama-3.2-1B-Instruct,text,ground_truth,5924,5,2.625,causal_bypass,causal_bypass
base,Base,unsloth/Llama-3.2-1B-Instruct,text,ground_truth,5924,6,5.25,causal_bypass,causal_bypass
base,Base,unsloth/Llama-3.2-1B-Instruct,text,ground_truth,5924,7,0.75,causal_bypass,causal_bypass
base,Base,unsloth/Llama-3.2-1B-Instruct,text,ground_truth,5924,8,2.5,causal_bypass,causal_bypass
base,Base,unsloth/Llama-3.2-1B-Instruct,text,ground_truth,5924,9,2.6875,causal_bypass,causal_bypass
base,Base,unsloth/Llama-3.2-1B-Instruct,text,ground_truth,5924,10,0.25,causal_bypass,causal_bypass
base,Base,unsloth/Llama-3.2-1B-Instruct,text,ground_truth,5924,11,0.625,causal_bypass,causal_bypass
base,Base,unsloth/Llama-3.2-1B-Instruct,text,ground_truth,5924,12,1.125,causal_bypass,causal_bypass
base,Base,unsloth/Llama-3.2-1B-Instruct,text,ground_truth,5924,13,0.375,causal_bypass,causal_bypass
base,Base,unsloth/Llama-3.2-1B-Instruct,text,ground_truth,5924,14,2.875,causal_bypass,causal_bypass
base,Base,unsloth/Llama-3.2-1B-Instruct,text,ground_truth,5924,15,0.0,causal_bypass,causal_bypass
base,Base,unsloth/Llama-3.2-1B-Instruct,text,model_choice,5924,0,3.656249523162842,causal_bypass,causal_bypass
base,Base,unsloth/Llama-3.2-1B-Instruct,text,model_choice,5924,1,0.8125,causal_bypass,causal_bypass
base,Base,unsloth/Llama-3.2-1B-Instruct,text,model_choice,5924,2,0.8750001192092896,causal_bypass,causal_bypass
base,Base,unsloth/Llama-3.2-1B-Instruct,text,model_choice,5924,3,2.5,causal_bypass,causal_bypass
base,Base,unsloth/Llama-3.2-1B-Instruct,text,model_choice,5924,4,1.75,causal_bypass,causal_bypass
base,Base,unsloth/Llama-3.2-1B-Instruct,text,model_choice,5924,5,2.625,causal_bypass,causal_bypass
base,Base,unsloth/Llama-3.2-1B-Instruct,text,model_choice,5924,6,5.25,causal_bypass,causal_bypass
base,Base,unsloth/Llama-3.2-1B-Instruct,text,model_choice,5924,7,0.75,causal_bypass,causal_bypass
base,Base,unsloth/Llama-3.2-1B-Instruct,text,model_choice,5924,8,2.5,causal_bypass,causal_bypass
base,Base,unsloth/Llama-3.2-1B-Instruct,text,model_choice,5924,9,2.6875,causal_bypass,causal_bypass
base,Base,unsloth/Llama-3.2-1B-Instruct,text,model_choice,5924,10,0.25,causal_bypass,causal_bypass
base,Base,unsloth/Llama-3.2-1B-Instruct,text,model_choice,5924,11,0.625,causal_bypass,causal_bypass
base,Base,unsloth/Llama-3.2-1B-Instruct,text,model_choice,5924,12,1.125,causal_bypass,causal_bypass
base,Base,unsloth/Llama-3.2-1B-Instruct,text,model_choice,5924,13,0.375,causal_bypass,causal_bypass
base,Base,unsloth/Llama-3.2-1B-Instruct,text,model_choice,5924,14,2.875,causal_bypass,causal_bypass
base,Base,unsloth/Llama-3.2-1B-Instruct,text,model_choice,5924,15,0.0,causal_bypass,causal_bypass
base,Base,unsloth/Llama-3.2-1B-Instruct,text,ground_truth,5955,0,0.65625,causal_bypass,causal_bypass
base,Base,unsloth/Llama-3.2-1B-Instruct,text,ground_truth,5955,1,2.4375,causal_bypass,causal_bypass
base,Base,unsloth/Llama-3.2-1B-Instruct,text,ground_truth,5955,2,1.875000238418579,causal_bypass,causal_bypass
base,Base,unsloth/Llama-3.2-1B-Instruct,text,ground_truth,5955,3,1.5625,causal_bypass,causal_bypass
base,Base,unsloth/Llama-3.2-1B-Instruct,text,ground_truth,5955,4,0.875,causal_bypass,causal_bypass
base,Base,unsloth/Llama-3.2-1B-Instruct,text,ground_truth,5955,5,1.375,causal_bypass,causal_bypass
base,Base,unsloth/Llama-3.2-1B-Instruct,text,ground_truth,5955,6,6.0625,causal_bypass,causal_bypass
base,Base,unsloth/Llama-3.2-1B-Instruct,text,ground_truth,5955,7,0.5,causal_bypass,causal_bypass
base,Base,unsloth/Llama-3.2-1B-Instruct,text,ground_truth,5955,8,0.125,causal_bypass,causal_bypass
base,Base,unsloth/Llama-3.2-1B-Instruct,text,ground_truth,5955,9,0.0,causal_bypass,causal_bypass
base,Base,unsloth/Llama-3.2-1B-Instruct,text,ground_truth,5955,10,1.75,causal_bypass,causal_bypass
base,Base,unsloth/Llama-3.2-1B-Instruct,text,ground_truth,5955,11,0.1875,causal_bypass,causal_bypass
base,Base,unsloth/Llama-3.2-1B-Instruct,text,ground_truth,5955,12,0.5,causal_bypass,causal_bypass
base,Base,unsloth/Llama-3.2-1B-Instruct,text,ground_truth,5955,13,1.125,causal_bypass,causal_bypass
base,Base,unsloth/Llama-3.2-1B-Instruct,text,ground_truth,5955,14,2.75,causal_bypass,causal_bypass
base,Base,unsloth/Llama-3.2-1B-Instruct,text,ground_truth,5955,15,0.125,causal_bypass,causal_bypass
base,Base,unsloth/Llama-3.2-1B-Instruct,text,model_choice,5955,0,1.5625,causal_bypass,causal_bypass
base,Base,unsloth/Llama-3.2-1B-Instruct,text,model_choice,5955,1,3.5625,causal_bypass,causal_bypass
base,Base,unsloth/Llama-3.2-1B-Instruct,text,model_choice,5955,2,1.8125,causal_bypass,causal_bypass
base,Base,unsloth/Llama-3.2-1B-Instruct,text,model_choice,5955,3,2.4375,causal_bypass,causal_bypass
base,Base,unsloth/Llama-3.2-1B-Instruct,text,model_choice,5955,4,1.125,causal_bypass,causal_bypass
base,Base,unsloth/Llama-3.2-1B-Instruct,text,model_choice,5955,5,0.75,causal_bypass,causal_bypass
base,Base,unsloth/Llama-3.2-1B-Instruct,text,model_choice,5955,6,5.25,causal_bypass,causal_bypass
base,Base,unsloth/Llama-3.2-1B-Instruct,text,model_choice,5955,7,0.125,causal_bypass,causal_bypass
base,Base,unsloth/Llama-3.2-1B-Instruct,text,model_choice,5955,8,0.0,causal_bypass,causal_bypass
base,Base,unsloth/Llama-3.2-1B-Instruct,text,model_choice,5955,9,0.625,causal_bypass,causal_bypass
base,Base,unsloth/Llama-3.2-1B-Instruct,text,model_choice,5955,10,0.75,causal_bypass,causal_bypass
base,Base,unsloth/Llama-3.2-1B-Instruct,text,model_choice,5955,11,0.75,causal_bypass,causal_bypass
base,Base,unsloth/Llama-3.2-1B-Instruct,text,model_choice,5955,12,1.0,causal_bypass,causal_bypass
base,Base,unsloth/Llama-3.2-1B-Instruct,text,model_choice,5955,13,1.0,causal_bypass,causal_bypass
base,Base,unsloth/Llama-3.2-1B-Instruct,text,model_choice,5955,14,0.5,causal_bypass,causal_bypass
base,Base,unsloth/Llama-3.2-1B-Instruct,text,model_choice,5955,15,1.25,causal_bypass,causal_bypass
base_sas,Base + SAS,unsloth/Llama-3.2-1B-Instruct,candidates,ground_truth,5,0,3.562499523162842,causal_bypass,causal_bypass
base_sas,Base + SAS,unsloth/Llama-3.2-1B-Instruct,candidates,ground_truth,5,1,2.75,causal_bypass,causal_bypass
base_sas,Base + SAS,unsloth/Llama-3.2-1B-Instruct,candidates,ground_truth,5,2,0.0,causal_bypass,causal_bypass
base_sas,Base + SAS,unsloth/Llama-3.2-1B-Instruct,candidates,ground_truth,5,3,2.375,causal_bypass,causal_bypass
base_sas,Base + SAS,unsloth/Llama-3.2-1B-Instruct,candidates,ground_truth,5,4,0.75,causal_bypass,causal_bypass
base_sas,Base + SAS,unsloth/Llama-3.2-1B-Instruct,candidates,ground_truth,5,5,2.25,causal_bypass,causal_bypass
base_sas,Base + SAS,unsloth/Llama-3.2-1B-Instruct,candidates,ground_truth,5,6,1.5625,causal_bypass,causal_bypass
base_sas,Base + SAS,unsloth/Llama-3.2-1B-Instruct,candidates,ground_truth,5,7,0.75,causal_bypass,causal_bypass
base_sas,Base + SAS,unsloth/Llama-3.2-1B-Instruct,candidates,ground_truth,5,8,3.0625,causal_bypass,causal_bypass
base_sas,Base + SAS,unsloth/Llama-3.2-1B-Instruct,candidates,ground_truth,5,9,1.0,causal_bypass,causal_bypass
base_sas,Base + SAS,unsloth/Llama-3.2-1B-Instruct,candidates,ground_truth,5,10,0.0625,causal_bypass,causal_bypass
base_sas,Base + SAS,unsloth/Llama-3.2-1B-Instruct,candidates,ground_truth,5,11,0.5,causal_bypass,causal_bypass
base_sas,Base + SAS,unsloth/Llama-3.2-1B-Instruct,candidates,ground_truth,5,12,0.5,causal_bypass,causal_bypass
base_sas,Base + SAS,unsloth/Llama-3.2-1B-Instruct,candidates,ground_truth,5,13,0.37500011920928955,causal_bypass,causal_bypass
base_sas,Base + SAS,unsloth/Llama-3.2-1B-Instruct,candidates,ground_truth,5,14,3.6875,causal_bypass,causal_bypass
base_sas,Base + SAS,unsloth/Llama-3.2-1B-Instruct,candidates,ground_truth,5,15,0.5,causal_bypass,causal_bypass
base_sas,Base + SAS,unsloth/Llama-3.2-1B-Instruct,candidates,model_choice,5,0,3.562499523162842,causal_bypass,causal_bypass
base_sas,Base + SAS,unsloth/Llama-3.2-1B-Instruct,candidates,model_choice,5,1,2.75,causal_bypass,causal_bypass
base_sas,Base + SAS,unsloth/Llama-3.2-1B-Instruct,candidates,model_choice,5,2,0.0,causal_bypass,causal_bypass
base_sas,Base + SAS,unsloth/Llama-3.2-1B-Instruct,candidates,model_choice,5,3,2.375,causal_bypass,causal_bypass
base_sas,Base + SAS,unsloth/Llama-3.2-1B-Instruct,candidates,model_choice,5,4,0.75,causal_bypass,causal_bypass
base_sas,Base + SAS,unsloth/Llama-3.2-1B-Instruct,candidates,model_choice,5,5,2.25,causal_bypass,causal_bypass
base_sas,Base + SAS,unsloth/Llama-3.2-1B-Instruct,candidates,model_choice,5,6,1.5625,causal_bypass,causal_bypass
base_sas,Base + SAS,unsloth/Llama-3.2-1B-Instruct,candidates,model_choice,5,7,0.75,causal_bypass,causal_bypass
base_sas,Base + SAS,unsloth/Llama-3.2-1B-Instruct,candidates,model_choice,5,8,3.0625,causal_bypass,causal_bypass
base_sas,Base + SAS,unsloth/Llama-3.2-1B-Instruct,candidates,model_choice,5,9,1.0,causal_bypass,causal_bypass
base_sas,Base + SAS,unsloth/Llama-3.2-1B-Instruct,candidates,model_choice,5,10,0.0625,causal_bypass,causal_bypass
base_sas,Base + SAS,unsloth/Llama-3.2-1B-Instruct,candidates,model_choice,5,11,0.5,causal_bypass,causal_bypass
base_sas,Base + SAS,unsloth/Llama-3.2-1B-Instruct,candidates,model_choice,5,12,0.5,causal_bypass,causal_bypass
base_sas,Base + SAS,unsloth/Llama-3.2-1B-Instruct,candidates,model_choice,5,13,0.37500011920928955,causal_bypass,causal_bypass
base_sas,Base + SAS,unsloth/Llama-3.2-1B-Instruct,candidates,model_choice,5,14,3.6875,causal_bypass,causal_bypass
base_sas,Base + SAS,unsloth/Llama-3.2-1B-Instruct,candidates,model_choice,5,15,0.5,causal_bypass,causal_bypass
base_sas,Base + SAS,unsloth/Llama-3.2-1B-Instruct,candidates,ground_truth,609,0,5.140625,causal_bypass,causal_bypass
base_sas,Base + SAS,unsloth/Llama-3.2-1B-Instruct,candidates,ground_truth,609,1,1.3125,causal_bypass,causal_bypass
base_sas,Base + SAS,unsloth/Llama-3.2-1B-Instruct,candidates,ground_truth,609,2,0.1875,causal_bypass,causal_bypass
base_sas,Base + SAS,unsloth/Llama-3.2-1B-Instruct,candidates,ground_truth,609,3,0.875,causal_bypass,causal_bypass
base_sas,Base + SAS,unsloth/Llama-3.2-1B-Instruct,candidates,ground_truth,609,4,1.6875,causal_bypass,causal_bypass
base_sas,Base + SAS,unsloth/Llama-3.2-1B-Instruct,candidates,ground_truth,609,5,1.3125,causal_bypass,causal_bypass
base_sas,Base + SAS,unsloth/Llama-3.2-1B-Instruct,candidates,ground_truth,609,6,0.6875,causal_bypass,causal_bypass
base_sas,Base + SAS,unsloth/Llama-3.2-1B-Instruct,candidates,ground_truth,609,7,0.5625,causal_bypass,causal_bypass
base_sas,Base + SAS,unsloth/Llama-3.2-1B-Instruct,candidates,ground_truth,609,8,0.5,causal_bypass,causal_bypass
base_sas,Base + SAS,unsloth/Llama-3.2-1B-Instruct,candidates,ground_truth,609,9,1.9375,causal_bypass,causal_bypass
base_sas,Base + SAS,unsloth/Llama-3.2-1B-Instruct,candidates,ground_truth,609,10,0.875,causal_bypass,causal_bypass
base_sas,Base + SAS,unsloth/Llama-3.2-1B-Instruct,candidates,ground_truth,609,11,1.375,causal_bypass,causal_bypass
base_sas,Base + SAS,unsloth/Llama-3.2-1B-Instruct,candidates,ground_truth,609,12,0.8750001192092896,causal_bypass,causal_bypass
base_sas,Base + SAS,unsloth/Llama-3.2-1B-Instruct,candidates,ground_truth,609,13,2.8749998807907104,causal_bypass,causal_bypass
base_sas,Base + SAS,unsloth/Llama-3.2-1B-Instruct,candidates,ground_truth,609,14,1.9375,causal_bypass,causal_bypass
base_sas,Base + SAS,unsloth/Llama-3.2-1B-Instruct,candidates,ground_truth,609,15,1.625,causal_bypass,causal_bypass
base_sas,Base + SAS,unsloth/Llama-3.2-1B-Instruct,candidates,model_choice,609,0,5.140625,causal_bypass,causal_bypass
base_sas,Base + SAS,unsloth/Llama-3.2-1B-Instruct,candidates,model_choice,609,1,1.3125,causal_bypass,causal_bypass
base_sas,Base + SAS,unsloth/Llama-3.2-1B-Instruct,candidates,model_choice,609,2,0.1875,causal_bypass,causal_bypass
base_sas,Base + SAS,unsloth/Llama-3.2-1B-Instruct,candidates,model_choice,609,3,0.875,causal_bypass,causal_bypass
base_sas,Base + SAS,unsloth/Llama-3.2-1B-Instruct,candidates,model_choice,609,4,1.6875,causal_bypass,causal_bypass
base_sas,Base + SAS,unsloth/Llama-3.2-1B-Instruct,candidates,model_choice,609,5,1.3125,causal_bypass,causal_bypass
base_sas,Base + SAS,unsloth/Llama-3.2-1B-Instruct,candidates,model_choice,609,6,0.6875,causal_bypass,causal_bypass
base_sas,Base + SAS,unsloth/Llama-3.2-1B-Instruct,candidates,model_choice,609,7,0.5625,causal_bypass,causal_bypass
base_sas,Base + SAS,unsloth/Llama-3.2-1B-Instruct,candidates,model_choice,609,8,0.5,causal_bypass,causal_bypass
base_sas,Base + SAS,unsloth/Llama-3.2-1B-Instruct,candidates,model_choice,609,9,1.9375,causal_bypass,causal_bypass
base_sas,Base + SAS,unsloth/Llama-3.2-1B-Instruct,candidates,model_choice,609,10,0.875,causal_bypass,causal_bypass
base_sas,Base + SAS,unsloth/Llama-3.2-1B-Instruct,candidates,model_choice,609,11,1.375,causal_bypass,causal_bypass
base_sas,Base + SAS,unsloth/Llama-3.2-1B-Instruct,candidates,model_choice,609,12,0.8750001192092896,causal_bypass,causal_bypass
base_sas,Base + SAS,unsloth/Llama-3.2-1B-Instruct,candidates,model_choice,609,13,2.8749998807907104,causal_bypass,causal_bypass
base_sas,Base + SAS,unsloth/Llama-3.2-1B-Instruct,candidates,model_choice,609,14,1.9375,causal_bypass,causal_bypass
base_sas,Base + SAS,unsloth/Llama-3.2-1B-Instruct,candidates,model_choice,609,15,1.625,causal_bypass,causal_bypass
base_sas,Base + SAS,unsloth/Llama-3.2-1B-Instruct,candidates,ground_truth,1046,0,4.7499998807907104,causal_bypass,causal_bypass
base_sas,Base + SAS,unsloth/Llama-3.2-1B-Instruct,candidates,ground_truth,1046,1,6.0624998807907104,causal_bypass,causal_bypass
base_sas,Base + SAS,unsloth/Llama-3.2-1B-Instruct,candidates,ground_truth,1046,2,1.1874998807907104,causal_bypass,causal_bypass
base_sas,Base + SAS,unsloth/Llama-3.2-1B-Instruct,candidates,ground_truth,1046,3,0.7499997615814209,causal_bypass,causal_bypass
base_sas,Base + SAS,unsloth/Llama-3.2-1B-Instruct,candidates,ground_truth,1046,4,5.9999998807907104,causal_bypass,causal_bypass
base_sas,Base + SAS,unsloth/Llama-3.2-1B-Instruct,candidates,ground_truth,1046,5,2.8124998807907104,causal_bypass,causal_bypass
base_sas,Base + SAS,unsloth/Llama-3.2-1B-Instruct,candidates,ground_truth,1046,6,2.2499998807907104,causal_bypass,causal_bypass
base_sas,Base + SAS,unsloth/Llama-3.2-1B-Instruct,candidates,ground_truth,1046,7,0.8749998807907104,causal_bypass,causal_bypass
base_sas,Base + SAS,unsloth/Llama-3.2-1B-Instruct,candidates,ground_truth,1046,8,3.3125,causal_bypass,causal_bypass
base_sas,Base + SAS,unsloth/Llama-3.2-1B-Instruct,candidates,ground_truth,1046,9,3.75,causal_bypass,causal_bypass
base_sas,Base + SAS,unsloth/Llama-3.2-1B-Instruct,candidates,ground_truth,1046,10,1.1249998807907104,causal_bypass,causal_bypass
base_sas,Base + SAS,unsloth/Llama-3.2-1B-Instruct,candidates,ground_truth,1046,11,1.1249998807907104,causal_bypass,causal_bypass
base_sas,Base + SAS,unsloth/Llama-3.2-1B-Instruct,candidates,ground_truth,1046,12,1.9999998807907104,causal_bypass,causal_bypass
base_sas,Base + SAS,unsloth/Llama-3.2-1B-Instruct,candidates,ground_truth,1046,13,1.1249998807907104,causal_bypass,causal_bypass
base_sas,Base + SAS,unsloth/Llama-3.2-1B-Instruct,candidates,ground_truth,1046,14,2.6249998807907104,causal_bypass,causal_bypass
base_sas,Base + SAS,unsloth/Llama-3.2-1B-Instruct,candidates,ground_truth,1046,15,2.1875001192092896,causal_bypass,causal_bypass
base_sas,Base + SAS,unsloth/Llama-3.2-1B-Instruct,candidates,model_choice,1046,0,5.40625,causal_bypass,causal_bypass
base_sas,Base + SAS,unsloth/Llama-3.2-1B-Instruct,candidates,model_choice,1046,1,3.0625,causal_bypass,causal_bypass
base_sas,Base + SAS,unsloth/Llama-3.2-1B-Instruct,candidates,model_choice,1046,2,1.0625,causal_bypass,causal_bypass
base_sas,Base + SAS,unsloth/Llama-3.2-1B-Instruct,candidates,model_choice,1046,3,0.125,causal_bypass,causal_bypass
base_sas,Base + SAS,unsloth/Llama-3.2-1B-Instruct,candidates,model_choice,1046,4,3.25,causal_bypass,causal_bypass
base_sas,Base + SAS,unsloth/Llama-3.2-1B-Instruct,candidates,model_choice,1046,5,1.8125,causal_bypass,causal_bypass
base_sas,Base + SAS,unsloth/Llama-3.2-1B-Instruct,candidates,model_choice,1046,6,0.625,causal_bypass,causal_bypass
base_sas,Base + SAS,unsloth/Llama-3.2-1B-Instruct,candidates,model_choice,1046,7,1.0,causal_bypass,causal_bypass
base_sas,Base + SAS,unsloth/Llama-3.2-1B-Instruct,candidates,model_choice,1046,8,0.5625,causal_bypass,causal_bypass
base_sas,Base + SAS,unsloth/Llama-3.2-1B-Instruct,candidates,model_choice,1046,9,2.0,causal_bypass,causal_bypass
base_sas,Base + SAS,unsloth/Llama-3.2-1B-Instruct,candidates,model_choice,1046,10,0.625,causal_bypass,causal_bypass
base_sas,Base + SAS,unsloth/Llama-3.2-1B-Instruct,candidates,model_choice,1046,11,1.7500001192092896,causal_bypass,causal_bypass
base_sas,Base + SAS,unsloth/Llama-3.2-1B-Instruct,candidates,model_choice,1046,12,1.5,causal_bypass,causal_bypass
base_sas,Base + SAS,unsloth/Llama-3.2-1B-Instruct,candidates,model_choice,1046,13,1.875,causal_bypass,causal_bypass
base_sas,Base + SAS,unsloth/Llama-3.2-1B-Instruct,candidates,model_choice,1046,14,0.6875,causal_bypass,causal_bypass
base_sas,Base + SAS,unsloth/Llama-3.2-1B-Instruct,candidates,model_choice,1046,15,0.125,causal_bypass,causal_bypass
base_sas,Base + SAS,unsloth/Llama-3.2-1B-Instruct,candidates,ground_truth,1529,0,1.78125,causal_bypass,causal_bypass
base_sas,Base + SAS,unsloth/Llama-3.2-1B-Instruct,candidates,ground_truth,1529,1,2.9375,causal_bypass,causal_bypass
base_sas,Base + SAS,unsloth/Llama-3.2-1B-Instruct,candidates,ground_truth,1529,2,0.5,causal_bypass,causal_bypass
base_sas,Base + SAS,unsloth/Llama-3.2-1B-Instruct,candidates,ground_truth,1529,3,1.6249998807907104,causal_bypass,causal_bypass
base_sas,Base + SAS,unsloth/Llama-3.2-1B-Instruct,candidates,ground_truth,1529,4,1.5,causal_bypass,causal_bypass
base_sas,Base + SAS,unsloth/Llama-3.2-1B-Instruct,candidates,ground_truth,1529,5,0.25,causal_bypass,causal_bypass
base_sas,Base + SAS,unsloth/Llama-3.2-1B-Instruct,candidates,ground_truth,1529,6,0.25,causal_bypass,causal_bypass
base_sas,Base + SAS,unsloth/Llama-3.2-1B-Instruct,candidates,ground_truth,1529,7,0.625,causal_bypass,causal_bypass
base_sas,Base + SAS,unsloth/Llama-3.2-1B-Instruct,candidates,ground_truth,1529,8,4.6875,causal_bypass,causal_bypass
base_sas,Base + SAS,unsloth/Llama-3.2-1B-Instruct,candidates,ground_truth,1529,9,0.49999988079071045,causal_bypass,causal_bypass
base_sas,Base + SAS,unsloth/Llama-3.2-1B-Instruct,candidates,ground_truth,1529,10,1.1920928955078125e-07,causal_bypass,causal_bypass
base_sas,Base + SAS,unsloth/Llama-3.2-1B-Instruct,candidates,ground_truth,1529,11,0.0,causal_bypass,causal_bypass
base_sas,Base + SAS,unsloth/Llama-3.2-1B-Instruct,candidates,ground_truth,1529,12,0.5,causal_bypass,causal_bypass
base_sas,Base + SAS,unsloth/Llama-3.2-1B-Instruct,candidates,ground_truth,1529,13,2.0,causal_bypass,causal_bypass
base_sas,Base + SAS,unsloth/Llama-3.2-1B-Instruct,candidates,ground_truth,1529,14,5.625,causal_bypass,causal_bypass
base_sas,Base + SAS,unsloth/Llama-3.2-1B-Instruct,candidates,ground_truth,1529,15,1.4999998807907104,causal_bypass,causal_bypass
base_sas,Base + SAS,unsloth/Llama-3.2-1B-Instruct,candidates,model_choice,1529,0,1.78125,causal_bypass,causal_bypass
base_sas,Base + SAS,unsloth/Llama-3.2-1B-Instruct,candidates,model_choice,1529,1,2.9375,causal_bypass,causal_bypass
base_sas,Base + SAS,unsloth/Llama-3.2-1B-Instruct,candidates,model_choice,1529,2,0.5,causal_bypass,causal_bypass
base_sas,Base + SAS,unsloth/Llama-3.2-1B-Instruct,candidates,model_choice,1529,3,1.6249998807907104,causal_bypass,causal_bypass
base_sas,Base + SAS,unsloth/Llama-3.2-1B-Instruct,candidates,model_choice,1529,4,1.5,causal_bypass,causal_bypass
base_sas,Base + SAS,unsloth/Llama-3.2-1B-Instruct,candidates,model_choice,1529,5,0.25,causal_bypass,causal_bypass
base_sas,Base + SAS,unsloth/Llama-3.2-1B-Instruct,candidates,model_choice,1529,6,0.25,causal_bypass,causal_bypass
base_sas,Base + SAS,unsloth/Llama-3.2-1B-Instruct,candidates,model_choice,1529,7,0.625,causal_bypass,causal_bypass
base_sas,Base + SAS,unsloth/Llama-3.2-1B-Instruct,candidates,model_choice,1529,8,4.6875,causal_bypass,causal_bypass
base_sas,Base + SAS,unsloth/Llama-3.2-1B-Instruct,candidates,model_choice,1529,9,0.49999988079071045,causal_bypass,causal_bypass
base_sas,Base + SAS,unsloth/Llama-3.2-1B-Instruct,candidates,model_choice,1529,10,1.1920928955078125e-07,causal_bypass,causal_bypass
base_sas,Base + SAS,unsloth/Llama-3.2-1B-Instruct,candidates,model_choice,1529,11,0.0,causal_bypass,causal_bypass
base_sas,Base + SAS,unsloth/Llama-3.2-1B-Instruct,candidates,model_choice,1529,12,0.5,causal_bypass,causal_bypass
base_sas,Base + SAS,unsloth/Llama-3.2-1B-Instruct,candidates,model_choice,1529,13,2.0,causal_bypass,causal_bypass
base_sas,Base + SAS,unsloth/Llama-3.2-1B-Instruct,candidates,model_choice,1529,14,5.625,causal_bypass,causal_bypass
base_sas,Base + SAS,unsloth/Llama-3.2-1B-Instruct,candidates,model_choice,1529,15,1.4999998807907104,causal_bypass,causal_bypass
base_sas,Base + SAS,unsloth/Llama-3.2-1B-Instruct,candidates,ground_truth,2201,0,2.0625,causal_bypass,causal_bypass
base_sas,Base + SAS,unsloth/Llama-3.2-1B-Instruct,candidates,ground_truth,2201,1,2.6875,causal_bypass,causal_bypass
base_sas,Base + SAS,unsloth/Llama-3.2-1B-Instruct,candidates,ground_truth,2201,2,4.25,causal_bypass,causal_bypass
base_sas,Base + SAS,unsloth/Llama-3.2-1B-Instruct,candidates,ground_truth,2201,3,4.8125,causal_bypass,causal_bypass
base_sas,Base + SAS,unsloth/Llama-3.2-1B-Instruct,candidates,ground_truth,2201,4,3.5,causal_bypass,causal_bypass
base_sas,Base + SAS,unsloth/Llama-3.2-1B-Instruct,candidates,ground_truth,2201,5,2.875,causal_bypass,causal_bypass
base_sas,Base + SAS,unsloth/Llama-3.2-1B-Instruct,candidates,ground_truth,2201,6,2.2500001192092896,causal_bypass,causal_bypass
base_sas,Base + SAS,unsloth/Llama-3.2-1B-Instruct,candidates,ground_truth,2201,7,4.0,causal_bypass,causal_bypass
base_sas,Base + SAS,unsloth/Llama-3.2-1B-Instruct,candidates,ground_truth,2201,8,0.875,causal_bypass,causal_bypass
base_sas,Base + SAS,unsloth/Llama-3.2-1B-Instruct,candidates,ground_truth,2201,9,1.75,causal_bypass,causal_bypass
base_sas,Base + SAS,unsloth/Llama-3.2-1B-Instruct,candidates,ground_truth,2201,10,2.1250001192092896,causal_bypass,causal_bypass
base_sas,Base + SAS,unsloth/Llama-3.2-1B-Instruct,candidates,ground_truth,2201,11,0.25,causal_bypass,causal_bypass
base_sas,Base + SAS,unsloth/Llama-3.2-1B-Instruct,candidates,ground_truth,2201,12,1.7499998807907104,causal_bypass,causal_bypass
base_sas,Base + SAS,unsloth/Llama-3.2-1B-Instruct,candidates,ground_truth,2201,13,0.125,causal_bypass,causal_bypass
base_sas,Base + SAS,unsloth/Llama-3.2-1B-Instruct,candidates,ground_truth,2201,14,4.0625,causal_bypass,causal_bypass
base_sas,Base + SAS,unsloth/Llama-3.2-1B-Instruct,candidates,ground_truth,2201,15,0.9375,causal_bypass,causal_bypass
base_sas,Base + SAS,unsloth/Llama-3.2-1B-Instruct,candidates,model_choice,2201,0,0.4374995231628418,causal_bypass,causal_bypass
base_sas,Base + SAS,unsloth/Llama-3.2-1B-Instruct,candidates,model_choice,2201,1,3.1875,causal_bypass,causal_bypass
base_sas,Base + SAS,unsloth/Llama-3.2-1B-Instruct,candidates,model_choice,2201,2,3.75,causal_bypass,causal_bypass
base_sas,Base + SAS,unsloth/Llama-3.2-1B-Instruct,candidates,model_choice,2201,3,2.8125,causal_bypass,causal_bypass
base_sas,Base + SAS,unsloth/Llama-3.2-1B-Instruct,candidates,model_choice,2201,4,2.875,causal_bypass,causal_bypass
base_sas,Base + SAS,unsloth/Llama-3.2-1B-Instruct,candidates,model_choice,2201,5,2.7499998807907104,causal_bypass,causal_bypass
base_sas,Base + SAS,unsloth/Llama-3.2-1B-Instruct,candidates,model_choice,2201,6,2.0,causal_bypass,causal_bypass
base_sas,Base + SAS,unsloth/Llama-3.2-1B-Instruct,candidates,model_choice,2201,7,2.875,causal_bypass,causal_bypass
base_sas,Base + SAS,unsloth/Llama-3.2-1B-Instruct,candidates,model_choice,2201,8,0.8125,causal_bypass,causal_bypass
base_sas,Base + SAS,unsloth/Llama-3.2-1B-Instruct,candidates,model_choice,2201,9,0.5,causal_bypass,causal_bypass
base_sas,Base + SAS,unsloth/Llama-3.2-1B-Instruct,candidates,model_choice,2201,10,0.3125,causal_bypass,causal_bypass
base_sas,Base + SAS,unsloth/Llama-3.2-1B-Instruct,candidates,model_choice,2201,11,1.875,causal_bypass,causal_bypass
base_sas,Base + SAS,unsloth/Llama-3.2-1B-Instruct,candidates,model_choice,2201,12,0.49999988079071045,causal_bypass,causal_bypass
base_sas,Base + SAS,unsloth/Llama-3.2-1B-Instruct,candidates,model_choice,2201,13,0.375,causal_bypass,causal_bypass
base_sas,Base + SAS,unsloth/Llama-3.2-1B-Instruct,candidates,model_choice,2201,14,4.0625,causal_bypass,causal_bypass
base_sas,Base + SAS,unsloth/Llama-3.2-1B-Instruct,candidates,model_choice,2201,15,1.0625,causal_bypass,causal_bypass
base_sas,Base + SAS,unsloth/Llama-3.2-1B-Instruct,candidates,ground_truth,2436,0,4.9062498807907104,causal_bypass,causal_bypass
base_sas,Base + SAS,unsloth/Llama-3.2-1B-Instruct,candidates,ground_truth,2436,1,3.2500001192092896,causal_bypass,causal_bypass
base_sas,Base + SAS,unsloth/Llama-3.2-1B-Instruct,candidates,ground_truth,2436,2,2.1875001192092896,causal_bypass,causal_bypass
base_sas,Base + SAS,unsloth/Llama-3.2-1B-Instruct,candidates,ground_truth,2436,3,1.3125001192092896,causal_bypass,causal_bypass
base_sas,Base + SAS,unsloth/Llama-3.2-1B-Instruct,candidates,ground_truth,2436,4,1.7500001192092896,causal_bypass,causal_bypass
base_sas,Base + SAS,unsloth/Llama-3.2-1B-Instruct,candidates,ground_truth,2436,5,1.3750001192092896,causal_bypass,causal_bypass
base_sas,Base + SAS,unsloth/Llama-3.2-1B-Instruct,candidates,ground_truth,2436,6,1.1250001192092896,causal_bypass,causal_bypass
base_sas,Base + SAS,unsloth/Llama-3.2-1B-Instruct,candidates,ground_truth,2436,7,2.6875001192092896,causal_bypass,causal_bypass
base_sas,Base + SAS,unsloth/Llama-3.2-1B-Instruct,candidates,ground_truth,2436,8,1.2499998807907104,causal_bypass,causal_bypass
base_sas,Base + SAS,unsloth/Llama-3.2-1B-Instruct,candidates,ground_truth,2436,9,1.2500001192092896,causal_bypass,causal_bypass
base_sas,Base + SAS,unsloth/Llama-3.2-1B-Instruct,candidates,ground_truth,2436,10,0.12499988079071045,causal_bypass,causal_bypass
base_sas,Base + SAS,unsloth/Llama-3.2-1B-Instruct,candidates,ground_truth,2436,11,0.8750001192092896,causal_bypass,causal_bypass
base_sas,Base + SAS,unsloth/Llama-3.2-1B-Instruct,candidates,ground_truth,2436,12,0.49999988079071045,causal_bypass,causal_bypass
base_sas,Base + SAS,unsloth/Llama-3.2-1B-Instruct,candidates,ground_truth,2436,13,0.37500011920928955,causal_bypass,causal_bypass
base_sas,Base + SAS,unsloth/Llama-3.2-1B-Instruct,candidates,ground_truth,2436,14,4.4374998807907104,causal_bypass,causal_bypass
base_sas,Base + SAS,unsloth/Llama-3.2-1B-Instruct,candidates,ground_truth,2436,15,3.0625001192092896,causal_bypass,causal_bypass
base_sas,Base + SAS,unsloth/Llama-3.2-1B-Instruct,candidates,model_choice,2436,0,1.0312498807907104,causal_bypass,causal_bypass
base_sas,Base + SAS,unsloth/Llama-3.2-1B-Instruct,candidates,model_choice,2436,1,2.3750001192092896,causal_bypass,causal_bypass
base_sas,Base + SAS,unsloth/Llama-3.2-1B-Instruct,candidates,model_choice,2436,2,1.8125001192092896,causal_bypass,causal_bypass
base_sas,Base + SAS,unsloth/Llama-3.2-1B-Instruct,candidates,model_choice,2436,3,2.0625001192092896,causal_bypass,causal_bypass
base_sas,Base + SAS,unsloth/Llama-3.2-1B-Instruct,candidates,model_choice,2436,4,2.500000238418579,causal_bypass,causal_bypass
base_sas,Base + SAS,unsloth/Llama-3.2-1B-Instruct,candidates,model_choice,2436,5,2.8125001192092896,causal_bypass,causal_bypass
base_sas,Base + SAS,unsloth/Llama-3.2-1B-Instruct,candidates,model_choice,2436,6,1.375000238418579,causal_bypass,causal_bypass
base_sas,Base + SAS,unsloth/Llama-3.2-1B-Instruct,candidates,model_choice,2436,7,1.3125001192092896,causal_bypass,causal_bypass
base_sas,Base + SAS,unsloth/Llama-3.2-1B-Instruct,candidates,model_choice,2436,8,3.4374998807907104,causal_bypass,causal_bypass
base_sas,Base + SAS,unsloth/Llama-3.2-1B-Instruct,candidates,model_choice,2436,9,2.375,causal_bypass,causal_bypass
base_sas,Base + SAS,unsloth/Llama-3.2-1B-Instruct,candidates,model_choice,2436,10,1.6250001192092896,causal_bypass,causal_bypass
base_sas,Base + SAS,unsloth/Llama-3.2-1B-Instruct,candidates,model_choice,2436,11,0.8749997615814209,causal_bypass,causal_bypass
base_sas,Base + SAS,unsloth/Llama-3.2-1B-Instruct,candidates,model_choice,2436,12,1.1250001192092896,causal_bypass,causal_bypass
base_sas,Base + SAS,unsloth/Llama-3.2-1B-Instruct,candidates,model_choice,2436,13,0.49999988079071045,causal_bypass,causal_bypass
base_sas,Base + SAS,unsloth/Llama-3.2-1B-Instruct,candidates,model_choice,2436,14,5.8749998807907104,causal_bypass,causal_bypass
base_sas,Base + SAS,unsloth/Llama-3.2-1B-Instruct,candidates,model_choice,2436,15,4.3750001192092896,causal_bypass,causal_bypass
base_sas,Base + SAS,unsloth/Llama-3.2-1B-Instruct,candidates,ground_truth,2486,0,1.0937501192092896,causal_bypass,causal_bypass
base_sas,Base + SAS,unsloth/Llama-3.2-1B-Instruct,candidates,ground_truth,2486,1,2.3749998807907104,causal_bypass,causal_bypass
base_sas,Base + SAS,unsloth/Llama-3.2-1B-Instruct,candidates,ground_truth,2486,2,3.1250003576278687,causal_bypass,causal_bypass
base_sas,Base + SAS,unsloth/Llama-3.2-1B-Instruct,candidates,ground_truth,2486,3,2.2500001192092896,causal_bypass,causal_bypass
base_sas,Base + SAS,unsloth/Llama-3.2-1B-Instruct,candidates,ground_truth,2486,4,1.2500001192092896,causal_bypass,causal_bypass
base_sas,Base + SAS,unsloth/Llama-3.2-1B-Instruct,candidates,ground_truth,2486,5,1.3750001192092896,causal_bypass,causal_bypass
base_sas,Base + SAS,unsloth/Llama-3.2-1B-Instruct,candidates,ground_truth,2486,6,1.1250001192092896,causal_bypass,causal_bypass
base_sas,Base + SAS,unsloth/Llama-3.2-1B-Instruct,candidates,ground_truth,2486,7,0.12499988079071045,causal_bypass,causal_bypass
base_sas,Base + SAS,unsloth/Llama-3.2-1B-Instruct,candidates,ground_truth,2486,8,1.3124998807907104,causal_bypass,causal_bypass
base_sas,Base + SAS,unsloth/Llama-3.2-1B-Instruct,candidates,ground_truth,2486,9,1.8750001192092896,causal_bypass,causal_bypass
base_sas,Base + SAS,unsloth/Llama-3.2-1B-Instruct,candidates,ground_truth,2486,10,0.0,causal_bypass,causal_bypass
base_sas,Base + SAS,unsloth/Llama-3.2-1B-Instruct,candidates,ground_truth,2486,11,2.7500001192092896,causal_bypass,causal_bypass
base_sas,Base + SAS,unsloth/Llama-3.2-1B-Instruct,candidates,ground_truth,2486,12,1.0000001192092896,causal_bypass,causal_bypass
base_sas,Base + SAS,unsloth/Llama-3.2-1B-Instruct,candidates,ground_truth,2486,13,0.8749998807907104,causal_bypass,causal_bypass
base_sas,Base + SAS,unsloth/Llama-3.2-1B-Instruct,candidates,ground_truth,2486,14,0.12500059604644775,causal_bypass,causal_bypass
base_sas,Base + SAS,unsloth/Llama-3.2-1B-Instruct,candidates,ground_truth,2486,15,0.8124998807907104,causal_bypass,causal_bypass
base_sas,Base + SAS,unsloth/Llama-3.2-1B-Instruct,candidates,model_choice,2486,0,1.875,causal_bypass,causal_bypass
base_sas,Base + SAS,unsloth/Llama-3.2-1B-Instruct,candidates,model_choice,2486,1,1.75,causal_bypass,causal_bypass
base_sas,Base + SAS,unsloth/Llama-3.2-1B-Instruct,candidates,model_choice,2486,2,0.4375,causal_bypass,causal_bypass
base_sas,Base + SAS,unsloth/Llama-3.2-1B-Instruct,candidates,model_choice,2486,3,0.5,causal_bypass,causal_bypass
base_sas,Base + SAS,unsloth/Llama-3.2-1B-Instruct,candidates,model_choice,2486,4,0.5,causal_bypass,causal_bypass
base_sas,Base + SAS,unsloth/Llama-3.2-1B-Instruct,candidates,model_choice,2486,5,0.625,causal_bypass,causal_bypass
base_sas,Base + SAS,unsloth/Llama-3.2-1B-Instruct,candidates,model_choice,2486,6,0.375,causal_bypass,causal_bypass
base_sas,Base + SAS,unsloth/Llama-3.2-1B-Instruct,candidates,model_choice,2486,7,0.375,causal_bypass,causal_bypass
base_sas,Base + SAS,unsloth/Llama-3.2-1B-Instruct,candidates,model_choice,2486,8,0.0,causal_bypass,causal_bypass
base_sas,Base + SAS,unsloth/Llama-3.2-1B-Instruct,candidates,model_choice,2486,9,0.875,causal_bypass,causal_bypass
base_sas,Base + SAS,unsloth/Llama-3.2-1B-Instruct,candidates,model_choice,2486,10,2.1875,causal_bypass,causal_bypass
base_sas,Base + SAS,unsloth/Llama-3.2-1B-Instruct,candidates,model_choice,2486,11,3.125,causal_bypass,causal_bypass
base_sas,Base + SAS,unsloth/Llama-3.2-1B-Instruct,candidates,model_choice,2486,12,0.625,causal_bypass,causal_bypass
base_sas,Base + SAS,unsloth/Llama-3.2-1B-Instruct,candidates,model_choice,2486,13,0.875,causal_bypass,causal_bypass
base_sas,Base + SAS,unsloth/Llama-3.2-1B-Instruct,candidates,model_choice,2486,14,1.0,causal_bypass,causal_bypass
base_sas,Base + SAS,unsloth/Llama-3.2-1B-Instruct,candidates,model_choice,2486,15,0.6249999403953552,causal_bypass,causal_bypass
base_sas,Base + SAS,unsloth/Llama-3.2-1B-Instruct,candidates,ground_truth,2557,0,5.5625,causal_bypass,causal_bypass
base_sas,Base + SAS,unsloth/Llama-3.2-1B-Instruct,candidates,ground_truth,2557,1,3.125,causal_bypass,causal_bypass
base_sas,Base + SAS,unsloth/Llama-3.2-1B-Instruct,candidates,ground_truth,2557,2,1.0,causal_bypass,causal_bypass
base_sas,Base + SAS,unsloth/Llama-3.2-1B-Instruct,candidates,ground_truth,2557,3,1.3749998807907104,causal_bypass,causal_bypass
base_sas,Base + SAS,unsloth/Llama-3.2-1B-Instruct,candidates,ground_truth,2557,4,2.25,causal_bypass,causal_bypass
base_sas,Base + SAS,unsloth/Llama-3.2-1B-Instruct,candidates,ground_truth,2557,5,2.375,causal_bypass,causal_bypass
base_sas,Base + SAS,unsloth/Llama-3.2-1B-Instruct,candidates,ground_truth,2557,6,1.8750001192092896,causal_bypass,causal_bypass
base_sas,Base + SAS,unsloth/Llama-3.2-1B-Instruct,candidates,ground_truth,2557,7,2.625,causal_bypass,causal_bypass
base_sas,Base + SAS,unsloth/Llama-3.2-1B-Instruct,candidates,ground_truth,2557,8,5.562500238418579,causal_bypass,causal_bypass
base_sas,Base + SAS,unsloth/Llama-3.2-1B-Instruct,candidates,ground_truth,2557,9,1.875,causal_bypass,causal_bypass
base_sas,Base + SAS,unsloth/Llama-3.2-1B-Instruct,candidates,ground_truth,2557,10,2.375,causal_bypass,causal_bypass
base_sas,Base + SAS,unsloth/Llama-3.2-1B-Instruct,candidates,ground_truth,2557,11,0.875,causal_bypass,causal_bypass
base_sas,Base + SAS,unsloth/Llama-3.2-1B-Instruct,candidates,ground_truth,2557,12,2.125,causal_bypass,causal_bypass
base_sas,Base + SAS,unsloth/Llama-3.2-1B-Instruct,candidates,ground_truth,2557,13,1.5,causal_bypass,causal_bypass
base_sas,Base + SAS,unsloth/Llama-3.2-1B-Instruct,candidates,ground_truth,2557,14,4.625,causal_bypass,causal_bypass
base_sas,Base + SAS,unsloth/Llama-3.2-1B-Instruct,candidates,ground_truth,2557,15,5.6875,causal_bypass,causal_bypass
base_sas,Base + SAS,unsloth/Llama-3.2-1B-Instruct,candidates,model_choice,2557,0,5.3125,causal_bypass,causal_bypass
base_sas,Base + SAS,unsloth/Llama-3.2-1B-Instruct,candidates,model_choice,2557,1,0.875,causal_bypass,causal_bypass
base_sas,Base + SAS,unsloth/Llama-3.2-1B-Instruct,candidates,model_choice,2557,2,1.0,causal_bypass,causal_bypass
base_sas,Base + SAS,unsloth/Llama-3.2-1B-Instruct,candidates,model_choice,2557,3,0.49999988079071045,causal_bypass,causal_bypass
base_sas,Base + SAS,unsloth/Llama-3.2-1B-Instruct,candidates,model_choice,2557,4,0.12499988079071045,causal_bypass,causal_bypass
base_sas,Base + SAS,unsloth/Llama-3.2-1B-Instruct,candidates,model_choice,2557,5,1.7500001192092896,causal_bypass,causal_bypass
base_sas,Base + SAS,unsloth/Llama-3.2-1B-Instruct,candidates,model_choice,2557,6,0.8750001192092896,causal_bypass,causal_bypass
base_sas,Base + SAS,unsloth/Llama-3.2-1B-Instruct,candidates,model_choice,2557,7,1.25,causal_bypass,causal_bypass
base_sas,Base + SAS,unsloth/Llama-3.2-1B-Instruct,candidates,model_choice,2557,8,0.125,causal_bypass,causal_bypass
base_sas,Base + SAS,unsloth/Llama-3.2-1B-Instruct,candidates,model_choice,2557,9,0.625,causal_bypass,causal_bypass
base_sas,Base + SAS,unsloth/Llama-3.2-1B-Instruct,candidates,model_choice,2557,10,2.25,causal_bypass,causal_bypass
base_sas,Base + SAS,unsloth/Llama-3.2-1B-Instruct,candidates,model_choice,2557,11,1.0,causal_bypass,causal_bypass
base_sas,Base + SAS,unsloth/Llama-3.2-1B-Instruct,candidates,model_choice,2557,12,0.875,causal_bypass,causal_bypass
base_sas,Base + SAS,unsloth/Llama-3.2-1B-Instruct,candidates,model_choice,2557,13,1.0,causal_bypass,causal_bypass
base_sas,Base + SAS,unsloth/Llama-3.2-1B-Instruct,candidates,model_choice,2557,14,0.875,causal_bypass,causal_bypass
base_sas,Base + SAS,unsloth/Llama-3.2-1B-Instruct,candidates,model_choice,2557,15,4.25,causal_bypass,causal_bypass
base_sas,Base + SAS,unsloth/Llama-3.2-1B-Instruct,candidates,ground_truth,3172,0,1.8125,causal_bypass,causal_bypass
base_sas,Base + SAS,unsloth/Llama-3.2-1B-Instruct,candidates,ground_truth,3172,1,2.375,causal_bypass,causal_bypass
base_sas,Base + SAS,unsloth/Llama-3.2-1B-Instruct,candidates,ground_truth,3172,2,2.1875,causal_bypass,causal_bypass
base_sas,Base + SAS,unsloth/Llama-3.2-1B-Instruct,candidates,ground_truth,3172,3,0.25,causal_bypass,causal_bypass
base_sas,Base + SAS,unsloth/Llama-3.2-1B-Instruct,candidates,ground_truth,3172,4,0.37500011920928955,causal_bypass,causal_bypass
base_sas,Base + SAS,unsloth/Llama-3.2-1B-Instruct,candidates,ground_truth,3172,5,2.7500001192092896,causal_bypass,causal_bypass
base_sas,Base + SAS,unsloth/Llama-3.2-1B-Instruct,candidates,ground_truth,3172,6,2.0,causal_bypass,causal_bypass
base_sas,Base + SAS,unsloth/Llama-3.2-1B-Instruct,candidates,ground_truth,3172,7,0.9375,causal_bypass,causal_bypass
base_sas,Base + SAS,unsloth/Llama-3.2-1B-Instruct,candidates,ground_truth,3172,8,0.9375,causal_bypass,causal_bypass
base_sas,Base + SAS,unsloth/Llama-3.2-1B-Instruct,candidates,ground_truth,3172,9,1.375,causal_bypass,causal_bypass
base_sas,Base + SAS,unsloth/Llama-3.2-1B-Instruct,candidates,ground_truth,3172,10,2.5,causal_bypass,causal_bypass
base_sas,Base + SAS,unsloth/Llama-3.2-1B-Instruct,candidates,ground_truth,3172,11,0.25000011920928955,causal_bypass,causal_bypass
base_sas,Base + SAS,unsloth/Llama-3.2-1B-Instruct,candidates,ground_truth,3172,12,1.125,causal_bypass,causal_bypass
base_sas,Base + SAS,unsloth/Llama-3.2-1B-Instruct,candidates,ground_truth,3172,13,0.75,causal_bypass,causal_bypass
base_sas,Base + SAS,unsloth/Llama-3.2-1B-Instruct,candidates,ground_truth,3172,14,0.0625,causal_bypass,causal_bypass
base_sas,Base + SAS,unsloth/Llama-3.2-1B-Instruct,candidates,ground_truth,3172,15,0.8125,causal_bypass,causal_bypass
base_sas,Base + SAS,unsloth/Llama-3.2-1B-Instruct,candidates,model_choice,3172,0,2.28125,causal_bypass,causal_bypass
base_sas,Base + SAS,unsloth/Llama-3.2-1B-Instruct,candidates,model_choice,3172,1,2.4375,causal_bypass,causal_bypass
base_sas,Base + SAS,unsloth/Llama-3.2-1B-Instruct,candidates,model_choice,3172,2,0.0625,causal_bypass,causal_bypass
base_sas,Base + SAS,unsloth/Llama-3.2-1B-Instruct,candidates,model_choice,3172,3,1.5,causal_bypass,causal_bypass
base_sas,Base + SAS,unsloth/Llama-3.2-1B-Instruct,candidates,model_choice,3172,4,0.0,causal_bypass,causal_bypass
base_sas,Base + SAS,unsloth/Llama-3.2-1B-Instruct,candidates,model_choice,3172,5,1.5000001192092896,causal_bypass,causal_bypass
base_sas,Base + SAS,unsloth/Llama-3.2-1B-Instruct,candidates,model_choice,3172,6,1.125,causal_bypass,causal_bypass
base_sas,Base + SAS,unsloth/Llama-3.2-1B-Instruct,candidates,model_choice,3172,7,1.1920928955078125e-07,causal_bypass,causal_bypass
base_sas,Base + SAS,unsloth/Llama-3.2-1B-Instruct,candidates,model_choice,3172,8,1.5625,causal_bypass,causal_bypass
base_sas,Base + SAS,unsloth/Llama-3.2-1B-Instruct,candidates,model_choice,3172,9,0.25,causal_bypass,causal_bypass
base_sas,Base + SAS,unsloth/Llama-3.2-1B-Instruct,candidates,model_choice,3172,10,0.625,causal_bypass,causal_bypass
base_sas,Base + SAS,unsloth/Llama-3.2-1B-Instruct,candidates,model_choice,3172,11,1.0,causal_bypass,causal_bypass
base_sas,Base + SAS,unsloth/Llama-3.2-1B-Instruct,candidates,model_choice,3172,12,0.25,causal_bypass,causal_bypass
base_sas,Base + SAS,unsloth/Llama-3.2-1B-Instruct,candidates,model_choice,3172,13,0.0,causal_bypass,causal_bypass
base_sas,Base + SAS,unsloth/Llama-3.2-1B-Instruct,candidates,model_choice,3172,14,1.125,causal_bypass,causal_bypass
base_sas,Base + SAS,unsloth/Llama-3.2-1B-Instruct,candidates,model_choice,3172,15,0.875,causal_bypass,causal_bypass
base_sas,Base + SAS,unsloth/Llama-3.2-1B-Instruct,candidates,ground_truth,3676,0,0.90625,causal_bypass,causal_bypass
base_sas,Base + SAS,unsloth/Llama-3.2-1B-Instruct,candidates,ground_truth,3676,1,2.6875,causal_bypass,causal_bypass
base_sas,Base + SAS,unsloth/Llama-3.2-1B-Instruct,candidates,ground_truth,3676,2,0.875,causal_bypass,causal_bypass
base_sas,Base + SAS,unsloth/Llama-3.2-1B-Instruct,candidates,ground_truth,3676,3,1.375,causal_bypass,causal_bypass
base_sas,Base + SAS,unsloth/Llama-3.2-1B-Instruct,candidates,ground_truth,3676,4,1.0,causal_bypass,causal_bypass
base_sas,Base + SAS,unsloth/Llama-3.2-1B-Instruct,candidates,ground_truth,3676,5,2.125,causal_bypass,causal_bypass
base_sas,Base + SAS,unsloth/Llama-3.2-1B-Instruct,candidates,ground_truth,3676,6,0.5,causal_bypass,causal_bypass
base_sas,Base + SAS,unsloth/Llama-3.2-1B-Instruct,candidates,ground_truth,3676,7,3.0625,causal_bypass,causal_bypass
base_sas,Base + SAS,unsloth/Llama-3.2-1B-Instruct,candidates,ground_truth,3676,8,2.625,causal_bypass,causal_bypass
base_sas,Base + SAS,unsloth/Llama-3.2-1B-Instruct,candidates,ground_truth,3676,9,0.5,causal_bypass,causal_bypass
base_sas,Base + SAS,unsloth/Llama-3.2-1B-Instruct,candidates,ground_truth,3676,10,1.7500001192092896,causal_bypass,causal_bypass
base_sas,Base + SAS,unsloth/Llama-3.2-1B-Instruct,candidates,ground_truth,3676,11,2.3125,causal_bypass,causal_bypass
base_sas,Base + SAS,unsloth/Llama-3.2-1B-Instruct,candidates,ground_truth,3676,12,0.0,causal_bypass,causal_bypass
base_sas,Base + SAS,unsloth/Llama-3.2-1B-Instruct,candidates,ground_truth,3676,13,0.125,causal_bypass,causal_bypass
base_sas,Base + SAS,unsloth/Llama-3.2-1B-Instruct,candidates,ground_truth,3676,14,1.25,causal_bypass,causal_bypass
base_sas,Base + SAS,unsloth/Llama-3.2-1B-Instruct,candidates,ground_truth,3676,15,0.25,causal_bypass,causal_bypass
base_sas,Base + SAS,unsloth/Llama-3.2-1B-Instruct,candidates,model_choice,3676,0,0.90625,causal_bypass,causal_bypass
base_sas,Base + SAS,unsloth/Llama-3.2-1B-Instruct,candidates,model_choice,3676,1,2.6875,causal_bypass,causal_bypass
base_sas,Base + SAS,unsloth/Llama-3.2-1B-Instruct,candidates,model_choice,3676,2,0.875,causal_bypass,causal_bypass
base_sas,Base + SAS,unsloth/Llama-3.2-1B-Instruct,candidates,model_choice,3676,3,1.375,causal_bypass,causal_bypass
base_sas,Base + SAS,unsloth/Llama-3.2-1B-Instruct,candidates,model_choice,3676,4,1.0,causal_bypass,causal_bypass
base_sas,Base + SAS,unsloth/Llama-3.2-1B-Instruct,candidates,model_choice,3676,5,2.125,causal_bypass,causal_bypass
base_sas,Base + SAS,unsloth/Llama-3.2-1B-Instruct,candidates,model_choice,3676,6,0.5,causal_bypass,causal_bypass
base_sas,Base + SAS,unsloth/Llama-3.2-1B-Instruct,candidates,model_choice,3676,7,3.0625,causal_bypass,causal_bypass
base_sas,Base + SAS,unsloth/Llama-3.2-1B-Instruct,candidates,model_choice,3676,8,2.625,causal_bypass,causal_bypass
base_sas,Base + SAS,unsloth/Llama-3.2-1B-Instruct,candidates,model_choice,3676,9,0.5,causal_bypass,causal_bypass
base_sas,Base + SAS,unsloth/Llama-3.2-1B-Instruct,candidates,model_choice,3676,10,1.7500001192092896,causal_bypass,causal_bypass
base_sas,Base + SAS,unsloth/Llama-3.2-1B-Instruct,candidates,model_choice,3676,11,2.3125,causal_bypass,causal_bypass
base_sas,Base + SAS,unsloth/Llama-3.2-1B-Instruct,candidates,model_choice,3676,12,0.0,causal_bypass,causal_bypass
base_sas,Base + SAS,unsloth/Llama-3.2-1B-Instruct,candidates,model_choice,3676,13,0.125,causal_bypass,causal_bypass
base_sas,Base + SAS,unsloth/Llama-3.2-1B-Instruct,candidates,model_choice,3676,14,1.25,causal_bypass,causal_bypass
base_sas,Base + SAS,unsloth/Llama-3.2-1B-Instruct,candidates,model_choice,3676,15,0.25,causal_bypass,causal_bypass
base_sas,Base + SAS,unsloth/Llama-3.2-1B-Instruct,candidates,ground_truth,4080,0,3.75,causal_bypass,causal_bypass
base_sas,Base + SAS,unsloth/Llama-3.2-1B-Instruct,candidates,ground_truth,4080,1,1.8125,causal_bypass,causal_bypass
base_sas,Base + SAS,unsloth/Llama-3.2-1B-Instruct,candidates,ground_truth,4080,2,2.875,causal_bypass,causal_bypass
base_sas,Base + SAS,unsloth/Llama-3.2-1B-Instruct,candidates,ground_truth,4080,3,1.3749998807907104,causal_bypass,causal_bypass
base_sas,Base + SAS,unsloth/Llama-3.2-1B-Instruct,candidates,ground_truth,4080,4,3.5,causal_bypass,causal_bypass
base_sas,Base + SAS,unsloth/Llama-3.2-1B-Instruct,candidates,ground_truth,4080,5,0.625,causal_bypass,causal_bypass
base_sas,Base + SAS,unsloth/Llama-3.2-1B-Instruct,candidates,ground_truth,4080,6,0.375,causal_bypass,causal_bypass
base_sas,Base + SAS,unsloth/Llama-3.2-1B-Instruct,candidates,ground_truth,4080,7,0.6250002384185791,causal_bypass,causal_bypass
base_sas,Base + SAS,unsloth/Llama-3.2-1B-Instruct,candidates,ground_truth,4080,8,0.5625,causal_bypass,causal_bypass
base_sas,Base + SAS,unsloth/Llama-3.2-1B-Instruct,candidates,ground_truth,4080,9,1.25,causal_bypass,causal_bypass
base_sas,Base + SAS,unsloth/Llama-3.2-1B-Instruct,candidates,ground_truth,4080,10,3.4375,causal_bypass,causal_bypass
base_sas,Base + SAS,unsloth/Llama-3.2-1B-Instruct,candidates,ground_truth,4080,11,0.0,causal_bypass,causal_bypass
base_sas,Base + SAS,unsloth/Llama-3.2-1B-Instruct,candidates,ground_truth,4080,12,1.375,causal_bypass,causal_bypass
base_sas,Base + SAS,unsloth/Llama-3.2-1B-Instruct,candidates,ground_truth,4080,13,0.5,causal_bypass,causal_bypass
base_sas,Base + SAS,unsloth/Llama-3.2-1B-Instruct,candidates,ground_truth,4080,14,0.6875,causal_bypass,causal_bypass
base_sas,Base + SAS,unsloth/Llama-3.2-1B-Instruct,candidates,ground_truth,4080,15,1.6875,causal_bypass,causal_bypass
base_sas,Base + SAS,unsloth/Llama-3.2-1B-Instruct,candidates,model_choice,4080,0,3.25,causal_bypass,causal_bypass
base_sas,Base + SAS,unsloth/Llama-3.2-1B-Instruct,candidates,model_choice,4080,1,2.8125,causal_bypass,causal_bypass
base_sas,Base + SAS,unsloth/Llama-3.2-1B-Instruct,candidates,model_choice,4080,2,0.1875,causal_bypass,causal_bypass
base_sas,Base + SAS,unsloth/Llama-3.2-1B-Instruct,candidates,model_choice,4080,3,2.0,causal_bypass,causal_bypass
base_sas,Base + SAS,unsloth/Llama-3.2-1B-Instruct,candidates,model_choice,4080,4,1.375,causal_bypass,causal_bypass
base_sas,Base + SAS,unsloth/Llama-3.2-1B-Instruct,candidates,model_choice,4080,5,1.375,causal_bypass,causal_bypass
base_sas,Base + SAS,unsloth/Llama-3.2-1B-Instruct,candidates,model_choice,4080,6,0.125,causal_bypass,causal_bypass
base_sas,Base + SAS,unsloth/Llama-3.2-1B-Instruct,candidates,model_choice,4080,7,0.25,causal_bypass,causal_bypass
base_sas,Base + SAS,unsloth/Llama-3.2-1B-Instruct,candidates,model_choice,4080,8,2.624999761581421,causal_bypass,causal_bypass
base_sas,Base + SAS,unsloth/Llama-3.2-1B-Instruct,candidates,model_choice,4080,9,1.25,causal_bypass,causal_bypass
base_sas,Base + SAS,unsloth/Llama-3.2-1B-Instruct,candidates,model_choice,4080,10,2.125,causal_bypass,causal_bypass
base_sas,Base + SAS,unsloth/Llama-3.2-1B-Instruct,candidates,model_choice,4080,11,0.5,causal_bypass,causal_bypass
base_sas,Base + SAS,unsloth/Llama-3.2-1B-Instruct,candidates,model_choice,4080,12,1.25,causal_bypass,causal_bypass
base_sas,Base + SAS,unsloth/Llama-3.2-1B-Instruct,candidates,model_choice,4080,13,0.37499988079071045,causal_bypass,causal_bypass
base_sas,Base + SAS,unsloth/Llama-3.2-1B-Instruct,candidates,model_choice,4080,14,0.625,causal_bypass,causal_bypass
base_sas,Base + SAS,unsloth/Llama-3.2-1B-Instruct,candidates,model_choice,4080,15,0.75,causal_bypass,causal_bypass
base_sas,Base + SAS,unsloth/Llama-3.2-1B-Instruct,candidates,ground_truth,4500,0,0.71875,causal_bypass,causal_bypass
base_sas,Base + SAS,unsloth/Llama-3.2-1B-Instruct,candidates,ground_truth,4500,1,5.4375,causal_bypass,causal_bypass
base_sas,Base + SAS,unsloth/Llama-3.2-1B-Instruct,candidates,ground_truth,4500,2,0.3125,causal_bypass,causal_bypass
base_sas,Base + SAS,unsloth/Llama-3.2-1B-Instruct,candidates,ground_truth,4500,3,2.375,causal_bypass,causal_bypass
base_sas,Base + SAS,unsloth/Llama-3.2-1B-Instruct,candidates,ground_truth,4500,4,1.1875,causal_bypass,causal_bypass
base_sas,Base + SAS,unsloth/Llama-3.2-1B-Instruct,candidates,ground_truth,4500,5,1.25,causal_bypass,causal_bypass
base_sas,Base + SAS,unsloth/Llama-3.2-1B-Instruct,candidates,ground_truth,4500,6,1.0624998807907104,causal_bypass,causal_bypass
base_sas,Base + SAS,unsloth/Llama-3.2-1B-Instruct,candidates,ground_truth,4500,7,0.6875,causal_bypass,causal_bypass
base_sas,Base + SAS,unsloth/Llama-3.2-1B-Instruct,candidates,ground_truth,4500,8,3.9375,causal_bypass,causal_bypass
base_sas,Base + SAS,unsloth/Llama-3.2-1B-Instruct,candidates,ground_truth,4500,9,0.125,causal_bypass,causal_bypass
base_sas,Base + SAS,unsloth/Llama-3.2-1B-Instruct,candidates,ground_truth,4500,10,0.5,causal_bypass,causal_bypass
base_sas,Base + SAS,unsloth/Llama-3.2-1B-Instruct,candidates,ground_truth,4500,11,1.125,causal_bypass,causal_bypass
base_sas,Base + SAS,unsloth/Llama-3.2-1B-Instruct,candidates,ground_truth,4500,12,1.625,causal_bypass,causal_bypass
base_sas,Base + SAS,unsloth/Llama-3.2-1B-Instruct,candidates,ground_truth,4500,13,0.625,causal_bypass,causal_bypass
base_sas,Base + SAS,unsloth/Llama-3.2-1B-Instruct,candidates,ground_truth,4500,14,2.75,causal_bypass,causal_bypass
base_sas,Base + SAS,unsloth/Llama-3.2-1B-Instruct,candidates,ground_truth,4500,15,2.625,causal_bypass,causal_bypass
base_sas,Base + SAS,unsloth/Llama-3.2-1B-Instruct,candidates,model_choice,4500,0,3.28125,causal_bypass,causal_bypass
base_sas,Base + SAS,unsloth/Llama-3.2-1B-Instruct,candidates,model_choice,4500,1,1.0,causal_bypass,causal_bypass
base_sas,Base + SAS,unsloth/Llama-3.2-1B-Instruct,candidates,model_choice,4500,2,0.25,causal_bypass,causal_bypass
base_sas,Base + SAS,unsloth/Llama-3.2-1B-Instruct,candidates,model_choice,4500,3,0.125,causal_bypass,causal_bypass
base_sas,Base + SAS,unsloth/Llama-3.2-1B-Instruct,candidates,model_choice,4500,4,1.125,causal_bypass,causal_bypass
base_sas,Base + SAS,unsloth/Llama-3.2-1B-Instruct,candidates,model_choice,4500,5,2.625,causal_bypass,causal_bypass
base_sas,Base + SAS,unsloth/Llama-3.2-1B-Instruct,candidates,model_choice,4500,6,0.7500001192092896,causal_bypass,causal_bypass
base_sas,Base + SAS,unsloth/Llama-3.2-1B-Instruct,candidates,model_choice,4500,7,0.75,causal_bypass,causal_bypass
base_sas,Base + SAS,unsloth/Llama-3.2-1B-Instruct,candidates,model_choice,4500,8,1.125,causal_bypass,causal_bypass
base_sas,Base + SAS,unsloth/Llama-3.2-1B-Instruct,candidates,model_choice,4500,9,0.75,causal_bypass,causal_bypass
base_sas,Base + SAS,unsloth/Llama-3.2-1B-Instruct,candidates,model_choice,4500,10,2.125,causal_bypass,causal_bypass
base_sas,Base + SAS,unsloth/Llama-3.2-1B-Instruct,candidates,model_choice,4500,11,0.625,causal_bypass,causal_bypass
base_sas,Base + SAS,unsloth/Llama-3.2-1B-Instruct,candidates,model_choice,4500,12,0.125,causal_bypass,causal_bypass
base_sas,Base + SAS,unsloth/Llama-3.2-1B-Instruct,candidates,model_choice,4500,13,0.875,causal_bypass,causal_bypass
base_sas,Base + SAS,unsloth/Llama-3.2-1B-Instruct,candidates,model_choice,4500,14,0.8125,causal_bypass,causal_bypass
base_sas,Base + SAS,unsloth/Llama-3.2-1B-Instruct,candidates,model_choice,4500,15,0.6250000596046448,causal_bypass,causal_bypass
base_sas,Base + SAS,unsloth/Llama-3.2-1B-Instruct,candidates,ground_truth,4660,0,1.875,causal_bypass,causal_bypass
base_sas,Base + SAS,unsloth/Llama-3.2-1B-Instruct,candidates,ground_truth,4660,1,1.375,causal_bypass,causal_bypass
base_sas,Base + SAS,unsloth/Llama-3.2-1B-Instruct,candidates,ground_truth,4660,2,0.5625002384185791,causal_bypass,causal_bypass
base_sas,Base + SAS,unsloth/Llama-3.2-1B-Instruct,candidates,ground_truth,4660,3,0.6249998807907104,causal_bypass,causal_bypass
base_sas,Base + SAS,unsloth/Llama-3.2-1B-Instruct,candidates,ground_truth,4660,4,2.125,causal_bypass,causal_bypass
base_sas,Base + SAS,unsloth/Llama-3.2-1B-Instruct,candidates,ground_truth,4660,5,0.625,causal_bypass,causal_bypass
base_sas,Base + SAS,unsloth/Llama-3.2-1B-Instruct,candidates,ground_truth,4660,6,0.8125,causal_bypass,causal_bypass
base_sas,Base + SAS,unsloth/Llama-3.2-1B-Instruct,candidates,ground_truth,4660,7,1.25,causal_bypass,causal_bypass
base_sas,Base + SAS,unsloth/Llama-3.2-1B-Instruct,candidates,ground_truth,4660,8,2.0,causal_bypass,causal_bypass
base_sas,Base + SAS,unsloth/Llama-3.2-1B-Instruct,candidates,ground_truth,4660,9,0.875,causal_bypass,causal_bypass
base_sas,Base + SAS,unsloth/Llama-3.2-1B-Instruct,candidates,ground_truth,4660,10,1.0,causal_bypass,causal_bypass
base_sas,Base + SAS,unsloth/Llama-3.2-1B-Instruct,candidates,ground_truth,4660,11,1.2500001192092896,causal_bypass,causal_bypass
base_sas,Base + SAS,unsloth/Llama-3.2-1B-Instruct,candidates,ground_truth,4660,12,0.5,causal_bypass,causal_bypass
base_sas,Base + SAS,unsloth/Llama-3.2-1B-Instruct,candidates,ground_truth,4660,13,0.0,causal_bypass,causal_bypass
base_sas,Base + SAS,unsloth/Llama-3.2-1B-Instruct,candidates,ground_truth,4660,14,2.375,causal_bypass,causal_bypass
base_sas,Base + SAS,unsloth/Llama-3.2-1B-Instruct,candidates,ground_truth,4660,15,3.3125,causal_bypass,causal_bypass
base_sas,Base + SAS,unsloth/Llama-3.2-1B-Instruct,candidates,model_choice,4660,0,1.9375,causal_bypass,causal_bypass
base_sas,Base + SAS,unsloth/Llama-3.2-1B-Instruct,candidates,model_choice,4660,1,0.875,causal_bypass,causal_bypass
base_sas,Base + SAS,unsloth/Llama-3.2-1B-Instruct,candidates,model_choice,4660,2,0.5,causal_bypass,causal_bypass
base_sas,Base + SAS,unsloth/Llama-3.2-1B-Instruct,candidates,model_choice,4660,3,0.375,causal_bypass,causal_bypass
base_sas,Base + SAS,unsloth/Llama-3.2-1B-Instruct,candidates,model_choice,4660,4,1.75,causal_bypass,causal_bypass
base_sas,Base + SAS,unsloth/Llama-3.2-1B-Instruct,candidates,model_choice,4660,5,0.875,causal_bypass,causal_bypass
base_sas,Base + SAS,unsloth/Llama-3.2-1B-Instruct,candidates,model_choice,4660,6,0.6250001192092896,causal_bypass,causal_bypass
base_sas,Base + SAS,unsloth/Llama-3.2-1B-Instruct,candidates,model_choice,4660,7,0.5625,causal_bypass,causal_bypass
base_sas,Base + SAS,unsloth/Llama-3.2-1B-Instruct,candidates,model_choice,4660,8,0.0,causal_bypass,causal_bypass
base_sas,Base + SAS,unsloth/Llama-3.2-1B-Instruct,candidates,model_choice,4660,9,0.5000001192092896,causal_bypass,causal_bypass
base_sas,Base + SAS,unsloth/Llama-3.2-1B-Instruct,candidates,model_choice,4660,10,0.375,causal_bypass,causal_bypass
base_sas,Base + SAS,unsloth/Llama-3.2-1B-Instruct,candidates,model_choice,4660,11,0.625,causal_bypass,causal_bypass
base_sas,Base + SAS,unsloth/Llama-3.2-1B-Instruct,candidates,model_choice,4660,12,0.375,causal_bypass,causal_bypass
base_sas,Base + SAS,unsloth/Llama-3.2-1B-Instruct,candidates,model_choice,4660,13,0.5,causal_bypass,causal_bypass
base_sas,Base + SAS,unsloth/Llama-3.2-1B-Instruct,candidates,model_choice,4660,14,3.25,causal_bypass,causal_bypass
base_sas,Base + SAS,unsloth/Llama-3.2-1B-Instruct,candidates,model_choice,4660,15,1.5,causal_bypass,causal_bypass
base_sas,Base + SAS,unsloth/Llama-3.2-1B-Instruct,candidates,ground_truth,4722,0,0.9111328125,causal_bypass,causal_bypass
base_sas,Base + SAS,unsloth/Llama-3.2-1B-Instruct,candidates,ground_truth,4722,1,0.5625,causal_bypass,causal_bypass
base_sas,Base + SAS,unsloth/Llama-3.2-1B-Instruct,candidates,ground_truth,4722,2,1.25,causal_bypass,causal_bypass
base_sas,Base + SAS,unsloth/Llama-3.2-1B-Instruct,candidates,ground_truth,4722,3,0.5,causal_bypass,causal_bypass
base_sas,Base + SAS,unsloth/Llama-3.2-1B-Instruct,candidates,ground_truth,4722,4,2.6875,causal_bypass,causal_bypass
base_sas,Base + SAS,unsloth/Llama-3.2-1B-Instruct,candidates,ground_truth,4722,5,0.625,causal_bypass,causal_bypass
base_sas,Base + SAS,unsloth/Llama-3.2-1B-Instruct,candidates,ground_truth,4722,6,0.125,causal_bypass,causal_bypass
base_sas,Base + SAS,unsloth/Llama-3.2-1B-Instruct,candidates,ground_truth,4722,7,0.4375,causal_bypass,causal_bypass
base_sas,Base + SAS,unsloth/Llama-3.2-1B-Instruct,candidates,ground_truth,4722,8,3.562499761581421,causal_bypass,causal_bypass
base_sas,Base + SAS,unsloth/Llama-3.2-1B-Instruct,candidates,ground_truth,4722,9,0.875,causal_bypass,causal_bypass
base_sas,Base + SAS,unsloth/Llama-3.2-1B-Instruct,candidates,ground_truth,4722,10,0.7500001192092896,causal_bypass,causal_bypass
base_sas,Base + SAS,unsloth/Llama-3.2-1B-Instruct,candidates,ground_truth,4722,11,0.5,causal_bypass,causal_bypass
base_sas,Base + SAS,unsloth/Llama-3.2-1B-Instruct,candidates,ground_truth,4722,12,0.625,causal_bypass,causal_bypass
base_sas,Base + SAS,unsloth/Llama-3.2-1B-Instruct,candidates,ground_truth,4722,13,1.875,causal_bypass,causal_bypass
base_sas,Base + SAS,unsloth/Llama-3.2-1B-Instruct,candidates,ground_truth,4722,14,2.437500238418579,causal_bypass,causal_bypass
base_sas,Base + SAS,unsloth/Llama-3.2-1B-Instruct,candidates,ground_truth,4722,15,1.75,causal_bypass,causal_bypass
base_sas,Base + SAS,unsloth/Llama-3.2-1B-Instruct,candidates,model_choice,4722,0,0.9111328125,causal_bypass,causal_bypass
base_sas,Base + SAS,unsloth/Llama-3.2-1B-Instruct,candidates,model_choice,4722,1,0.5625,causal_bypass,causal_bypass
base_sas,Base + SAS,unsloth/Llama-3.2-1B-Instruct,candidates,model_choice,4722,2,1.25,causal_bypass,causal_bypass
base_sas,Base + SAS,unsloth/Llama-3.2-1B-Instruct,candidates,model_choice,4722,3,0.5,causal_bypass,causal_bypass
base_sas,Base + SAS,unsloth/Llama-3.2-1B-Instruct,candidates,model_choice,4722,4,2.6875,causal_bypass,causal_bypass
base_sas,Base + SAS,unsloth/Llama-3.2-1B-Instruct,candidates,model_choice,4722,5,0.625,causal_bypass,causal_bypass
base_sas,Base + SAS,unsloth/Llama-3.2-1B-Instruct,candidates,model_choice,4722,6,0.125,causal_bypass,causal_bypass
base_sas,Base + SAS,unsloth/Llama-3.2-1B-Instruct,candidates,model_choice,4722,7,0.4375,causal_bypass,causal_bypass
base_sas,Base + SAS,unsloth/Llama-3.2-1B-Instruct,candidates,model_choice,4722,8,3.562499761581421,causal_bypass,causal_bypass
base_sas,Base + SAS,unsloth/Llama-3.2-1B-Instruct,candidates,model_choice,4722,9,0.875,causal_bypass,causal_bypass
base_sas,Base + SAS,unsloth/Llama-3.2-1B-Instruct,candidates,model_choice,4722,10,0.7500001192092896,causal_bypass,causal_bypass
base_sas,Base + SAS,unsloth/Llama-3.2-1B-Instruct,candidates,model_choice,4722,11,0.5,causal_bypass,causal_bypass
base_sas,Base + SAS,unsloth/Llama-3.2-1B-Instruct,candidates,model_choice,4722,12,0.625,causal_bypass,causal_bypass
base_sas,Base + SAS,unsloth/Llama-3.2-1B-Instruct,candidates,model_choice,4722,13,1.875,causal_bypass,causal_bypass
base_sas,Base + SAS,unsloth/Llama-3.2-1B-Instruct,candidates,model_choice,4722,14,2.437500238418579,causal_bypass,causal_bypass
base_sas,Base + SAS,unsloth/Llama-3.2-1B-Instruct,candidates,model_choice,4722,15,1.75,causal_bypass,causal_bypass
base_sas,Base + SAS,unsloth/Llama-3.2-1B-Instruct,candidates,ground_truth,4888,0,8.28124988079071,causal_bypass,causal_bypass
base_sas,Base + SAS,unsloth/Llama-3.2-1B-Instruct,candidates,ground_truth,4888,1,3.5624998807907104,causal_bypass,causal_bypass
base_sas,Base + SAS,unsloth/Llama-3.2-1B-Instruct,candidates,ground_truth,4888,2,2.2499998807907104,causal_bypass,causal_bypass
base_sas,Base + SAS,unsloth/Llama-3.2-1B-Instruct,candidates,ground_truth,4888,3,2.2499998807907104,causal_bypass,causal_bypass
base_sas,Base + SAS,unsloth/Llama-3.2-1B-Instruct,candidates,ground_truth,4888,4,3.4999998807907104,causal_bypass,causal_bypass
base_sas,Base + SAS,unsloth/Llama-3.2-1B-Instruct,candidates,ground_truth,4888,5,2.3749998807907104,causal_bypass,causal_bypass
base_sas,Base + SAS,unsloth/Llama-3.2-1B-Instruct,candidates,ground_truth,4888,6,2.7499998807907104,causal_bypass,causal_bypass
base_sas,Base + SAS,unsloth/Llama-3.2-1B-Instruct,candidates,ground_truth,4888,7,1.9374998807907104,causal_bypass,causal_bypass
base_sas,Base + SAS,unsloth/Llama-3.2-1B-Instruct,candidates,ground_truth,4888,8,4.8749998807907104,causal_bypass,causal_bypass
base_sas,Base + SAS,unsloth/Llama-3.2-1B-Instruct,candidates,ground_truth,4888,9,3.3749998807907104,causal_bypass,causal_bypass
base_sas,Base + SAS,unsloth/Llama-3.2-1B-Instruct,candidates,ground_truth,4888,10,2.6249998807907104,causal_bypass,causal_bypass
base_sas,Base + SAS,unsloth/Llama-3.2-1B-Instruct,candidates,ground_truth,4888,11,0.5000001192092896,causal_bypass,causal_bypass
base_sas,Base + SAS,unsloth/Llama-3.2-1B-Instruct,candidates,ground_truth,4888,12,2.3749998807907104,causal_bypass,causal_bypass
base_sas,Base + SAS,unsloth/Llama-3.2-1B-Instruct,candidates,ground_truth,4888,13,1.0000001192092896,causal_bypass,causal_bypass
base_sas,Base + SAS,unsloth/Llama-3.2-1B-Instruct,candidates,ground_truth,4888,14,3.7499998807907104,causal_bypass,causal_bypass
base_sas,Base + SAS,unsloth/Llama-3.2-1B-Instruct,candidates,ground_truth,4888,15,2.0625001192092896,causal_bypass,causal_bypass
base_sas,Base + SAS,unsloth/Llama-3.2-1B-Instruct,candidates,model_choice,4888,0,5.0312498807907104,causal_bypass,causal_bypass
base_sas,Base + SAS,unsloth/Llama-3.2-1B-Instruct,candidates,model_choice,4888,1,2.0624998807907104,causal_bypass,causal_bypass
base_sas,Base + SAS,unsloth/Llama-3.2-1B-Instruct,candidates,model_choice,4888,2,2.4999998807907104,causal_bypass,causal_bypass
base_sas,Base + SAS,unsloth/Llama-3.2-1B-Instruct,candidates,model_choice,4888,3,1.9999998807907104,causal_bypass,causal_bypass
base_sas,Base + SAS,unsloth/Llama-3.2-1B-Instruct,candidates,model_choice,4888,4,1.3749998807907104,causal_bypass,causal_bypass
base_sas,Base + SAS,unsloth/Llama-3.2-1B-Instruct,candidates,model_choice,4888,5,0.5625001192092896,causal_bypass,causal_bypass
base_sas,Base + SAS,unsloth/Llama-3.2-1B-Instruct,candidates,model_choice,4888,6,1.4999998807907104,causal_bypass,causal_bypass
base_sas,Base + SAS,unsloth/Llama-3.2-1B-Instruct,candidates,model_choice,4888,7,1.1920928955078125e-07,causal_bypass,causal_bypass
base_sas,Base + SAS,unsloth/Llama-3.2-1B-Instruct,candidates,model_choice,4888,8,1.3124998807907104,causal_bypass,causal_bypass
base_sas,Base + SAS,unsloth/Llama-3.2-1B-Instruct,candidates,model_choice,4888,9,2.7499998807907104,causal_bypass,causal_bypass
base_sas,Base + SAS,unsloth/Llama-3.2-1B-Instruct,candidates,model_choice,4888,10,2.6249998807907104,causal_bypass,causal_bypass
base_sas,Base + SAS,unsloth/Llama-3.2-1B-Instruct,candidates,model_choice,4888,11,1.3750001192092896,causal_bypass,causal_bypass
base_sas,Base + SAS,unsloth/Llama-3.2-1B-Instruct,candidates,model_choice,4888,12,0.6249997615814209,causal_bypass,causal_bypass
base_sas,Base + SAS,unsloth/Llama-3.2-1B-Instruct,candidates,model_choice,4888,13,0.25000011920928955,causal_bypass,causal_bypass
base_sas,Base + SAS,unsloth/Llama-3.2-1B-Instruct,candidates,model_choice,4888,14,1.7499998807907104,causal_bypass,causal_bypass
base_sas,Base + SAS,unsloth/Llama-3.2-1B-Instruct,candidates,model_choice,4888,15,0.6250001192092896,causal_bypass,causal_bypass
base_sas,Base + SAS,unsloth/Llama-3.2-1B-Instruct,candidates,ground_truth,5531,0,4.7031251192092896,causal_bypass,causal_bypass
base_sas,Base + SAS,unsloth/Llama-3.2-1B-Instruct,candidates,ground_truth,5531,1,1.1874996423721313,causal_bypass,causal_bypass
base_sas,Base + SAS,unsloth/Llama-3.2-1B-Instruct,candidates,ground_truth,5531,2,1.3749996423721313,causal_bypass,causal_bypass
base_sas,Base + SAS,unsloth/Llama-3.2-1B-Instruct,candidates,ground_truth,5531,3,3.1249998807907104,causal_bypass,causal_bypass
base_sas,Base + SAS,unsloth/Llama-3.2-1B-Instruct,candidates,ground_truth,5531,4,0.12499988079071045,causal_bypass,causal_bypass
base_sas,Base + SAS,unsloth/Llama-3.2-1B-Instruct,candidates,ground_truth,5531,5,0.5000001192092896,causal_bypass,causal_bypass
base_sas,Base + SAS,unsloth/Llama-3.2-1B-Instruct,candidates,ground_truth,5531,6,0.25000011920928955,causal_bypass,causal_bypass
base_sas,Base + SAS,unsloth/Llama-3.2-1B-Instruct,candidates,ground_truth,5531,7,1.1874996423721313,causal_bypass,causal_bypass
base_sas,Base + SAS,unsloth/Llama-3.2-1B-Instruct,candidates,ground_truth,5531,8,4.8749998807907104,causal_bypass,causal_bypass
base_sas,Base + SAS,unsloth/Llama-3.2-1B-Instruct,candidates,ground_truth,5531,9,0.8750001192092896,causal_bypass,causal_bypass
base_sas,Base + SAS,unsloth/Llama-3.2-1B-Instruct,candidates,ground_truth,5531,10,2.000000238418579,causal_bypass,causal_bypass
base_sas,Base + SAS,unsloth/Llama-3.2-1B-Instruct,candidates,ground_truth,5531,11,0.18750035762786865,causal_bypass,causal_bypass
base_sas,Base + SAS,unsloth/Llama-3.2-1B-Instruct,candidates,ground_truth,5531,12,2.375000238418579,causal_bypass,causal_bypass
base_sas,Base + SAS,unsloth/Llama-3.2-1B-Instruct,candidates,ground_truth,5531,13,3.6250003576278687,causal_bypass,causal_bypass
base_sas,Base + SAS,unsloth/Llama-3.2-1B-Instruct,candidates,ground_truth,5531,14,7.1874998807907104,causal_bypass,causal_bypass
base_sas,Base + SAS,unsloth/Llama-3.2-1B-Instruct,candidates,ground_truth,5531,15,2.0000001192092896,causal_bypass,causal_bypass
base_sas,Base + SAS,unsloth/Llama-3.2-1B-Instruct,candidates,model_choice,5531,0,7.359374642372131,causal_bypass,causal_bypass
base_sas,Base + SAS,unsloth/Llama-3.2-1B-Instruct,candidates,model_choice,5531,1,2.1874996423721313,causal_bypass,causal_bypass
base_sas,Base + SAS,unsloth/Llama-3.2-1B-Instruct,candidates,model_choice,5531,2,0.9374998807907104,causal_bypass,causal_bypass
base_sas,Base + SAS,unsloth/Llama-3.2-1B-Instruct,candidates,model_choice,5531,3,2.5624998807907104,causal_bypass,causal_bypass
base_sas,Base + SAS,unsloth/Llama-3.2-1B-Instruct,candidates,model_choice,5531,4,0.7500001192092896,causal_bypass,causal_bypass
base_sas,Base + SAS,unsloth/Llama-3.2-1B-Instruct,candidates,model_choice,5531,5,1.1250001192092896,causal_bypass,causal_bypass
base_sas,Base + SAS,unsloth/Llama-3.2-1B-Instruct,candidates,model_choice,5531,6,1.3750001192092896,causal_bypass,causal_bypass
base_sas,Base + SAS,unsloth/Llama-3.2-1B-Instruct,candidates,model_choice,5531,7,0.5000001192092896,causal_bypass,causal_bypass
base_sas,Base + SAS,unsloth/Llama-3.2-1B-Instruct,candidates,model_choice,5531,8,1.9999998807907104,causal_bypass,causal_bypass
base_sas,Base + SAS,unsloth/Llama-3.2-1B-Instruct,candidates,model_choice,5531,9,1.0000001192092896,causal_bypass,causal_bypass
base_sas,Base + SAS,unsloth/Llama-3.2-1B-Instruct,candidates,model_choice,5531,10,0.43749988079071045,causal_bypass,causal_bypass
base_sas,Base + SAS,unsloth/Llama-3.2-1B-Instruct,candidates,model_choice,5531,11,1.5000001192092896,causal_bypass,causal_bypass
base_sas,Base + SAS,unsloth/Llama-3.2-1B-Instruct,candidates,model_choice,5531,12,0.25000011920928955,causal_bypass,causal_bypass
base_sas,Base + SAS,unsloth/Llama-3.2-1B-Instruct,candidates,model_choice,5531,13,4.000000357627869,causal_bypass,causal_bypass
base_sas,Base + SAS,unsloth/Llama-3.2-1B-Instruct,candidates,model_choice,5531,14,0.25000011920928955,causal_bypass,causal_bypass
base_sas,Base + SAS,unsloth/Llama-3.2-1B-Instruct,candidates,model_choice,5531,15,2.8125001192092896,causal_bypass,causal_bypass
base_sas,Base + SAS,unsloth/Llama-3.2-1B-Instruct,candidates,ground_truth,5536,0,0.8671875,causal_bypass,causal_bypass
base_sas,Base + SAS,unsloth/Llama-3.2-1B-Instruct,candidates,ground_truth,5536,1,1.1875,causal_bypass,causal_bypass
base_sas,Base + SAS,unsloth/Llama-3.2-1B-Instruct,candidates,ground_truth,5536,2,2.9375,causal_bypass,causal_bypass
base_sas,Base + SAS,unsloth/Llama-3.2-1B-Instruct,candidates,ground_truth,5536,3,4.0,causal_bypass,causal_bypass
base_sas,Base + SAS,unsloth/Llama-3.2-1B-Instruct,candidates,ground_truth,5536,4,2.25,causal_bypass,causal_bypass
base_sas,Base + SAS,unsloth/Llama-3.2-1B-Instruct,candidates,ground_truth,5536,5,0.4375,causal_bypass,causal_bypass
base_sas,Base + SAS,unsloth/Llama-3.2-1B-Instruct,candidates,ground_truth,5536,6,1.6875,causal_bypass,causal_bypass
base_sas,Base + SAS,unsloth/Llama-3.2-1B-Instruct,candidates,ground_truth,5536,7,3.9375,causal_bypass,causal_bypass
base_sas,Base + SAS,unsloth/Llama-3.2-1B-Instruct,candidates,ground_truth,5536,8,5.9375,causal_bypass,causal_bypass
base_sas,Base + SAS,unsloth/Llama-3.2-1B-Instruct,candidates,ground_truth,5536,9,0.4999997615814209,causal_bypass,causal_bypass
base_sas,Base + SAS,unsloth/Llama-3.2-1B-Instruct,candidates,ground_truth,5536,10,0.75,causal_bypass,causal_bypass
base_sas,Base + SAS,unsloth/Llama-3.2-1B-Instruct,candidates,ground_truth,5536,11,0.875,causal_bypass,causal_bypass
base_sas,Base + SAS,unsloth/Llama-3.2-1B-Instruct,candidates,ground_truth,5536,12,0.5624997615814209,causal_bypass,causal_bypass
base_sas,Base + SAS,unsloth/Llama-3.2-1B-Instruct,candidates,ground_truth,5536,13,0.875,causal_bypass,causal_bypass
base_sas,Base + SAS,unsloth/Llama-3.2-1B-Instruct,candidates,ground_truth,5536,14,2.0,causal_bypass,causal_bypass
base_sas,Base + SAS,unsloth/Llama-3.2-1B-Instruct,candidates,ground_truth,5536,15,0.6875002384185791,causal_bypass,causal_bypass
base_sas,Base + SAS,unsloth/Llama-3.2-1B-Instruct,candidates,model_choice,5536,0,3.03125,causal_bypass,causal_bypass
base_sas,Base + SAS,unsloth/Llama-3.2-1B-Instruct,candidates,model_choice,5536,1,1.0625,causal_bypass,causal_bypass
base_sas,Base + SAS,unsloth/Llama-3.2-1B-Instruct,candidates,model_choice,5536,2,1.125,causal_bypass,causal_bypass
base_sas,Base + SAS,unsloth/Llama-3.2-1B-Instruct,candidates,model_choice,5536,3,3.375,causal_bypass,causal_bypass
base_sas,Base + SAS,unsloth/Llama-3.2-1B-Instruct,candidates,model_choice,5536,4,4.6875,causal_bypass,causal_bypass
base_sas,Base + SAS,unsloth/Llama-3.2-1B-Instruct,candidates,model_choice,5536,5,2.25,causal_bypass,causal_bypass
base_sas,Base + SAS,unsloth/Llama-3.2-1B-Instruct,candidates,model_choice,5536,6,1.9999998807907104,causal_bypass,causal_bypass
base_sas,Base + SAS,unsloth/Llama-3.2-1B-Instruct,candidates,model_choice,5536,7,3.6875,causal_bypass,causal_bypass
base_sas,Base + SAS,unsloth/Llama-3.2-1B-Instruct,candidates,model_choice,5536,8,3.125,causal_bypass,causal_bypass
base_sas,Base + SAS,unsloth/Llama-3.2-1B-Instruct,candidates,model_choice,5536,9,1.625,causal_bypass,causal_bypass
base_sas,Base + SAS,unsloth/Llama-3.2-1B-Instruct,candidates,model_choice,5536,10,0.75,causal_bypass,causal_bypass
base_sas,Base + SAS,unsloth/Llama-3.2-1B-Instruct,candidates,model_choice,5536,11,0.4375,causal_bypass,causal_bypass
base_sas,Base + SAS,unsloth/Llama-3.2-1B-Instruct,candidates,model_choice,5536,12,0.0625,causal_bypass,causal_bypass
base_sas,Base + SAS,unsloth/Llama-3.2-1B-Instruct,candidates,model_choice,5536,13,0.7499998807907104,causal_bypass,causal_bypass
base_sas,Base + SAS,unsloth/Llama-3.2-1B-Instruct,candidates,model_choice,5536,14,0.875,causal_bypass,causal_bypass
base_sas,Base + SAS,unsloth/Llama-3.2-1B-Instruct,candidates,model_choice,5536,15,0.625,causal_bypass,causal_bypass
base_sas,Base + SAS,unsloth/Llama-3.2-1B-Instruct,candidates,ground_truth,5795,0,4.390625,causal_bypass,causal_bypass
base_sas,Base + SAS,unsloth/Llama-3.2-1B-Instruct,candidates,ground_truth,5795,1,1.0625,causal_bypass,causal_bypass
base_sas,Base + SAS,unsloth/Llama-3.2-1B-Instruct,candidates,ground_truth,5795,2,3.75,causal_bypass,causal_bypass
base_sas,Base + SAS,unsloth/Llama-3.2-1B-Instruct,candidates,ground_truth,5795,3,4.5,causal_bypass,causal_bypass
base_sas,Base + SAS,unsloth/Llama-3.2-1B-Instruct,candidates,ground_truth,5795,4,2.0625,causal_bypass,causal_bypass
base_sas,Base + SAS,unsloth/Llama-3.2-1B-Instruct,candidates,ground_truth,5795,5,0.3125,causal_bypass,causal_bypass
base_sas,Base + SAS,unsloth/Llama-3.2-1B-Instruct,candidates,ground_truth,5795,6,1.75,causal_bypass,causal_bypass
base_sas,Base + SAS,unsloth/Llama-3.2-1B-Instruct,candidates,ground_truth,5795,7,3.9375,causal_bypass,causal_bypass
base_sas,Base + SAS,unsloth/Llama-3.2-1B-Instruct,candidates,ground_truth,5795,8,5.8125,causal_bypass,causal_bypass
base_sas,Base + SAS,unsloth/Llama-3.2-1B-Instruct,candidates,ground_truth,5795,9,1.0,causal_bypass,causal_bypass
base_sas,Base + SAS,unsloth/Llama-3.2-1B-Instruct,candidates,ground_truth,5795,10,2.875,causal_bypass,causal_bypass
base_sas,Base + SAS,unsloth/Llama-3.2-1B-Instruct,candidates,ground_truth,5795,11,1.1250001192092896,causal_bypass,causal_bypass
base_sas,Base + SAS,unsloth/Llama-3.2-1B-Instruct,candidates,ground_truth,5795,12,0.1875,causal_bypass,causal_bypass
base_sas,Base + SAS,unsloth/Llama-3.2-1B-Instruct,candidates,ground_truth,5795,13,1.375,causal_bypass,causal_bypass
base_sas,Base + SAS,unsloth/Llama-3.2-1B-Instruct,candidates,ground_truth,5795,14,1.1249995231628418,causal_bypass,causal_bypass
base_sas,Base + SAS,unsloth/Llama-3.2-1B-Instruct,candidates,ground_truth,5795,15,0.25,causal_bypass,causal_bypass
base_sas,Base + SAS,unsloth/Llama-3.2-1B-Instruct,candidates,model_choice,5795,0,6.625,causal_bypass,causal_bypass
base_sas,Base + SAS,unsloth/Llama-3.2-1B-Instruct,candidates,model_choice,5795,1,3.125000238418579,causal_bypass,causal_bypass
base_sas,Base + SAS,unsloth/Llama-3.2-1B-Instruct,candidates,model_choice,5795,2,2.0,causal_bypass,causal_bypass
base_sas,Base + SAS,unsloth/Llama-3.2-1B-Instruct,candidates,model_choice,5795,3,2.0,causal_bypass,causal_bypass
base_sas,Base + SAS,unsloth/Llama-3.2-1B-Instruct,candidates,model_choice,5795,4,2.0625,causal_bypass,causal_bypass
base_sas,Base + SAS,unsloth/Llama-3.2-1B-Instruct,candidates,model_choice,5795,5,2.4375,causal_bypass,causal_bypass
base_sas,Base + SAS,unsloth/Llama-3.2-1B-Instruct,candidates,model_choice,5795,6,0.37500011920928955,causal_bypass,causal_bypass
base_sas,Base + SAS,unsloth/Llama-3.2-1B-Instruct,candidates,model_choice,5795,7,1.6875,causal_bypass,causal_bypass
base_sas,Base + SAS,unsloth/Llama-3.2-1B-Instruct,candidates,model_choice,5795,8,5.3125,causal_bypass,causal_bypass
base_sas,Base + SAS,unsloth/Llama-3.2-1B-Instruct,candidates,model_choice,5795,9,0.125,causal_bypass,causal_bypass
base_sas,Base + SAS,unsloth/Llama-3.2-1B-Instruct,candidates,model_choice,5795,10,0.25,causal_bypass,causal_bypass
base_sas,Base + SAS,unsloth/Llama-3.2-1B-Instruct,candidates,model_choice,5795,11,0.9999998807907104,causal_bypass,causal_bypass
base_sas,Base + SAS,unsloth/Llama-3.2-1B-Instruct,candidates,model_choice,5795,12,1.125,causal_bypass,causal_bypass
base_sas,Base + SAS,unsloth/Llama-3.2-1B-Instruct,candidates,model_choice,5795,13,3.3125,causal_bypass,causal_bypass
base_sas,Base + SAS,unsloth/Llama-3.2-1B-Instruct,candidates,model_choice,5795,14,6.5625,causal_bypass,causal_bypass
base_sas,Base + SAS,unsloth/Llama-3.2-1B-Instruct,candidates,model_choice,5795,15,2.375,causal_bypass,causal_bypass
base_sas,Base + SAS,unsloth/Llama-3.2-1B-Instruct,candidates,ground_truth,5924,0,4.65625,causal_bypass,causal_bypass
base_sas,Base + SAS,unsloth/Llama-3.2-1B-Instruct,candidates,ground_truth,5924,1,0.0625,causal_bypass,causal_bypass
base_sas,Base + SAS,unsloth/Llama-3.2-1B-Instruct,candidates,ground_truth,5924,2,0.375,causal_bypass,causal_bypass
base_sas,Base + SAS,unsloth/Llama-3.2-1B-Instruct,candidates,ground_truth,5924,3,1.875,causal_bypass,causal_bypass
base_sas,Base + SAS,unsloth/Llama-3.2-1B-Instruct,candidates,ground_truth,5924,4,3.0,causal_bypass,causal_bypass
base_sas,Base + SAS,unsloth/Llama-3.2-1B-Instruct,candidates,ground_truth,5924,5,0.5,causal_bypass,causal_bypass
base_sas,Base + SAS,unsloth/Llama-3.2-1B-Instruct,candidates,ground_truth,5924,6,2.625,causal_bypass,causal_bypass
base_sas,Base + SAS,unsloth/Llama-3.2-1B-Instruct,candidates,ground_truth,5924,7,1.9374998807907104,causal_bypass,causal_bypass
base_sas,Base + SAS,unsloth/Llama-3.2-1B-Instruct,candidates,ground_truth,5924,8,1.875,causal_bypass,causal_bypass
base_sas,Base + SAS,unsloth/Llama-3.2-1B-Instruct,candidates,ground_truth,5924,9,2.1249998807907104,causal_bypass,causal_bypass
base_sas,Base + SAS,unsloth/Llama-3.2-1B-Instruct,candidates,ground_truth,5924,10,2.1249998807907104,causal_bypass,causal_bypass
base_sas,Base + SAS,unsloth/Llama-3.2-1B-Instruct,candidates,ground_truth,5924,11,1.8125,causal_bypass,causal_bypass
base_sas,Base + SAS,unsloth/Llama-3.2-1B-Instruct,candidates,ground_truth,5924,12,0.25,causal_bypass,causal_bypass
base_sas,Base + SAS,unsloth/Llama-3.2-1B-Instruct,candidates,ground_truth,5924,13,1.1249998807907104,causal_bypass,causal_bypass
base_sas,Base + SAS,unsloth/Llama-3.2-1B-Instruct,candidates,ground_truth,5924,14,3.25,causal_bypass,causal_bypass
base_sas,Base + SAS,unsloth/Llama-3.2-1B-Instruct,candidates,ground_truth,5924,15,0.8125,causal_bypass,causal_bypass
base_sas,Base + SAS,unsloth/Llama-3.2-1B-Instruct,candidates,model_choice,5924,0,5.53125,causal_bypass,causal_bypass
base_sas,Base + SAS,unsloth/Llama-3.2-1B-Instruct,candidates,model_choice,5924,1,2.1875,causal_bypass,causal_bypass
base_sas,Base + SAS,unsloth/Llama-3.2-1B-Instruct,candidates,model_choice,5924,2,0.9375,causal_bypass,causal_bypass
base_sas,Base + SAS,unsloth/Llama-3.2-1B-Instruct,candidates,model_choice,5924,3,0.0,causal_bypass,causal_bypass
base_sas,Base + SAS,unsloth/Llama-3.2-1B-Instruct,candidates,model_choice,5924,4,2.375,causal_bypass,causal_bypass
base_sas,Base + SAS,unsloth/Llama-3.2-1B-Instruct,candidates,model_choice,5924,5,1.8125,causal_bypass,causal_bypass
base_sas,Base + SAS,unsloth/Llama-3.2-1B-Instruct,candidates,model_choice,5924,6,1.187499761581421,causal_bypass,causal_bypass
base_sas,Base + SAS,unsloth/Llama-3.2-1B-Instruct,candidates,model_choice,5924,7,2.0625,causal_bypass,causal_bypass
base_sas,Base + SAS,unsloth/Llama-3.2-1B-Instruct,candidates,model_choice,5924,8,1.625000238418579,causal_bypass,causal_bypass
base_sas,Base + SAS,unsloth/Llama-3.2-1B-Instruct,candidates,model_choice,5924,9,0.0,causal_bypass,causal_bypass
base_sas,Base + SAS,unsloth/Llama-3.2-1B-Instruct,candidates,model_choice,5924,10,5.0,causal_bypass,causal_bypass
base_sas,Base + SAS,unsloth/Llama-3.2-1B-Instruct,candidates,model_choice,5924,11,2.8125,causal_bypass,causal_bypass
base_sas,Base + SAS,unsloth/Llama-3.2-1B-Instruct,candidates,model_choice,5924,12,0.125,causal_bypass,causal_bypass
base_sas,Base + SAS,unsloth/Llama-3.2-1B-Instruct,candidates,model_choice,5924,13,0.875,causal_bypass,causal_bypass
base_sas,Base + SAS,unsloth/Llama-3.2-1B-Instruct,candidates,model_choice,5924,14,2.6875,causal_bypass,causal_bypass
base_sas,Base + SAS,unsloth/Llama-3.2-1B-Instruct,candidates,model_choice,5924,15,0.0625,causal_bypass,causal_bypass
base_sas,Base + SAS,unsloth/Llama-3.2-1B-Instruct,candidates,ground_truth,5955,0,8.63671875,causal_bypass,causal_bypass
base_sas,Base + SAS,unsloth/Llama-3.2-1B-Instruct,candidates,ground_truth,5955,1,0.5,causal_bypass,causal_bypass
base_sas,Base + SAS,unsloth/Llama-3.2-1B-Instruct,candidates,ground_truth,5955,2,1.125,causal_bypass,causal_bypass
base_sas,Base + SAS,unsloth/Llama-3.2-1B-Instruct,candidates,ground_truth,5955,3,1.749999761581421,causal_bypass,causal_bypass
base_sas,Base + SAS,unsloth/Llama-3.2-1B-Instruct,candidates,ground_truth,5955,4,0.75,causal_bypass,causal_bypass
base_sas,Base + SAS,unsloth/Llama-3.2-1B-Instruct,candidates,ground_truth,5955,5,0.5,causal_bypass,causal_bypass
base_sas,Base + SAS,unsloth/Llama-3.2-1B-Instruct,candidates,ground_truth,5955,6,0.25,causal_bypass,causal_bypass
base_sas,Base + SAS,unsloth/Llama-3.2-1B-Instruct,candidates,ground_truth,5955,7,1.4375,causal_bypass,causal_bypass
base_sas,Base + SAS,unsloth/Llama-3.2-1B-Instruct,candidates,ground_truth,5955,8,2.0625,causal_bypass,causal_bypass
base_sas,Base + SAS,unsloth/Llama-3.2-1B-Instruct,candidates,ground_truth,5955,9,0.25,causal_bypass,causal_bypass
base_sas,Base + SAS,unsloth/Llama-3.2-1B-Instruct,candidates,ground_truth,5955,10,1.6249998807907104,causal_bypass,causal_bypass
base_sas,Base + SAS,unsloth/Llama-3.2-1B-Instruct,candidates,ground_truth,5955,11,1.1874998807907104,causal_bypass,causal_bypass
base_sas,Base + SAS,unsloth/Llama-3.2-1B-Instruct,candidates,ground_truth,5955,12,0.9375,causal_bypass,causal_bypass
base_sas,Base + SAS,unsloth/Llama-3.2-1B-Instruct,candidates,ground_truth,5955,13,0.75,causal_bypass,causal_bypass
base_sas,Base + SAS,unsloth/Llama-3.2-1B-Instruct,candidates,ground_truth,5955,14,0.5625,causal_bypass,causal_bypass
base_sas,Base + SAS,unsloth/Llama-3.2-1B-Instruct,candidates,ground_truth,5955,15,0.18750011920928955,causal_bypass,causal_bypass
base_sas,Base + SAS,unsloth/Llama-3.2-1B-Instruct,candidates,model_choice,5955,0,5.07421875,causal_bypass,causal_bypass
base_sas,Base + SAS,unsloth/Llama-3.2-1B-Instruct,candidates,model_choice,5955,1,1.374999761581421,causal_bypass,causal_bypass
base_sas,Base + SAS,unsloth/Llama-3.2-1B-Instruct,candidates,model_choice,5955,2,0.125,causal_bypass,causal_bypass
base_sas,Base + SAS,unsloth/Llama-3.2-1B-Instruct,candidates,model_choice,5955,3,0.5,causal_bypass,causal_bypass
base_sas,Base + SAS,unsloth/Llama-3.2-1B-Instruct,candidates,model_choice,5955,4,0.5,causal_bypass,causal_bypass
base_sas,Base + SAS,unsloth/Llama-3.2-1B-Instruct,candidates,model_choice,5955,5,0.9375,causal_bypass,causal_bypass
base_sas,Base + SAS,unsloth/Llama-3.2-1B-Instruct,candidates,model_choice,5955,6,0.25,causal_bypass,causal_bypass
base_sas,Base + SAS,unsloth/Llama-3.2-1B-Instruct,candidates,model_choice,5955,7,1.6875,causal_bypass,causal_bypass
base_sas,Base + SAS,unsloth/Llama-3.2-1B-Instruct,candidates,model_choice,5955,8,0.25,causal_bypass,causal_bypass
base_sas,Base + SAS,unsloth/Llama-3.2-1B-Instruct,candidates,model_choice,5955,9,0.625,causal_bypass,causal_bypass
base_sas,Base + SAS,unsloth/Llama-3.2-1B-Instruct,candidates,model_choice,5955,10,0.125,causal_bypass,causal_bypass
base_sas,Base + SAS,unsloth/Llama-3.2-1B-Instruct,candidates,model_choice,5955,11,1.3749998807907104,causal_bypass,causal_bypass
base_sas,Base + SAS,unsloth/Llama-3.2-1B-Instruct,candidates,model_choice,5955,12,0.375,causal_bypass,causal_bypass
base_sas,Base + SAS,unsloth/Llama-3.2-1B-Instruct,candidates,model_choice,5955,13,0.6875,causal_bypass,causal_bypass
base_sas,Base + SAS,unsloth/Llama-3.2-1B-Instruct,candidates,model_choice,5955,14,1.0,causal_bypass,causal_bypass
base_sas,Base + SAS,unsloth/Llama-3.2-1B-Instruct,candidates,model_choice,5955,15,0.25000011920928955,causal_bypass,causal_bypass
lora,LoRA,/content/drive/MyDrive/project-ADI/llama31-1b-movielens-ranking-lora,text,ground_truth,5,0,2.1875000596046448,causal_bypass,causal_bypass
lora,LoRA,/content/drive/MyDrive/project-ADI/llama31-1b-movielens-ranking-lora,text,ground_truth,5,1,2.2187500596046448,causal_bypass,causal_bypass
lora,LoRA,/content/drive/MyDrive/project-ADI/llama31-1b-movielens-ranking-lora,text,ground_truth,5,2,0.7500000596046448,causal_bypass,causal_bypass
lora,LoRA,/content/drive/MyDrive/project-ADI/llama31-1b-movielens-ranking-lora,text,ground_truth,5,3,1.0000001788139343,causal_bypass,causal_bypass
lora,LoRA,/content/drive/MyDrive/project-ADI/llama31-1b-movielens-ranking-lora,text,ground_truth,5,4,0.3750000596046448,causal_bypass,causal_bypass
lora,LoRA,/content/drive/MyDrive/project-ADI/llama31-1b-movielens-ranking-lora,text,ground_truth,5,5,0.12499994039535522,causal_bypass,causal_bypass
lora,LoRA,/content/drive/MyDrive/project-ADI/llama31-1b-movielens-ranking-lora,text,ground_truth,5,6,0.24999994039535522,causal_bypass,causal_bypass
lora,LoRA,/content/drive/MyDrive/project-ADI/llama31-1b-movielens-ranking-lora,text,ground_truth,5,7,0.24999994039535522,causal_bypass,causal_bypass
lora,LoRA,/content/drive/MyDrive/project-ADI/llama31-1b-movielens-ranking-lora,text,ground_truth,5,8,1.9999999403953552,causal_bypass,causal_bypass
lora,LoRA,/content/drive/MyDrive/project-ADI/llama31-1b-movielens-ranking-lora,text,ground_truth,5,9,0.3749998211860657,causal_bypass,causal_bypass
lora,LoRA,/content/drive/MyDrive/project-ADI/llama31-1b-movielens-ranking-lora,text,ground_truth,5,10,1.3750000596046448,causal_bypass,causal_bypass
lora,LoRA,/content/drive/MyDrive/project-ADI/llama31-1b-movielens-ranking-lora,text,ground_truth,5,11,0.12499994039535522,causal_bypass,causal_bypass
lora,LoRA,/content/drive/MyDrive/project-ADI/llama31-1b-movielens-ranking-lora,text,ground_truth,5,12,0.12500005960464478,causal_bypass,causal_bypass
lora,LoRA,/content/drive/MyDrive/project-ADI/llama31-1b-movielens-ranking-lora,text,ground_truth,5,13,0.5000000596046448,causal_bypass,causal_bypass
lora,LoRA,/content/drive/MyDrive/project-ADI/llama31-1b-movielens-ranking-lora,text,ground_truth,5,14,1.4999999403953552,causal_bypass,causal_bypass
lora,LoRA,/content/drive/MyDrive/project-ADI/llama31-1b-movielens-ranking-lora,text,ground_truth,5,15,1.9374999403953552,causal_bypass,causal_bypass
lora,LoRA,/content/drive/MyDrive/project-ADI/llama31-1b-movielens-ranking-lora,text,model_choice,5,0,2.1875000596046448,causal_bypass,causal_bypass
lora,LoRA,/content/drive/MyDrive/project-ADI/llama31-1b-movielens-ranking-lora,text,model_choice,5,1,2.2187500596046448,causal_bypass,causal_bypass
lora,LoRA,/content/drive/MyDrive/project-ADI/llama31-1b-movielens-ranking-lora,text,model_choice,5,2,0.7500000596046448,causal_bypass,causal_bypass
lora,LoRA,/content/drive/MyDrive/project-ADI/llama31-1b-movielens-ranking-lora,text,model_choice,5,3,1.0000001788139343,causal_bypass,causal_bypass
lora,LoRA,/content/drive/MyDrive/project-ADI/llama31-1b-movielens-ranking-lora,text,model_choice,5,4,0.3750000596046448,causal_bypass,causal_bypass
lora,LoRA,/content/drive/MyDrive/project-ADI/llama31-1b-movielens-ranking-lora,text,model_choice,5,5,0.12499994039535522,causal_bypass,causal_bypass
lora,LoRA,/content/drive/MyDrive/project-ADI/llama31-1b-movielens-ranking-lora,text,model_choice,5,6,0.24999994039535522,causal_bypass,causal_bypass
lora,LoRA,/content/drive/MyDrive/project-ADI/llama31-1b-movielens-ranking-lora,text,model_choice,5,7,0.24999994039535522,causal_bypass,causal_bypass
lora,LoRA,/content/drive/MyDrive/project-ADI/llama31-1b-movielens-ranking-lora,text,model_choice,5,8,1.9999999403953552,causal_bypass,causal_bypass
lora,LoRA,/content/drive/MyDrive/project-ADI/llama31-1b-movielens-ranking-lora,text,model_choice,5,9,0.3749998211860657,causal_bypass,causal_bypass
lora,LoRA,/content/drive/MyDrive/project-ADI/llama31-1b-movielens-ranking-lora,text,model_choice,5,10,1.3750000596046448,causal_bypass,causal_bypass
lora,LoRA,/content/drive/MyDrive/project-ADI/llama31-1b-movielens-ranking-lora,text,model_choice,5,11,0.12499994039535522,causal_bypass,causal_bypass
lora,LoRA,/content/drive/MyDrive/project-ADI/llama31-1b-movielens-ranking-lora,text,model_choice,5,12,0.12500005960464478,causal_bypass,causal_bypass
lora,LoRA,/content/drive/MyDrive/project-ADI/llama31-1b-movielens-ranking-lora,text,model_choice,5,13,0.5000000596046448,causal_bypass,causal_bypass
lora,LoRA,/content/drive/MyDrive/project-ADI/llama31-1b-movielens-ranking-lora,text,model_choice,5,14,1.4999999403953552,causal_bypass,causal_bypass
lora,LoRA,/content/drive/MyDrive/project-ADI/llama31-1b-movielens-ranking-lora,text,model_choice,5,15,1.9374999403953552,causal_bypass,causal_bypass
lora,LoRA,/content/drive/MyDrive/project-ADI/llama31-1b-movielens-ranking-lora,text,ground_truth,609,0,1.625,causal_bypass,causal_bypass
lora,LoRA,/content/drive/MyDrive/project-ADI/llama31-1b-movielens-ranking-lora,text,ground_truth,609,1,0.125,causal_bypass,causal_bypass
lora,LoRA,/content/drive/MyDrive/project-ADI/llama31-1b-movielens-ranking-lora,text,ground_truth,609,2,1.375,causal_bypass,causal_bypass
lora,LoRA,/content/drive/MyDrive/project-ADI/llama31-1b-movielens-ranking-lora,text,ground_truth,609,3,0.875,causal_bypass,causal_bypass
lora,LoRA,/content/drive/MyDrive/project-ADI/llama31-1b-movielens-ranking-lora,text,ground_truth,609,4,1.625,causal_bypass,causal_bypass
lora,LoRA,/content/drive/MyDrive/project-ADI/llama31-1b-movielens-ranking-lora,text,ground_truth,609,5,1.0,causal_bypass,causal_bypass
lora,LoRA,/content/drive/MyDrive/project-ADI/llama31-1b-movielens-ranking-lora,text,ground_truth,609,6,1.0,causal_bypass,causal_bypass
lora,LoRA,/content/drive/MyDrive/project-ADI/llama31-1b-movielens-ranking-lora,text,ground_truth,609,7,0.125,causal_bypass,causal_bypass
lora,LoRA,/content/drive/MyDrive/project-ADI/llama31-1b-movielens-ranking-lora,text,ground_truth,609,8,0.125,causal_bypass,causal_bypass
lora,LoRA,/content/drive/MyDrive/project-ADI/llama31-1b-movielens-ranking-lora,text,ground_truth,609,9,1.25,causal_bypass,causal_bypass
lora,LoRA,/content/drive/MyDrive/project-ADI/llama31-1b-movielens-ranking-lora,text,ground_truth,609,10,1.0,causal_bypass,causal_bypass
lora,LoRA,/content/drive/MyDrive/project-ADI/llama31-1b-movielens-ranking-lora,text,ground_truth,609,11,0.25,causal_bypass,causal_bypass
lora,LoRA,/content/drive/MyDrive/project-ADI/llama31-1b-movielens-ranking-lora,text,ground_truth,609,12,0.0,causal_bypass,causal_bypass
lora,LoRA,/content/drive/MyDrive/project-ADI/llama31-1b-movielens-ranking-lora,text,ground_truth,609,13,2.8750001192092896,causal_bypass,causal_bypass
lora,LoRA,/content/drive/MyDrive/project-ADI/llama31-1b-movielens-ranking-lora,text,ground_truth,609,14,0.875,causal_bypass,causal_bypass
lora,LoRA,/content/drive/MyDrive/project-ADI/llama31-1b-movielens-ranking-lora,text,ground_truth,609,15,7.59375,causal_bypass,causal_bypass
lora,LoRA,/content/drive/MyDrive/project-ADI/llama31-1b-movielens-ranking-lora,text,model_choice,609,0,1.625,causal_bypass,causal_bypass
lora,LoRA,/content/drive/MyDrive/project-ADI/llama31-1b-movielens-ranking-lora,text,model_choice,609,1,0.125,causal_bypass,causal_bypass
lora,LoRA,/content/drive/MyDrive/project-ADI/llama31-1b-movielens-ranking-lora,text,model_choice,609,2,1.375,causal_bypass,causal_bypass
lora,LoRA,/content/drive/MyDrive/project-ADI/llama31-1b-movielens-ranking-lora,text,model_choice,609,3,0.875,causal_bypass,causal_bypass
lora,LoRA,/content/drive/MyDrive/project-ADI/llama31-1b-movielens-ranking-lora,text,model_choice,609,4,1.625,causal_bypass,causal_bypass
lora,LoRA,/content/drive/MyDrive/project-ADI/llama31-1b-movielens-ranking-lora,text,model_choice,609,5,1.0,causal_bypass,causal_bypass
lora,LoRA,/content/drive/MyDrive/project-ADI/llama31-1b-movielens-ranking-lora,text,model_choice,609,6,1.0,causal_bypass,causal_bypass
lora,LoRA,/content/drive/MyDrive/project-ADI/llama31-1b-movielens-ranking-lora,text,model_choice,609,7,0.125,causal_bypass,causal_bypass
lora,LoRA,/content/drive/MyDrive/project-ADI/llama31-1b-movielens-ranking-lora,text,model_choice,609,8,0.125,causal_bypass,causal_bypass
lora,LoRA,/content/drive/MyDrive/project-ADI/llama31-1b-movielens-ranking-lora,text,model_choice,609,9,1.25,causal_bypass,causal_bypass
lora,LoRA,/content/drive/MyDrive/project-ADI/llama31-1b-movielens-ranking-lora,text,model_choice,609,10,1.0,causal_bypass,causal_bypass
lora,LoRA,/content/drive/MyDrive/project-ADI/llama31-1b-movielens-ranking-lora,text,model_choice,609,11,0.25,causal_bypass,causal_bypass
lora,LoRA,/content/drive/MyDrive/project-ADI/llama31-1b-movielens-ranking-lora,text,model_choice,609,12,0.0,causal_bypass,causal_bypass
lora,LoRA,/content/drive/MyDrive/project-ADI/llama31-1b-movielens-ranking-lora,text,model_choice,609,13,2.8750001192092896,causal_bypass,causal_bypass
lora,LoRA,/content/drive/MyDrive/project-ADI/llama31-1b-movielens-ranking-lora,text,model_choice,609,14,0.875,causal_bypass,causal_bypass
lora,LoRA,/content/drive/MyDrive/project-ADI/llama31-1b-movielens-ranking-lora,text,model_choice,609,15,7.59375,causal_bypass,causal_bypass
lora,LoRA,/content/drive/MyDrive/project-ADI/llama31-1b-movielens-ranking-lora,text,ground_truth,1046,0,3.687500476837158,causal_bypass,causal_bypass
lora,LoRA,/content/drive/MyDrive/project-ADI/llama31-1b-movielens-ranking-lora,text,ground_truth,1046,1,5.6875,causal_bypass,causal_bypass
lora,LoRA,/content/drive/MyDrive/project-ADI/llama31-1b-movielens-ranking-lora,text,ground_truth,1046,2,2.250000238418579,causal_bypass,causal_bypass
lora,LoRA,/content/drive/MyDrive/project-ADI/llama31-1b-movielens-ranking-lora,text,ground_truth,1046,3,3.375,causal_bypass,causal_bypass
lora,LoRA,/content/drive/MyDrive/project-ADI/llama31-1b-movielens-ranking-lora,text,ground_truth,1046,4,2.75,causal_bypass,causal_bypass
lora,LoRA,/content/drive/MyDrive/project-ADI/llama31-1b-movielens-ranking-lora,text,ground_truth,1046,5,4.9999998807907104,causal_bypass,causal_bypass
lora,LoRA,/content/drive/MyDrive/project-ADI/llama31-1b-movielens-ranking-lora,text,ground_truth,1046,6,4.0,causal_bypass,causal_bypass
lora,LoRA,/content/drive/MyDrive/project-ADI/llama31-1b-movielens-ranking-lora,text,ground_truth,1046,7,2.875,causal_bypass,causal_bypass
lora,LoRA,/content/drive/MyDrive/project-ADI/llama31-1b-movielens-ranking-lora,text,ground_truth,1046,8,3.8750001192092896,causal_bypass,causal_bypass
lora,LoRA,/content/drive/MyDrive/project-ADI/llama31-1b-movielens-ranking-lora,text,ground_truth,1046,9,3.125,causal_bypass,causal_bypass
lora,LoRA,/content/drive/MyDrive/project-ADI/llama31-1b-movielens-ranking-lora,text,ground_truth,1046,10,4.5,causal_bypass,causal_bypass
lora,LoRA,/content/drive/MyDrive/project-ADI/llama31-1b-movielens-ranking-lora,text,ground_truth,1046,11,0.25,causal_bypass,causal_bypass
lora,LoRA,/content/drive/MyDrive/project-ADI/llama31-1b-movielens-ranking-lora,text,ground_truth,1046,12,2.125,causal_bypass,causal_bypass
lora,LoRA,/content/drive/MyDrive/project-ADI/llama31-1b-movielens-ranking-lora,text,ground_truth,1046,13,1.9375,causal_bypass,causal_bypass
lora,LoRA,/content/drive/MyDrive/project-ADI/llama31-1b-movielens-ranking-lora,text,ground_truth,1046,14,2.125,causal_bypass,causal_bypass
lora,LoRA,/content/drive/MyDrive/project-ADI/llama31-1b-movielens-ranking-lora,text,ground_truth,1046,15,6.875,causal_bypass,causal_bypass
lora,LoRA,/content/drive/MyDrive/project-ADI/llama31-1b-movielens-ranking-lora,text,model_choice,1046,0,4.625,causal_bypass,causal_bypass
lora,LoRA,/content/drive/MyDrive/project-ADI/llama31-1b-movielens-ranking-lora,text,model_choice,1046,1,0.6562504768371582,causal_bypass,causal_bypass
lora,LoRA,/content/drive/MyDrive/project-ADI/llama31-1b-movielens-ranking-lora,text,model_choice,1046,2,0.875,causal_bypass,causal_bypass
lora,LoRA,/content/drive/MyDrive/project-ADI/llama31-1b-movielens-ranking-lora,text,model_choice,1046,3,1.375,causal_bypass,causal_bypass
lora,LoRA,/content/drive/MyDrive/project-ADI/llama31-1b-movielens-ranking-lora,text,model_choice,1046,4,2.8749998807907104,causal_bypass,causal_bypass
lora,LoRA,/content/drive/MyDrive/project-ADI/llama31-1b-movielens-ranking-lora,text,model_choice,1046,5,2.3749998807907104,causal_bypass,causal_bypass
lora,LoRA,/content/drive/MyDrive/project-ADI/llama31-1b-movielens-ranking-lora,text,model_choice,1046,6,2.25,causal_bypass,causal_bypass
lora,LoRA,/content/drive/MyDrive/project-ADI/llama31-1b-movielens-ranking-lora,text,model_choice,1046,7,1.125,causal_bypass,causal_bypass
lora,LoRA,/content/drive/MyDrive/project-ADI/llama31-1b-movielens-ranking-lora,text,model_choice,1046,8,2.1250001192092896,causal_bypass,causal_bypass
lora,LoRA,/content/drive/MyDrive/project-ADI/llama31-1b-movielens-ranking-lora,text,model_choice,1046,9,1.0,causal_bypass,causal_bypass
lora,LoRA,/content/drive/MyDrive/project-ADI/llama31-1b-movielens-ranking-lora,text,model_choice,1046,10,3.375,causal_bypass,causal_bypass
lora,LoRA,/content/drive/MyDrive/project-ADI/llama31-1b-movielens-ranking-lora,text,model_choice,1046,11,1.125,causal_bypass,causal_bypass
lora,LoRA,/content/drive/MyDrive/project-ADI/llama31-1b-movielens-ranking-lora,text,model_choice,1046,12,0.625,causal_bypass,causal_bypass
lora,LoRA,/content/drive/MyDrive/project-ADI/llama31-1b-movielens-ranking-lora,text,model_choice,1046,13,4.0,causal_bypass,causal_bypass
lora,LoRA,/content/drive/MyDrive/project-ADI/llama31-1b-movielens-ranking-lora,text,model_choice,1046,14,1.625,causal_bypass,causal_bypass
lora,LoRA,/content/drive/MyDrive/project-ADI/llama31-1b-movielens-ranking-lora,text,model_choice,1046,15,5.875,causal_bypass,causal_bypass
lora,LoRA,/content/drive/MyDrive/project-ADI/llama31-1b-movielens-ranking-lora,text,ground_truth,1529,0,3.84375,causal_bypass,causal_bypass
lora,LoRA,/content/drive/MyDrive/project-ADI/llama31-1b-movielens-ranking-lora,text,ground_truth,1529,1,4.5,causal_bypass,causal_bypass
lora,LoRA,/content/drive/MyDrive/project-ADI/llama31-1b-movielens-ranking-lora,text,ground_truth,1529,2,3.125,causal_bypass,causal_bypass
lora,LoRA,/content/drive/MyDrive/project-ADI/llama31-1b-movielens-ranking-lora,text,ground_truth,1529,3,3.4999998807907104,causal_bypass,causal_bypass
lora,LoRA,/content/drive/MyDrive/project-ADI/llama31-1b-movielens-ranking-lora,text,ground_truth,1529,4,2.5,causal_bypass,causal_bypass
lora,LoRA,/content/drive/MyDrive/project-ADI/llama31-1b-movielens-ranking-lora,text,ground_truth,1529,5,1.25,causal_bypass,causal_bypass
lora,LoRA,/content/drive/MyDrive/project-ADI/llama31-1b-movielens-ranking-lora,text,ground_truth,1529,6,1.875,causal_bypass,causal_bypass
lora,LoRA,/content/drive/MyDrive/project-ADI/llama31-1b-movielens-ranking-lora,text,ground_truth,1529,7,2.25,causal_bypass,causal_bypass
lora,LoRA,/content/drive/MyDrive/project-ADI/llama31-1b-movielens-ranking-lora,text,ground_truth,1529,8,0.25,causal_bypass,causal_bypass
lora,LoRA,/content/drive/MyDrive/project-ADI/llama31-1b-movielens-ranking-lora,text,ground_truth,1529,9,1.0000001192092896,causal_bypass,causal_bypass
lora,LoRA,/content/drive/MyDrive/project-ADI/llama31-1b-movielens-ranking-lora,text,ground_truth,1529,10,3.25,causal_bypass,causal_bypass
lora,LoRA,/content/drive/MyDrive/project-ADI/llama31-1b-movielens-ranking-lora,text,ground_truth,1529,11,0.7499998807907104,causal_bypass,causal_bypass
lora,LoRA,/content/drive/MyDrive/project-ADI/llama31-1b-movielens-ranking-lora,text,ground_truth,1529,12,0.5,causal_bypass,causal_bypass
lora,LoRA,/content/drive/MyDrive/project-ADI/llama31-1b-movielens-ranking-lora,text,ground_truth,1529,13,6.375000238418579,causal_bypass,causal_bypass
lora,LoRA,/content/drive/MyDrive/project-ADI/llama31-1b-movielens-ranking-lora,text,ground_truth,1529,14,0.25,causal_bypass,causal_bypass
lora,LoRA,/content/drive/MyDrive/project-ADI/llama31-1b-movielens-ranking-lora,text,ground_truth,1529,15,4.625,causal_bypass,causal_bypass
lora,LoRA,/content/drive/MyDrive/project-ADI/llama31-1b-movielens-ranking-lora,text,model_choice,1529,0,3.84375,causal_bypass,causal_bypass
lora,LoRA,/content/drive/MyDrive/project-ADI/llama31-1b-movielens-ranking-lora,text,model_choice,1529,1,4.5,causal_bypass,causal_bypass
lora,LoRA,/content/drive/MyDrive/project-ADI/llama31-1b-movielens-ranking-lora,text,model_choice,1529,2,3.125,causal_bypass,causal_bypass
lora,LoRA,/content/drive/MyDrive/project-ADI/llama31-1b-movielens-ranking-lora,text,model_choice,1529,3,3.4999998807907104,causal_bypass,causal_bypass
lora,LoRA,/content/drive/MyDrive/project-ADI/llama31-1b-movielens-ranking-lora,text,model_choice,1529,4,2.5,causal_bypass,causal_bypass
lora,LoRA,/content/drive/MyDrive/project-ADI/llama31-1b-movielens-ranking-lora,text,model_choice,1529,5,1.25,causal_bypass,causal_bypass
lora,LoRA,/content/drive/MyDrive/project-ADI/llama31-1b-movielens-ranking-lora,text,model_choice,1529,6,1.875,causal_bypass,causal_bypass
lora,LoRA,/content/drive/MyDrive/project-ADI/llama31-1b-movielens-ranking-lora,text,model_choice,1529,7,2.25,causal_bypass,causal_bypass
lora,LoRA,/content/drive/MyDrive/project-ADI/llama31-1b-movielens-ranking-lora,text,model_choice,1529,8,0.25,causal_bypass,causal_bypass
lora,LoRA,/content/drive/MyDrive/project-ADI/llama31-1b-movielens-ranking-lora,text,model_choice,1529,9,1.0000001192092896,causal_bypass,causal_bypass
lora,LoRA,/content/drive/MyDrive/project-ADI/llama31-1b-movielens-ranking-lora,text,model_choice,1529,10,3.25,causal_bypass,causal_bypass
lora,LoRA,/content/drive/MyDrive/project-ADI/llama31-1b-movielens-ranking-lora,text,model_choice,1529,11,0.7499998807907104,causal_bypass,causal_bypass
lora,LoRA,/content/drive/MyDrive/project-ADI/llama31-1b-movielens-ranking-lora,text,model_choice,1529,12,0.5,causal_bypass,causal_bypass
lora,LoRA,/content/drive/MyDrive/project-ADI/llama31-1b-movielens-ranking-lora,text,model_choice,1529,13,6.375000238418579,causal_bypass,causal_bypass
lora,LoRA,/content/drive/MyDrive/project-ADI/llama31-1b-movielens-ranking-lora,text,model_choice,1529,14,0.25,causal_bypass,causal_bypass
lora,LoRA,/content/drive/MyDrive/project-ADI/llama31-1b-movielens-ranking-lora,text,model_choice,1529,15,4.625,causal_bypass,causal_bypass
lora,LoRA,/content/drive/MyDrive/project-ADI/llama31-1b-movielens-ranking-lora,text,ground_truth,2201,0,3.0,causal_bypass,causal_bypass
lora,LoRA,/content/drive/MyDrive/project-ADI/llama31-1b-movielens-ranking-lora,text,ground_truth,2201,1,4.1875,causal_bypass,causal_bypass
lora,LoRA,/content/drive/MyDrive/project-ADI/llama31-1b-movielens-ranking-lora,text,ground_truth,2201,2,2.125,causal_bypass,causal_bypass
lora,LoRA,/content/drive/MyDrive/project-ADI/llama31-1b-movielens-ranking-lora,text,ground_truth,2201,3,0.8749998807907104,causal_bypass,causal_bypass
lora,LoRA,/content/drive/MyDrive/project-ADI/llama31-1b-movielens-ranking-lora,text,ground_truth,2201,4,1.0000001192092896,causal_bypass,causal_bypass
lora,LoRA,/content/drive/MyDrive/project-ADI/llama31-1b-movielens-ranking-lora,text,ground_truth,2201,5,1.25,causal_bypass,causal_bypass
lora,LoRA,/content/drive/MyDrive/project-ADI/llama31-1b-movielens-ranking-lora,text,ground_truth,2201,6,1.0000001192092896,causal_bypass,causal_bypass
lora,LoRA,/content/drive/MyDrive/project-ADI/llama31-1b-movielens-ranking-lora,text,ground_truth,2201,7,0.375,causal_bypass,causal_bypass
lora,LoRA,/content/drive/MyDrive/project-ADI/llama31-1b-movielens-ranking-lora,text,ground_truth,2201,8,0.0,causal_bypass,causal_bypass
lora,LoRA,/content/drive/MyDrive/project-ADI/llama31-1b-movielens-ranking-lora,text,ground_truth,2201,9,1.1249998807907104,causal_bypass,causal_bypass
lora,LoRA,/content/drive/MyDrive/project-ADI/llama31-1b-movielens-ranking-lora,text,ground_truth,2201,10,3.0,causal_bypass,causal_bypass
lora,LoRA,/content/drive/MyDrive/project-ADI/llama31-1b-movielens-ranking-lora,text,ground_truth,2201,11,0.25,causal_bypass,causal_bypass
lora,LoRA,/content/drive/MyDrive/project-ADI/llama31-1b-movielens-ranking-lora,text,ground_truth,2201,12,0.625,causal_bypass,causal_bypass
lora,LoRA,/content/drive/MyDrive/project-ADI/llama31-1b-movielens-ranking-lora,text,ground_truth,2201,13,0.375,causal_bypass,causal_bypass
lora,LoRA,/content/drive/MyDrive/project-ADI/llama31-1b-movielens-ranking-lora,text,ground_truth,2201,14,1.6875,causal_bypass,causal_bypass
lora,LoRA,/content/drive/MyDrive/project-ADI/llama31-1b-movielens-ranking-lora,text,ground_truth,2201,15,2.0625,causal_bypass,causal_bypass
lora,LoRA,/content/drive/MyDrive/project-ADI/llama31-1b-movielens-ranking-lora,text,model_choice,2201,0,3.3125,causal_bypass,causal_bypass
lora,LoRA,/content/drive/MyDrive/project-ADI/llama31-1b-movielens-ranking-lora,text,model_choice,2201,1,0.5,causal_bypass,causal_bypass
lora,LoRA,/content/drive/MyDrive/project-ADI/llama31-1b-movielens-ranking-lora,text,model_choice,2201,2,2.0,causal_bypass,causal_bypass
lora,LoRA,/content/drive/MyDrive/project-ADI/llama31-1b-movielens-ranking-lora,text,model_choice,2201,3,0.375,causal_bypass,causal_bypass
lora,LoRA,/content/drive/MyDrive/project-ADI/llama31-1b-movielens-ranking-lora,text,model_choice,2201,4,0.6250001192092896,causal_bypass,causal_bypass
lora,LoRA,/content/drive/MyDrive/project-ADI/llama31-1b-movielens-ranking-lora,text,model_choice,2201,5,1.0,causal_bypass,causal_bypass
lora,LoRA,/content/drive/MyDrive/project-ADI/llama31-1b-movielens-ranking-lora,text,model_choice,2201,6,0.7500001192092896,causal_bypass,causal_bypass
lora,LoRA,/content/drive/MyDrive/project-ADI/llama31-1b-movielens-ranking-lora,text,model_choice,2201,7,0.625,causal_bypass,causal_bypass
lora,LoRA,/content/drive/MyDrive/project-ADI/llama31-1b-movielens-ranking-lora,text,model_choice,2201,8,0.5,causal_bypass,causal_bypass
lora,LoRA,/content/drive/MyDrive/project-ADI/llama31-1b-movielens-ranking-lora,text,model_choice,2201,9,1.2499998807907104,causal_bypass,causal_bypass
lora,LoRA,/content/drive/MyDrive/project-ADI/llama31-1b-movielens-ranking-lora,text,model_choice,2201,10,2.125,causal_bypass,causal_bypass
lora,LoRA,/content/drive/MyDrive/project-ADI/llama31-1b-movielens-ranking-lora,text,model_choice,2201,11,0.0,causal_bypass,causal_bypass
lora,LoRA,/content/drive/MyDrive/project-ADI/llama31-1b-movielens-ranking-lora,text,model_choice,2201,12,1.5,causal_bypass,causal_bypass
lora,LoRA,/content/drive/MyDrive/project-ADI/llama31-1b-movielens-ranking-lora,text,model_choice,2201,13,2.375,causal_bypass,causal_bypass
lora,LoRA,/content/drive/MyDrive/project-ADI/llama31-1b-movielens-ranking-lora,text,model_choice,2201,14,2.625,causal_bypass,causal_bypass
lora,LoRA,/content/drive/MyDrive/project-ADI/llama31-1b-movielens-ranking-lora,text,model_choice,2201,15,3.3125,causal_bypass,causal_bypass
lora,LoRA,/content/drive/MyDrive/project-ADI/llama31-1b-movielens-ranking-lora,text,ground_truth,2436,0,1.625,causal_bypass,causal_bypass
lora,LoRA,/content/drive/MyDrive/project-ADI/llama31-1b-movielens-ranking-lora,text,ground_truth,2436,1,1.15625,causal_bypass,causal_bypass
lora,LoRA,/content/drive/MyDrive/project-ADI/llama31-1b-movielens-ranking-lora,text,ground_truth,2436,2,0.375,causal_bypass,causal_bypass
lora,LoRA,/content/drive/MyDrive/project-ADI/llama31-1b-movielens-ranking-lora,text,ground_truth,2436,3,0.125,causal_bypass,causal_bypass
lora,LoRA,/content/drive/MyDrive/project-ADI/llama31-1b-movielens-ranking-lora,text,ground_truth,2436,4,0.125,causal_bypass,causal_bypass
lora,LoRA,/content/drive/MyDrive/project-ADI/llama31-1b-movielens-ranking-lora,text,ground_truth,2436,5,0.625,causal_bypass,causal_bypass
lora,LoRA,/content/drive/MyDrive/project-ADI/llama31-1b-movielens-ranking-lora,text,ground_truth,2436,6,0.125,causal_bypass,causal_bypass
lora,LoRA,/content/drive/MyDrive/project-ADI/llama31-1b-movielens-ranking-lora,text,ground_truth,2436,7,0.25,causal_bypass,causal_bypass
lora,LoRA,/content/drive/MyDrive/project-ADI/llama31-1b-movielens-ranking-lora,text,ground_truth,2436,8,0.375,causal_bypass,causal_bypass
lora,LoRA,/content/drive/MyDrive/project-ADI/llama31-1b-movielens-ranking-lora,text,ground_truth,2436,9,0.125,causal_bypass,causal_bypass
lora,LoRA,/content/drive/MyDrive/project-ADI/llama31-1b-movielens-ranking-lora,text,ground_truth,2436,10,2.375,causal_bypass,causal_bypass
lora,LoRA,/content/drive/MyDrive/project-ADI/llama31-1b-movielens-ranking-lora,text,ground_truth,2436,11,0.625,causal_bypass,causal_bypass
lora,LoRA,/content/drive/MyDrive/project-ADI/llama31-1b-movielens-ranking-lora,text,ground_truth,2436,12,0.12500005960464478,causal_bypass,causal_bypass
lora,LoRA,/content/drive/MyDrive/project-ADI/llama31-1b-movielens-ranking-lora,text,ground_truth,2436,13,0.5,causal_bypass,causal_bypass
lora,LoRA,/content/drive/MyDrive/project-ADI/llama31-1b-movielens-ranking-lora,text,ground_truth,2436,14,1.5,causal_bypass,causal_bypass
lora,LoRA,/content/drive/MyDrive/project-ADI/llama31-1b-movielens-ranking-lora,text,ground_truth,2436,15,1.5,causal_bypass,causal_bypass
lora,LoRA,/content/drive/MyDrive/project-ADI/llama31-1b-movielens-ranking-lora,text,model_choice,2436,0,1.625,causal_bypass,causal_bypass
lora,LoRA,/content/drive/MyDrive/project-ADI/llama31-1b-movielens-ranking-lora,text,model_choice,2436,1,1.15625,causal_bypass,causal_bypass
lora,LoRA,/content/drive/MyDrive/project-ADI/llama31-1b-movielens-ranking-lora,text,model_choice,2436,2,0.375,causal_bypass,causal_bypass
lora,LoRA,/content/drive/MyDrive/project-ADI/llama31-1b-movielens-ranking-lora,text,model_choice,2436,3,0.125,causal_bypass,causal_bypass
lora,LoRA,/content/drive/MyDrive/project-ADI/llama31-1b-movielens-ranking-lora,text,model_choice,2436,4,0.125,causal_bypass,causal_bypass
lora,LoRA,/content/drive/MyDrive/project-ADI/llama31-1b-movielens-ranking-lora,text,model_choice,2436,5,0.625,causal_bypass,causal_bypass
lora,LoRA,/content/drive/MyDrive/project-ADI/llama31-1b-movielens-ranking-lora,text,model_choice,2436,6,0.125,causal_bypass,causal_bypass
lora,LoRA,/content/drive/MyDrive/project-ADI/llama31-1b-movielens-ranking-lora,text,model_choice,2436,7,0.25,causal_bypass,causal_bypass
lora,LoRA,/content/drive/MyDrive/project-ADI/llama31-1b-movielens-ranking-lora,text,model_choice,2436,8,0.375,causal_bypass,causal_bypass
lora,LoRA,/content/drive/MyDrive/project-ADI/llama31-1b-movielens-ranking-lora,text,model_choice,2436,9,0.125,causal_bypass,causal_bypass
lora,LoRA,/content/drive/MyDrive/project-ADI/llama31-1b-movielens-ranking-lora,text,model_choice,2436,10,2.375,causal_bypass,causal_bypass
lora,LoRA,/content/drive/MyDrive/project-ADI/llama31-1b-movielens-ranking-lora,text,model_choice,2436,11,0.625,causal_bypass,causal_bypass
lora,LoRA,/content/drive/MyDrive/project-ADI/llama31-1b-movielens-ranking-lora,text,model_choice,2436,12,0.12500005960464478,causal_bypass,causal_bypass
lora,LoRA,/content/drive/MyDrive/project-ADI/llama31-1b-movielens-ranking-lora,text,model_choice,2436,13,0.5,causal_bypass,causal_bypass
lora,LoRA,/content/drive/MyDrive/project-ADI/llama31-1b-movielens-ranking-lora,text,model_choice,2436,14,1.5,causal_bypass,causal_bypass
lora,LoRA,/content/drive/MyDrive/project-ADI/llama31-1b-movielens-ranking-lora,text,model_choice,2436,15,1.5,causal_bypass,causal_bypass
lora,LoRA,/content/drive/MyDrive/project-ADI/llama31-1b-movielens-ranking-lora,text,ground_truth,2486,0,1.75,causal_bypass,causal_bypass
lora,LoRA,/content/drive/MyDrive/project-ADI/llama31-1b-movielens-ranking-lora,text,ground_truth,2486,1,3.84375,causal_bypass,causal_bypass
lora,LoRA,/content/drive/MyDrive/project-ADI/llama31-1b-movielens-ranking-lora,text,ground_truth,2486,2,0.625,causal_bypass,causal_bypass
lora,LoRA,/content/drive/MyDrive/project-ADI/llama31-1b-movielens-ranking-lora,text,ground_truth,2486,3,0.5,causal_bypass,causal_bypass
lora,LoRA,/content/drive/MyDrive/project-ADI/llama31-1b-movielens-ranking-lora,text,ground_truth,2486,4,0.125,causal_bypass,causal_bypass
lora,LoRA,/content/drive/MyDrive/project-ADI/llama31-1b-movielens-ranking-lora,text,ground_truth,2486,5,0.125,causal_bypass,causal_bypass
lora,LoRA,/content/drive/MyDrive/project-ADI/llama31-1b-movielens-ranking-lora,text,ground_truth,2486,6,0.375,causal_bypass,causal_bypass
lora,LoRA,/content/drive/MyDrive/project-ADI/llama31-1b-movielens-ranking-lora,text,ground_truth,2486,7,0.375,causal_bypass,causal_bypass
lora,LoRA,/content/drive/MyDrive/project-ADI/llama31-1b-movielens-ranking-lora,text,ground_truth,2486,8,0.0,causal_bypass,causal_bypass
lora,LoRA,/content/drive/MyDrive/project-ADI/llama31-1b-movielens-ranking-lora,text,ground_truth,2486,9,0.0,causal_bypass,causal_bypass
lora,LoRA,/content/drive/MyDrive/project-ADI/llama31-1b-movielens-ranking-lora,text,ground_truth,2486,10,2.1249998807907104,causal_bypass,causal_bypass
lora,LoRA,/content/drive/MyDrive/project-ADI/llama31-1b-movielens-ranking-lora,text,ground_truth,2486,11,0.125,causal_bypass,causal_bypass
lora,LoRA,/content/drive/MyDrive/project-ADI/llama31-1b-movielens-ranking-lora,text,ground_truth,2486,12,0.25,causal_bypass,causal_bypass
lora,LoRA,/content/drive/MyDrive/project-ADI/llama31-1b-movielens-ranking-lora,text,ground_truth,2486,13,0.375,causal_bypass,causal_bypass
lora,LoRA,/content/drive/MyDrive/project-ADI/llama31-1b-movielens-ranking-lora,text,ground_truth,2486,14,2.5,causal_bypass,causal_bypass
lora,LoRA,/content/drive/MyDrive/project-ADI/llama31-1b-movielens-ranking-lora,text,ground_truth,2486,15,1.125,causal_bypass,causal_bypass
lora,LoRA,/content/drive/MyDrive/project-ADI/llama31-1b-movielens-ranking-lora,text,model_choice,2486,0,1.75,causal_bypass,causal_bypass
lora,LoRA,/content/drive/MyDrive/project-ADI/llama31-1b-movielens-ranking-lora,text,model_choice,2486,1,3.84375,causal_bypass,causal_bypass
lora,LoRA,/content/drive/MyDrive/project-ADI/llama31-1b-movielens-ranking-lora,text,model_choice,2486,2,0.625,causal_bypass,causal_bypass
lora,LoRA,/content/drive/MyDrive/project-ADI/llama31-1b-movielens-ranking-lora,text,model_choice,2486,3,0.5,causal_bypass,causal_bypass
lora,LoRA,/content/drive/MyDrive/project-ADI/llama31-1b-movielens-ranking-lora,text,model_choice,2486,4,0.125,causal_bypass,causal_bypass
lora,LoRA,/content/drive/MyDrive/project-ADI/llama31-1b-movielens-ranking-lora,text,model_choice,2486,5,0.125,causal_bypass,causal_bypass
lora,LoRA,/content/drive/MyDrive/project-ADI/llama31-1b-movielens-ranking-lora,text,model_choice,2486,6,0.375,causal_bypass,causal_bypass
lora,LoRA,/content/drive/MyDrive/project-ADI/llama31-1b-movielens-ranking-lora,text,model_choice,2486,7,0.375,causal_bypass,causal_bypass
lora,LoRA,/content/drive/MyDrive/project-ADI/llama31-1b-movielens-ranking-lora,text,model_choice,2486,8,0.0,causal_bypass,causal_bypass
lora,LoRA,/content/drive/MyDrive/project-ADI/llama31-1b-movielens-ranking-lora,text,model_choice,2486,9,0.0,causal_bypass,causal_bypass
lora,LoRA,/content/drive/MyDrive/project-ADI/llama31-1b-movielens-ranking-lora,text,model_choice,2486,10,2.1249998807907104,causal_bypass,causal_bypass
lora,LoRA,/content/drive/MyDrive/project-ADI/llama31-1b-movielens-ranking-lora,text,model_choice,2486,11,0.125,causal_bypass,causal_bypass
lora,LoRA,/content/drive/MyDrive/project-ADI/llama31-1b-movielens-ranking-lora,text,model_choice,2486,12,0.25,causal_bypass,causal_bypass
lora,LoRA,/content/drive/MyDrive/project-ADI/llama31-1b-movielens-ranking-lora,text,model_choice,2486,13,0.375,causal_bypass,causal_bypass
lora,LoRA,/content/drive/MyDrive/project-ADI/llama31-1b-movielens-ranking-lora,text,model_choice,2486,14,2.5,causal_bypass,causal_bypass
lora,LoRA,/content/drive/MyDrive/project-ADI/llama31-1b-movielens-ranking-lora,text,model_choice,2486,15,1.125,causal_bypass,causal_bypass
lora,LoRA,/content/drive/MyDrive/project-ADI/llama31-1b-movielens-ranking-lora,text,ground_truth,2557,0,3.124999761581421,causal_bypass,causal_bypass
lora,LoRA,/content/drive/MyDrive/project-ADI/llama31-1b-movielens-ranking-lora,text,ground_truth,2557,1,2.749999761581421,causal_bypass,causal_bypass
lora,LoRA,/content/drive/MyDrive/project-ADI/llama31-1b-movielens-ranking-lora,text,ground_truth,2557,2,4.1249998807907104,causal_bypass,causal_bypass
lora,LoRA,/content/drive/MyDrive/project-ADI/llama31-1b-movielens-ranking-lora,text,ground_truth,2557,3,3.1249998807907104,causal_bypass,causal_bypass
lora,LoRA,/content/drive/MyDrive/project-ADI/llama31-1b-movielens-ranking-lora,text,ground_truth,2557,4,4.124999761581421,causal_bypass,causal_bypass
lora,LoRA,/content/drive/MyDrive/project-ADI/llama31-1b-movielens-ranking-lora,text,ground_truth,2557,5,3.3749998807907104,causal_bypass,causal_bypass
lora,LoRA,/content/drive/MyDrive/project-ADI/llama31-1b-movielens-ranking-lora,text,ground_truth,2557,6,1.9999996423721313,causal_bypass,causal_bypass
lora,LoRA,/content/drive/MyDrive/project-ADI/llama31-1b-movielens-ranking-lora,text,ground_truth,2557,7,1.499999761581421,causal_bypass,causal_bypass
lora,LoRA,/content/drive/MyDrive/project-ADI/llama31-1b-movielens-ranking-lora,text,ground_truth,2557,8,2.3749998807907104,causal_bypass,causal_bypass
lora,LoRA,/content/drive/MyDrive/project-ADI/llama31-1b-movielens-ranking-lora,text,ground_truth,2557,9,2.2499996423721313,causal_bypass,causal_bypass
lora,LoRA,/content/drive/MyDrive/project-ADI/llama31-1b-movielens-ranking-lora,text,ground_truth,2557,10,4.124999761581421,causal_bypass,causal_bypass
lora,LoRA,/content/drive/MyDrive/project-ADI/llama31-1b-movielens-ranking-lora,text,ground_truth,2557,11,0.5,causal_bypass,causal_bypass
lora,LoRA,/content/drive/MyDrive/project-ADI/llama31-1b-movielens-ranking-lora,text,ground_truth,2557,12,0.2499997615814209,causal_bypass,causal_bypass
lora,LoRA,/content/drive/MyDrive/project-ADI/llama31-1b-movielens-ranking-lora,text,ground_truth,2557,13,0.3750002384185791,causal_bypass,causal_bypass
lora,LoRA,/content/drive/MyDrive/project-ADI/llama31-1b-movielens-ranking-lora,text,ground_truth,2557,14,0.9999997615814209,causal_bypass,causal_bypass
lora,LoRA,/content/drive/MyDrive/project-ADI/llama31-1b-movielens-ranking-lora,text,ground_truth,2557,15,6.062500238418579,causal_bypass,causal_bypass
lora,LoRA,/content/drive/MyDrive/project-ADI/llama31-1b-movielens-ranking-lora,text,model_choice,2557,0,2.6875,causal_bypass,causal_bypass
lora,LoRA,/content/drive/MyDrive/project-ADI/llama31-1b-movielens-ranking-lora,text,model_choice,2557,1,0.5,causal_bypass,causal_bypass
lora,LoRA,/content/drive/MyDrive/project-ADI/llama31-1b-movielens-ranking-lora,text,model_choice,2557,2,1.0,causal_bypass,causal_bypass
lora,LoRA,/content/drive/MyDrive/project-ADI/llama31-1b-movielens-ranking-lora,text,model_choice,2557,3,0.24999988079071045,causal_bypass,causal_bypass
lora,LoRA,/content/drive/MyDrive/project-ADI/llama31-1b-movielens-ranking-lora,text,model_choice,2557,4,2.0,causal_bypass,causal_bypass
lora,LoRA,/content/drive/MyDrive/project-ADI/llama31-1b-movielens-ranking-lora,text,model_choice,2557,5,1.1920928955078125e-07,causal_bypass,causal_bypass
lora,LoRA,/content/drive/MyDrive/project-ADI/llama31-1b-movielens-ranking-lora,text,model_choice,2557,6,0.12499988079071045,causal_bypass,causal_bypass
lora,LoRA,/content/drive/MyDrive/project-ADI/llama31-1b-movielens-ranking-lora,text,model_choice,2557,7,1.0,causal_bypass,causal_bypass
lora,LoRA,/content/drive/MyDrive/project-ADI/llama31-1b-movielens-ranking-lora,text,model_choice,2557,8,0.37500011920928955,causal_bypass,causal_bypass
lora,LoRA,/content/drive/MyDrive/project-ADI/llama31-1b-movielens-ranking-lora,text,model_choice,2557,9,0.49999988079071045,causal_bypass,causal_bypass
lora,LoRA,/content/drive/MyDrive/project-ADI/llama31-1b-movielens-ranking-lora,text,model_choice,2557,10,1.75,causal_bypass,causal_bypass
lora,LoRA,/content/drive/MyDrive/project-ADI/llama31-1b-movielens-ranking-lora,text,model_choice,2557,11,0.5,causal_bypass,causal_bypass
lora,LoRA,/content/drive/MyDrive/project-ADI/llama31-1b-movielens-ranking-lora,text,model_choice,2557,12,0.24999988079071045,causal_bypass,causal_bypass
lora,LoRA,/content/drive/MyDrive/project-ADI/llama31-1b-movielens-ranking-lora,text,model_choice,2557,13,0.125,causal_bypass,causal_bypass
lora,LoRA,/content/drive/MyDrive/project-ADI/llama31-1b-movielens-ranking-lora,text,model_choice,2557,14,3.125,causal_bypass,causal_bypass
lora,LoRA,/content/drive/MyDrive/project-ADI/llama31-1b-movielens-ranking-lora,text,model_choice,2557,15,4.25,causal_bypass,causal_bypass
lora,LoRA,/content/drive/MyDrive/project-ADI/llama31-1b-movielens-ranking-lora,text,ground_truth,3172,0,2.1250001192092896,causal_bypass,causal_bypass
lora,LoRA,/content/drive/MyDrive/project-ADI/llama31-1b-movielens-ranking-lora,text,ground_truth,3172,1,1.7499998807907104,causal_bypass,causal_bypass
lora,LoRA,/content/drive/MyDrive/project-ADI/llama31-1b-movielens-ranking-lora,text,ground_truth,3172,2,0.8749998807907104,causal_bypass,causal_bypass
lora,LoRA,/content/drive/MyDrive/project-ADI/llama31-1b-movielens-ranking-lora,text,ground_truth,3172,3,1.2499998807907104,causal_bypass,causal_bypass
lora,LoRA,/content/drive/MyDrive/project-ADI/llama31-1b-movielens-ranking-lora,text,ground_truth,3172,4,0.6249998807907104,causal_bypass,causal_bypass
lora,LoRA,/content/drive/MyDrive/project-ADI/llama31-1b-movielens-ranking-lora,text,ground_truth,3172,5,0.8749998807907104,causal_bypass,causal_bypass
lora,LoRA,/content/drive/MyDrive/project-ADI/llama31-1b-movielens-ranking-lora,text,ground_truth,3172,6,0.375,causal_bypass,causal_bypass
lora,LoRA,/content/drive/MyDrive/project-ADI/llama31-1b-movielens-ranking-lora,text,ground_truth,3172,7,1.3749998807907104,causal_bypass,causal_bypass
lora,LoRA,/content/drive/MyDrive/project-ADI/llama31-1b-movielens-ranking-lora,text,ground_truth,3172,8,1.4999998807907104,causal_bypass,causal_bypass
lora,LoRA,/content/drive/MyDrive/project-ADI/llama31-1b-movielens-ranking-lora,text,ground_truth,3172,9,1.2499998807907104,causal_bypass,causal_bypass
lora,LoRA,/content/drive/MyDrive/project-ADI/llama31-1b-movielens-ranking-lora,text,ground_truth,3172,10,0.6249998807907104,causal_bypass,causal_bypass
lora,LoRA,/content/drive/MyDrive/project-ADI/llama31-1b-movielens-ranking-lora,text,ground_truth,3172,11,0.37499988079071045,causal_bypass,causal_bypass
lora,LoRA,/content/drive/MyDrive/project-ADI/llama31-1b-movielens-ranking-lora,text,ground_truth,3172,12,0.37500011920928955,causal_bypass,causal_bypass
lora,LoRA,/content/drive/MyDrive/project-ADI/llama31-1b-movielens-ranking-lora,text,ground_truth,3172,13,0.49999988079071045,causal_bypass,causal_bypass
lora,LoRA,/content/drive/MyDrive/project-ADI/llama31-1b-movielens-ranking-lora,text,ground_truth,3172,14,2.0000001192092896,causal_bypass,causal_bypass
lora,LoRA,/content/drive/MyDrive/project-ADI/llama31-1b-movielens-ranking-lora,text,ground_truth,3172,15,1.1250001192092896,causal_bypass,causal_bypass
lora,LoRA,/content/drive/MyDrive/project-ADI/llama31-1b-movielens-ranking-lora,text,model_choice,3172,0,0.625,causal_bypass,causal_bypass
lora,LoRA,/content/drive/MyDrive/project-ADI/llama31-1b-movielens-ranking-lora,text,model_choice,3172,1,3.8125,causal_bypass,causal_bypass
lora,LoRA,/content/drive/MyDrive/project-ADI/llama31-1b-movielens-ranking-lora,text,model_choice,3172,2,2.125,causal_bypass,causal_bypass
lora,LoRA,/content/drive/MyDrive/project-ADI/llama31-1b-movielens-ranking-lora,text,model_choice,3172,3,1.0,causal_bypass,causal_bypass
lora,LoRA,/content/drive/MyDrive/project-ADI/llama31-1b-movielens-ranking-lora,text,model_choice,3172,4,0.5,causal_bypass,causal_bypass
lora,LoRA,/content/drive/MyDrive/project-ADI/llama31-1b-movielens-ranking-lora,text,model_choice,3172,5,0.875,causal_bypass,causal_bypass
lora,LoRA,/content/drive/MyDrive/project-ADI/llama31-1b-movielens-ranking-lora,text,model_choice,3172,6,0.25,causal_bypass,causal_bypass
lora,LoRA,/content/drive/MyDrive/project-ADI/llama31-1b-movielens-ranking-lora,text,model_choice,3172,7,1.125,causal_bypass,causal_bypass
lora,LoRA,/content/drive/MyDrive/project-ADI/llama31-1b-movielens-ranking-lora,text,model_choice,3172,8,0.75,causal_bypass,causal_bypass
lora,LoRA,/content/drive/MyDrive/project-ADI/llama31-1b-movielens-ranking-lora,text,model_choice,3172,9,0.625,causal_bypass,causal_bypass
lora,LoRA,/content/drive/MyDrive/project-ADI/llama31-1b-movielens-ranking-lora,text,model_choice,3172,10,0.0,causal_bypass,causal_bypass
lora,LoRA,/content/drive/MyDrive/project-ADI/llama31-1b-movielens-ranking-lora,text,model_choice,3172,11,0.375,causal_bypass,causal_bypass
lora,LoRA,/content/drive/MyDrive/project-ADI/llama31-1b-movielens-ranking-lora,text,model_choice,3172,12,0.25,causal_bypass,causal_bypass
lora,LoRA,/content/drive/MyDrive/project-ADI/llama31-1b-movielens-ranking-lora,text,model_choice,3172,13,0.0,causal_bypass,causal_bypass
lora,LoRA,/content/drive/MyDrive/project-ADI/llama31-1b-movielens-ranking-lora,text,model_choice,3172,14,2.999999761581421,causal_bypass,causal_bypass
lora,LoRA,/content/drive/MyDrive/project-ADI/llama31-1b-movielens-ranking-lora,text,model_choice,3172,15,1.4375,causal_bypass,causal_bypass
lora,LoRA,/content/drive/MyDrive/project-ADI/llama31-1b-movielens-ranking-lora,text,ground_truth,3676,0,1.25,causal_bypass,causal_bypass
lora,LoRA,/content/drive/MyDrive/project-ADI/llama31-1b-movielens-ranking-lora,text,ground_truth,3676,1,2.5625,causal_bypass,causal_bypass
lora,LoRA,/content/drive/MyDrive/project-ADI/llama31-1b-movielens-ranking-lora,text,ground_truth,3676,2,0.75,causal_bypass,causal_bypass
lora,LoRA,/content/drive/MyDrive/project-ADI/llama31-1b-movielens-ranking-lora,text,ground_truth,3676,3,1.0,causal_bypass,causal_bypass
lora,LoRA,/content/drive/MyDrive/project-ADI/llama31-1b-movielens-ranking-lora,text,ground_truth,3676,4,0.125,causal_bypass,causal_bypass
lora,LoRA,/content/drive/MyDrive/project-ADI/llama31-1b-movielens-ranking-lora,text,ground_truth,3676,5,0.6250001192092896,causal_bypass,causal_bypass
lora,LoRA,/content/drive/MyDrive/project-ADI/llama31-1b-movielens-ranking-lora,text,ground_truth,3676,6,0.37500011920928955,causal_bypass,causal_bypass
lora,LoRA,/content/drive/MyDrive/project-ADI/llama31-1b-movielens-ranking-lora,text,ground_truth,3676,7,0.0,causal_bypass,causal_bypass
lora,LoRA,/content/drive/MyDrive/project-ADI/llama31-1b-movielens-ranking-lora,text,ground_truth,3676,8,1.2500001192092896,causal_bypass,causal_bypass
lora,LoRA,/content/drive/MyDrive/project-ADI/llama31-1b-movielens-ranking-lora,text,ground_truth,3676,9,0.125,causal_bypass,causal_bypass
lora,LoRA,/content/drive/MyDrive/project-ADI/llama31-1b-movielens-ranking-lora,text,ground_truth,3676,10,3.125,causal_bypass,causal_bypass
lora,LoRA,/content/drive/MyDrive/project-ADI/llama31-1b-movielens-ranking-lora,text,ground_truth,3676,11,0.0,causal_bypass,causal_bypass
lora,LoRA,/content/drive/MyDrive/project-ADI/llama31-1b-movielens-ranking-lora,text,ground_truth,3676,12,0.375,causal_bypass,causal_bypass
lora,LoRA,/content/drive/MyDrive/project-ADI/llama31-1b-movielens-ranking-lora,text,ground_truth,3676,13,0.625,causal_bypass,causal_bypass
lora,LoRA,/content/drive/MyDrive/project-ADI/llama31-1b-movielens-ranking-lora,text,ground_truth,3676,14,3.625,causal_bypass,causal_bypass
lora,LoRA,/content/drive/MyDrive/project-ADI/llama31-1b-movielens-ranking-lora,text,ground_truth,3676,15,1.5625,causal_bypass,causal_bypass
lora,LoRA,/content/drive/MyDrive/project-ADI/llama31-1b-movielens-ranking-lora,text,model_choice,3676,0,1.25,causal_bypass,causal_bypass
lora,LoRA,/content/drive/MyDrive/project-ADI/llama31-1b-movielens-ranking-lora,text,model_choice,3676,1,2.5625,causal_bypass,causal_bypass
lora,LoRA,/content/drive/MyDrive/project-ADI/llama31-1b-movielens-ranking-lora,text,model_choice,3676,2,0.75,causal_bypass,causal_bypass
lora,LoRA,/content/drive/MyDrive/project-ADI/llama31-1b-movielens-ranking-lora,text,model_choice,3676,3,1.0,causal_bypass,causal_bypass
lora,LoRA,/content/drive/MyDrive/project-ADI/llama31-1b-movielens-ranking-lora,text,model_choice,3676,4,0.125,causal_bypass,causal_bypass
lora,LoRA,/content/drive/MyDrive/project-ADI/llama31-1b-movielens-ranking-lora,text,model_choice,3676,5,0.6250001192092896,causal_bypass,causal_bypass
lora,LoRA,/content/drive/MyDrive/project-ADI/llama31-1b-movielens-ranking-lora,text,model_choice,3676,6,0.37500011920928955,causal_bypass,causal_bypass
lora,LoRA,/content/drive/MyDrive/project-ADI/llama31-1b-movielens-ranking-lora,text,model_choice,3676,7,0.0,causal_bypass,causal_bypass
lora,LoRA,/content/drive/MyDrive/project-ADI/llama31-1b-movielens-ranking-lora,text,model_choice,3676,8,1.2500001192092896,causal_bypass,causal_bypass
lora,LoRA,/content/drive/MyDrive/project-ADI/llama31-1b-movielens-ranking-lora,text,model_choice,3676,9,0.125,causal_bypass,causal_bypass
lora,LoRA,/content/drive/MyDrive/project-ADI/llama31-1b-movielens-ranking-lora,text,model_choice,3676,10,3.125,causal_bypass,causal_bypass
lora,LoRA,/content/drive/MyDrive/project-ADI/llama31-1b-movielens-ranking-lora,text,model_choice,3676,11,0.0,causal_bypass,causal_bypass
lora,LoRA,/content/drive/MyDrive/project-ADI/llama31-1b-movielens-ranking-lora,text,model_choice,3676,12,0.375,causal_bypass,causal_bypass
lora,LoRA,/content/drive/MyDrive/project-ADI/llama31-1b-movielens-ranking-lora,text,model_choice,3676,13,0.625,causal_bypass,causal_bypass
lora,LoRA,/content/drive/MyDrive/project-ADI/llama31-1b-movielens-ranking-lora,text,model_choice,3676,14,3.625,causal_bypass,causal_bypass
lora,LoRA,/content/drive/MyDrive/project-ADI/llama31-1b-movielens-ranking-lora,text,model_choice,3676,15,1.5625,causal_bypass,causal_bypass
lora,LoRA,/content/drive/MyDrive/project-ADI/llama31-1b-movielens-ranking-lora,text,ground_truth,4080,0,2.4375,causal_bypass,causal_bypass
lora,LoRA,/content/drive/MyDrive/project-ADI/llama31-1b-movielens-ranking-lora,text,ground_truth,4080,1,0.5,causal_bypass,causal_bypass
lora,LoRA,/content/drive/MyDrive/project-ADI/llama31-1b-movielens-ranking-lora,text,ground_truth,4080,2,0.0,causal_bypass,causal_bypass
lora,LoRA,/content/drive/MyDrive/project-ADI/llama31-1b-movielens-ranking-lora,text,ground_truth,4080,3,1.7499998807907104,causal_bypass,causal_bypass
lora,LoRA,/content/drive/MyDrive/project-ADI/llama31-1b-movielens-ranking-lora,text,ground_truth,4080,4,0.875,causal_bypass,causal_bypass
lora,LoRA,/content/drive/MyDrive/project-ADI/llama31-1b-movielens-ranking-lora,text,ground_truth,4080,5,1.375,causal_bypass,causal_bypass
lora,LoRA,/content/drive/MyDrive/project-ADI/llama31-1b-movielens-ranking-lora,text,ground_truth,4080,6,1.0,causal_bypass,causal_bypass
lora,LoRA,/content/drive/MyDrive/project-ADI/llama31-1b-movielens-ranking-lora,text,ground_truth,4080,7,0.125,causal_bypass,causal_bypass
lora,LoRA,/content/drive/MyDrive/project-ADI/llama31-1b-movielens-ranking-lora,text,ground_truth,4080,8,0.7499999403953552,causal_bypass,causal_bypass
lora,LoRA,/content/drive/MyDrive/project-ADI/llama31-1b-movielens-ranking-lora,text,ground_truth,4080,9,0.0,causal_bypass,causal_bypass
lora,LoRA,/content/drive/MyDrive/project-ADI/llama31-1b-movielens-ranking-lora,text,ground_truth,4080,10,2.5625,causal_bypass,causal_bypass
lora,LoRA,/content/drive/MyDrive/project-ADI/llama31-1b-movielens-ranking-lora,text,ground_truth,4080,11,0.875,causal_bypass,causal_bypass
lora,LoRA,/content/drive/MyDrive/project-ADI/llama31-1b-movielens-ranking-lora,text,ground_truth,4080,12,0.125,causal_bypass,causal_bypass
lora,LoRA,/content/drive/MyDrive/project-ADI/llama31-1b-movielens-ranking-lora,text,ground_truth,4080,13,0.625,causal_bypass,causal_bypass
lora,LoRA,/content/drive/MyDrive/project-ADI/llama31-1b-movielens-ranking-lora,text,ground_truth,4080,14,0.0,causal_bypass,causal_bypass
lora,LoRA,/content/drive/MyDrive/project-ADI/llama31-1b-movielens-ranking-lora,text,ground_truth,4080,15,0.7500000596046448,causal_bypass,causal_bypass
lora,LoRA,/content/drive/MyDrive/project-ADI/llama31-1b-movielens-ranking-lora,text,model_choice,4080,0,2.4375,causal_bypass,causal_bypass
lora,LoRA,/content/drive/MyDrive/project-ADI/llama31-1b-movielens-ranking-lora,text,model_choice,4080,1,0.5,causal_bypass,causal_bypass
lora,LoRA,/content/drive/MyDrive/project-ADI/llama31-1b-movielens-ranking-lora,text,model_choice,4080,2,0.0,causal_bypass,causal_bypass
lora,LoRA,/content/drive/MyDrive/project-ADI/llama31-1b-movielens-ranking-lora,text,model_choice,4080,3,1.7499998807907104,causal_bypass,causal_bypass
lora,LoRA,/content/drive/MyDrive/project-ADI/llama31-1b-movielens-ranking-lora,text,model_choice,4080,4,0.875,causal_bypass,causal_bypass
lora,LoRA,/content/drive/MyDrive/project-ADI/llama31-1b-movielens-ranking-lora,text,model_choice,4080,5,1.375,causal_bypass,causal_bypass
lora,LoRA,/content/drive/MyDrive/project-ADI/llama31-1b-movielens-ranking-lora,text,model_choice,4080,6,1.0,causal_bypass,causal_bypass
lora,LoRA,/content/drive/MyDrive/project-ADI/llama31-1b-movielens-ranking-lora,text,model_choice,4080,7,0.125,causal_bypass,causal_bypass
lora,LoRA,/content/drive/MyDrive/project-ADI/llama31-1b-movielens-ranking-lora,text,model_choice,4080,8,0.7499999403953552,causal_bypass,causal_bypass
lora,LoRA,/content/drive/MyDrive/project-ADI/llama31-1b-movielens-ranking-lora,text,model_choice,4080,9,0.0,causal_bypass,causal_bypass
lora,LoRA,/content/drive/MyDrive/project-ADI/llama31-1b-movielens-ranking-lora,text,model_choice,4080,10,2.5625,causal_bypass,causal_bypass
lora,LoRA,/content/drive/MyDrive/project-ADI/llama31-1b-movielens-ranking-lora,text,model_choice,4080,11,0.875,causal_bypass,causal_bypass
lora,LoRA,/content/drive/MyDrive/project-ADI/llama31-1b-movielens-ranking-lora,text,model_choice,4080,12,0.125,causal_bypass,causal_bypass
lora,LoRA,/content/drive/MyDrive/project-ADI/llama31-1b-movielens-ranking-lora,text,model_choice,4080,13,0.625,causal_bypass,causal_bypass
lora,LoRA,/content/drive/MyDrive/project-ADI/llama31-1b-movielens-ranking-lora,text,model_choice,4080,14,0.0,causal_bypass,causal_bypass
lora,LoRA,/content/drive/MyDrive/project-ADI/llama31-1b-movielens-ranking-lora,text,model_choice,4080,15,0.7500000596046448,causal_bypass,causal_bypass
lora,LoRA,/content/drive/MyDrive/project-ADI/llama31-1b-movielens-ranking-lora,text,ground_truth,4500,0,1.3125,causal_bypass,causal_bypass
lora,LoRA,/content/drive/MyDrive/project-ADI/llama31-1b-movielens-ranking-lora,text,ground_truth,4500,1,3.5,causal_bypass,causal_bypass
lora,LoRA,/content/drive/MyDrive/project-ADI/llama31-1b-movielens-ranking-lora,text,ground_truth,4500,2,0.875,causal_bypass,causal_bypass
lora,LoRA,/content/drive/MyDrive/project-ADI/llama31-1b-movielens-ranking-lora,text,ground_truth,4500,3,0.75,causal_bypass,causal_bypass
lora,LoRA,/content/drive/MyDrive/project-ADI/llama31-1b-movielens-ranking-lora,text,ground_truth,4500,4,1.875,causal_bypass,causal_bypass
lora,LoRA,/content/drive/MyDrive/project-ADI/llama31-1b-movielens-ranking-lora,text,ground_truth,4500,5,0.125,causal_bypass,causal_bypass
lora,LoRA,/content/drive/MyDrive/project-ADI/llama31-1b-movielens-ranking-lora,text,ground_truth,4500,6,0.25,causal_bypass,causal_bypass
lora,LoRA,/content/drive/MyDrive/project-ADI/llama31-1b-movielens-ranking-lora,text,ground_truth,4500,7,0.0,causal_bypass,causal_bypass
lora,LoRA,/content/drive/MyDrive/project-ADI/llama31-1b-movielens-ranking-lora,text,ground_truth,4500,8,0.125,causal_bypass,causal_bypass
lora,LoRA,/content/drive/MyDrive/project-ADI/llama31-1b-movielens-ranking-lora,text,ground_truth,4500,9,0.125,causal_bypass,causal_bypass
lora,LoRA,/content/drive/MyDrive/project-ADI/llama31-1b-movielens-ranking-lora,text,ground_truth,4500,10,0.875,causal_bypass,causal_bypass
lora,LoRA,/content/drive/MyDrive/project-ADI/llama31-1b-movielens-ranking-lora,text,ground_truth,4500,11,0.125,causal_bypass,causal_bypass
lora,LoRA,/content/drive/MyDrive/project-ADI/llama31-1b-movielens-ranking-lora,text,ground_truth,4500,12,0.7499998807907104,causal_bypass,causal_bypass
lora,LoRA,/content/drive/MyDrive/project-ADI/llama31-1b-movielens-ranking-lora,text,ground_truth,4500,13,1.8749998807907104,causal_bypass,causal_bypass
lora,LoRA,/content/drive/MyDrive/project-ADI/llama31-1b-movielens-ranking-lora,text,ground_truth,4500,14,2.5,causal_bypass,causal_bypass
lora,LoRA,/content/drive/MyDrive/project-ADI/llama31-1b-movielens-ranking-lora,text,ground_truth,4500,15,2.8125,causal_bypass,causal_bypass
lora,LoRA,/content/drive/MyDrive/project-ADI/llama31-1b-movielens-ranking-lora,text,model_choice,4500,0,0.25,causal_bypass,causal_bypass
lora,LoRA,/content/drive/MyDrive/project-ADI/llama31-1b-movielens-ranking-lora,text,model_choice,4500,1,2.875,causal_bypass,causal_bypass
lora,LoRA,/content/drive/MyDrive/project-ADI/llama31-1b-movielens-ranking-lora,text,model_choice,4500,2,0.125,causal_bypass,causal_bypass
lora,LoRA,/content/drive/MyDrive/project-ADI/llama31-1b-movielens-ranking-lora,text,model_choice,4500,3,0.5,causal_bypass,causal_bypass
lora,LoRA,/content/drive/MyDrive/project-ADI/llama31-1b-movielens-ranking-lora,text,model_choice,4500,4,0.37499988079071045,causal_bypass,causal_bypass
lora,LoRA,/content/drive/MyDrive/project-ADI/llama31-1b-movielens-ranking-lora,text,model_choice,4500,5,0.25,causal_bypass,causal_bypass
lora,LoRA,/content/drive/MyDrive/project-ADI/llama31-1b-movielens-ranking-lora,text,model_choice,4500,6,0.125,causal_bypass,causal_bypass
lora,LoRA,/content/drive/MyDrive/project-ADI/llama31-1b-movielens-ranking-lora,text,model_choice,4500,7,0.6250001192092896,causal_bypass,causal_bypass
lora,LoRA,/content/drive/MyDrive/project-ADI/llama31-1b-movielens-ranking-lora,text,model_choice,4500,8,0.875,causal_bypass,causal_bypass
lora,LoRA,/content/drive/MyDrive/project-ADI/llama31-1b-movielens-ranking-lora,text,model_choice,4500,9,0.25,causal_bypass,causal_bypass
lora,LoRA,/content/drive/MyDrive/project-ADI/llama31-1b-movielens-ranking-lora,text,model_choice,4500,10,1.0,causal_bypass,causal_bypass
lora,LoRA,/content/drive/MyDrive/project-ADI/llama31-1b-movielens-ranking-lora,text,model_choice,4500,11,0.125,causal_bypass,causal_bypass
lora,LoRA,/content/drive/MyDrive/project-ADI/llama31-1b-movielens-ranking-lora,text,model_choice,4500,12,0.9999998807907104,causal_bypass,causal_bypass
lora,LoRA,/content/drive/MyDrive/project-ADI/llama31-1b-movielens-ranking-lora,text,model_choice,4500,13,1.8749998807907104,causal_bypass,causal_bypass
lora,LoRA,/content/drive/MyDrive/project-ADI/llama31-1b-movielens-ranking-lora,text,model_choice,4500,14,1.25,causal_bypass,causal_bypass
lora,LoRA,/content/drive/MyDrive/project-ADI/llama31-1b-movielens-ranking-lora,text,model_choice,4500,15,3.125,causal_bypass,causal_bypass
lora,LoRA,/content/drive/MyDrive/project-ADI/llama31-1b-movielens-ranking-lora,text,ground_truth,4660,0,1.75,causal_bypass,causal_bypass
lora,LoRA,/content/drive/MyDrive/project-ADI/llama31-1b-movielens-ranking-lora,text,ground_truth,4660,1,2.687500238418579,causal_bypass,causal_bypass
lora,LoRA,/content/drive/MyDrive/project-ADI/llama31-1b-movielens-ranking-lora,text,ground_truth,4660,2,2.125,causal_bypass,causal_bypass
lora,LoRA,/content/drive/MyDrive/project-ADI/llama31-1b-movielens-ranking-lora,text,ground_truth,4660,3,0.25,causal_bypass,causal_bypass
lora,LoRA,/content/drive/MyDrive/project-ADI/llama31-1b-movielens-ranking-lora,text,ground_truth,4660,4,0.375,causal_bypass,causal_bypass
lora,LoRA,/content/drive/MyDrive/project-ADI/llama31-1b-movielens-ranking-lora,text,ground_truth,4660,5,0.75,causal_bypass,causal_bypass
lora,LoRA,/content/drive/MyDrive/project-ADI/llama31-1b-movielens-ranking-lora,text,ground_truth,4660,6,0.49999988079071045,causal_bypass,causal_bypass
lora,LoRA,/content/drive/MyDrive/project-ADI/llama31-1b-movielens-ranking-lora,text,ground_truth,4660,7,0.75,causal_bypass,causal_bypass
lora,LoRA,/content/drive/MyDrive/project-ADI/llama31-1b-movielens-ranking-lora,text,ground_truth,4660,8,1.25,causal_bypass,causal_bypass
lora,LoRA,/content/drive/MyDrive/project-ADI/llama31-1b-movielens-ranking-lora,text,ground_truth,4660,9,0.625,causal_bypass,causal_bypass
lora,LoRA,/content/drive/MyDrive/project-ADI/llama31-1b-movielens-ranking-lora,text,ground_truth,4660,10,0.5,causal_bypass,causal_bypass
lora,LoRA,/content/drive/MyDrive/project-ADI/llama31-1b-movielens-ranking-lora,text,ground_truth,4660,11,0.125,causal_bypass,causal_bypass
lora,LoRA,/content/drive/MyDrive/project-ADI/llama31-1b-movielens-ranking-lora,text,ground_truth,4660,12,0.0,causal_bypass,causal_bypass
lora,LoRA,/content/drive/MyDrive/project-ADI/llama31-1b-movielens-ranking-lora,text,ground_truth,4660,13,0.25,causal_bypass,causal_bypass
lora,LoRA,/content/drive/MyDrive/project-ADI/llama31-1b-movielens-ranking-lora,text,ground_truth,4660,14,0.625,causal_bypass,causal_bypass
lora,LoRA,/content/drive/MyDrive/project-ADI/llama31-1b-movielens-ranking-lora,text,ground_truth,4660,15,0.4375,causal_bypass,causal_bypass
lora,LoRA,/content/drive/MyDrive/project-ADI/llama31-1b-movielens-ranking-lora,text,model_choice,4660,0,1.0625,causal_bypass,causal_bypass
lora,LoRA,/content/drive/MyDrive/project-ADI/llama31-1b-movielens-ranking-lora,text,model_choice,4660,1,3.125000238418579,causal_bypass,causal_bypass
lora,LoRA,/content/drive/MyDrive/project-ADI/llama31-1b-movielens-ranking-lora,text,model_choice,4660,2,2.0,causal_bypass,causal_bypass
lora,LoRA,/content/drive/MyDrive/project-ADI/llama31-1b-movielens-ranking-lora,text,model_choice,4660,3,0.375,causal_bypass,causal_bypass
lora,LoRA,/content/drive/MyDrive/project-ADI/llama31-1b-movielens-ranking-lora,text,model_choice,4660,4,0.25,causal_bypass,causal_bypass
lora,LoRA,/content/drive/MyDrive/project-ADI/llama31-1b-movielens-ranking-lora,text,model_choice,4660,5,0.5,causal_bypass,causal_bypass
lora,LoRA,/content/drive/MyDrive/project-ADI/llama31-1b-movielens-ranking-lora,text,model_choice,4660,6,0.0,causal_bypass,causal_bypass
lora,LoRA,/content/drive/MyDrive/project-ADI/llama31-1b-movielens-ranking-lora,text,model_choice,4660,7,0.7499998807907104,causal_bypass,causal_bypass
lora,LoRA,/content/drive/MyDrive/project-ADI/llama31-1b-movielens-ranking-lora,text,model_choice,4660,8,1.375,causal_bypass,causal_bypass
lora,LoRA,/content/drive/MyDrive/project-ADI/llama31-1b-movielens-ranking-lora,text,model_choice,4660,9,0.25,causal_bypass,causal_bypass
lora,LoRA,/content/drive/MyDrive/project-ADI/llama31-1b-movielens-ranking-lora,text,model_choice,4660,10,0.375,causal_bypass,causal_bypass
lora,LoRA,/content/drive/MyDrive/project-ADI/llama31-1b-movielens-ranking-lora,text,model_choice,4660,11,0.125,causal_bypass,causal_bypass
lora,LoRA,/content/drive/MyDrive/project-ADI/llama31-1b-movielens-ranking-lora,text,model_choice,4660,12,0.0,causal_bypass,causal_bypass
lora,LoRA,/content/drive/MyDrive/project-ADI/llama31-1b-movielens-ranking-lora,text,model_choice,4660,13,0.125,causal_bypass,causal_bypass
lora,LoRA,/content/drive/MyDrive/project-ADI/llama31-1b-movielens-ranking-lora,text,model_choice,4660,14,1.6249998807907104,causal_bypass,causal_bypass
lora,LoRA,/content/drive/MyDrive/project-ADI/llama31-1b-movielens-ranking-lora,text,model_choice,4660,15,5.1875,causal_bypass,causal_bypass
lora,LoRA,/content/drive/MyDrive/project-ADI/llama31-1b-movielens-ranking-lora,text,ground_truth,4722,0,1.25,causal_bypass,causal_bypass
lora,LoRA,/content/drive/MyDrive/project-ADI/llama31-1b-movielens-ranking-lora,text,ground_truth,4722,1,2.3125,causal_bypass,causal_bypass
lora,LoRA,/content/drive/MyDrive/project-ADI/llama31-1b-movielens-ranking-lora,text,ground_truth,4722,2,0.625,causal_bypass,causal_bypass
lora,LoRA,/content/drive/MyDrive/project-ADI/llama31-1b-movielens-ranking-lora,text,ground_truth,4722,3,0.375,causal_bypass,causal_bypass
lora,LoRA,/content/drive/MyDrive/project-ADI/llama31-1b-movielens-ranking-lora,text,ground_truth,4722,4,0.375,causal_bypass,causal_bypass
lora,LoRA,/content/drive/MyDrive/project-ADI/llama31-1b-movielens-ranking-lora,text,ground_truth,4722,5,0.625,causal_bypass,causal_bypass
lora,LoRA,/content/drive/MyDrive/project-ADI/llama31-1b-movielens-ranking-lora,text,ground_truth,4722,6,0.5,causal_bypass,causal_bypass
lora,LoRA,/content/drive/MyDrive/project-ADI/llama31-1b-movielens-ranking-lora,text,ground_truth,4722,7,0.0,causal_bypass,causal_bypass
lora,LoRA,/content/drive/MyDrive/project-ADI/llama31-1b-movielens-ranking-lora,text,ground_truth,4722,8,1.375,causal_bypass,causal_bypass
lora,LoRA,/content/drive/MyDrive/project-ADI/llama31-1b-movielens-ranking-lora,text,ground_truth,4722,9,0.5,causal_bypass,causal_bypass
lora,LoRA,/content/drive/MyDrive/project-ADI/llama31-1b-movielens-ranking-lora,text,ground_truth,4722,10,3.5,causal_bypass,causal_bypass
lora,LoRA,/content/drive/MyDrive/project-ADI/llama31-1b-movielens-ranking-lora,text,ground_truth,4722,11,0.3749999403953552,causal_bypass,causal_bypass
lora,LoRA,/content/drive/MyDrive/project-ADI/llama31-1b-movielens-ranking-lora,text,ground_truth,4722,12,0.25,causal_bypass,causal_bypass
lora,LoRA,/content/drive/MyDrive/project-ADI/llama31-1b-movielens-ranking-lora,text,ground_truth,4722,13,3.375,causal_bypass,causal_bypass
lora,LoRA,/content/drive/MyDrive/project-ADI/llama31-1b-movielens-ranking-lora,text,ground_truth,4722,14,3.5,causal_bypass,causal_bypass
lora,LoRA,/content/drive/MyDrive/project-ADI/llama31-1b-movielens-ranking-lora,text,ground_truth,4722,15,4.25,causal_bypass,causal_bypass
lora,LoRA,/content/drive/MyDrive/project-ADI/llama31-1b-movielens-ranking-lora,text,model_choice,4722,0,1.25,causal_bypass,causal_bypass
lora,LoRA,/content/drive/MyDrive/project-ADI/llama31-1b-movielens-ranking-lora,text,model_choice,4722,1,2.3125,causal_bypass,causal_bypass
lora,LoRA,/content/drive/MyDrive/project-ADI/llama31-1b-movielens-ranking-lora,text,model_choice,4722,2,0.625,causal_bypass,causal_bypass
lora,LoRA,/content/drive/MyDrive/project-ADI/llama31-1b-movielens-ranking-lora,text,model_choice,4722,3,0.375,causal_bypass,causal_bypass
lora,LoRA,/content/drive/MyDrive/project-ADI/llama31-1b-movielens-ranking-lora,text,model_choice,4722,4,0.375,causal_bypass,causal_bypass
lora,LoRA,/content/drive/MyDrive/project-ADI/llama31-1b-movielens-ranking-lora,text,model_choice,4722,5,0.625,causal_bypass,causal_bypass
lora,LoRA,/content/drive/MyDrive/project-ADI/llama31-1b-movielens-ranking-lora,text,model_choice,4722,6,0.5,causal_bypass,causal_bypass
lora,LoRA,/content/drive/MyDrive/project-ADI/llama31-1b-movielens-ranking-lora,text,model_choice,4722,7,0.0,causal_bypass,causal_bypass
lora,LoRA,/content/drive/MyDrive/project-ADI/llama31-1b-movielens-ranking-lora,text,model_choice,4722,8,1.375,causal_bypass,causal_bypass
lora,LoRA,/content/drive/MyDrive/project-ADI/llama31-1b-movielens-ranking-lora,text,model_choice,4722,9,0.5,causal_bypass,causal_bypass
lora,LoRA,/content/drive/MyDrive/project-ADI/llama31-1b-movielens-ranking-lora,text,model_choice,4722,10,3.5,causal_bypass,causal_bypass
lora,LoRA,/content/drive/MyDrive/project-ADI/llama31-1b-movielens-ranking-lora,text,model_choice,4722,11,0.3749999403953552,causal_bypass,causal_bypass
lora,LoRA,/content/drive/MyDrive/project-ADI/llama31-1b-movielens-ranking-lora,text,model_choice,4722,12,0.25,causal_bypass,causal_bypass
lora,LoRA,/content/drive/MyDrive/project-ADI/llama31-1b-movielens-ranking-lora,text,model_choice,4722,13,3.375,causal_bypass,causal_bypass
lora,LoRA,/content/drive/MyDrive/project-ADI/llama31-1b-movielens-ranking-lora,text,model_choice,4722,14,3.5,causal_bypass,causal_bypass
lora,LoRA,/content/drive/MyDrive/project-ADI/llama31-1b-movielens-ranking-lora,text,model_choice,4722,15,4.25,causal_bypass,causal_bypass
lora,LoRA,/content/drive/MyDrive/project-ADI/llama31-1b-movielens-ranking-lora,text,ground_truth,4888,0,5.125,causal_bypass,causal_bypass
lora,LoRA,/content/drive/MyDrive/project-ADI/llama31-1b-movielens-ranking-lora,text,ground_truth,4888,1,4.625,causal_bypass,causal_bypass
lora,LoRA,/content/drive/MyDrive/project-ADI/llama31-1b-movielens-ranking-lora,text,ground_truth,4888,2,5.375,causal_bypass,causal_bypass
lora,LoRA,/content/drive/MyDrive/project-ADI/llama31-1b-movielens-ranking-lora,text,ground_truth,4888,3,5.125,causal_bypass,causal_bypass
lora,LoRA,/content/drive/MyDrive/project-ADI/llama31-1b-movielens-ranking-lora,text,ground_truth,4888,4,3.875,causal_bypass,causal_bypass
lora,LoRA,/content/drive/MyDrive/project-ADI/llama31-1b-movielens-ranking-lora,text,ground_truth,4888,5,5.375,causal_bypass,causal_bypass
lora,LoRA,/content/drive/MyDrive/project-ADI/llama31-1b-movielens-ranking-lora,text,ground_truth,4888,6,5.0,causal_bypass,causal_bypass
lora,LoRA,/content/drive/MyDrive/project-ADI/llama31-1b-movielens-ranking-lora,text,ground_truth,4888,7,3.75,causal_bypass,causal_bypass
lora,LoRA,/content/drive/MyDrive/project-ADI/llama31-1b-movielens-ranking-lora,text,ground_truth,4888,8,2.249999761581421,causal_bypass,causal_bypass
lora,LoRA,/content/drive/MyDrive/project-ADI/llama31-1b-movielens-ranking-lora,text,ground_truth,4888,9,2.625000238418579,causal_bypass,causal_bypass
lora,LoRA,/content/drive/MyDrive/project-ADI/llama31-1b-movielens-ranking-lora,text,ground_truth,4888,10,6.875,causal_bypass,causal_bypass
lora,LoRA,/content/drive/MyDrive/project-ADI/llama31-1b-movielens-ranking-lora,text,ground_truth,4888,11,0.5625,causal_bypass,causal_bypass
lora,LoRA,/content/drive/MyDrive/project-ADI/llama31-1b-movielens-ranking-lora,text,ground_truth,4888,12,0.5,causal_bypass,causal_bypass
lora,LoRA,/content/drive/MyDrive/project-ADI/llama31-1b-movielens-ranking-lora,text,ground_truth,4888,13,0.125,causal_bypass,causal_bypass
lora,LoRA,/content/drive/MyDrive/project-ADI/llama31-1b-movielens-ranking-lora,text,ground_truth,4888,14,3.0,causal_bypass,causal_bypass
lora,LoRA,/content/drive/MyDrive/project-ADI/llama31-1b-movielens-ranking-lora,text,ground_truth,4888,15,4.125,causal_bypass,causal_bypass
lora,LoRA,/content/drive/MyDrive/project-ADI/llama31-1b-movielens-ranking-lora,text,model_choice,4888,0,3.3125,causal_bypass,causal_bypass
lora,LoRA,/content/drive/MyDrive/project-ADI/llama31-1b-movielens-ranking-lora,text,model_choice,4888,1,0.0625,causal_bypass,causal_bypass
lora,LoRA,/content/drive/MyDrive/project-ADI/llama31-1b-movielens-ranking-lora,text,model_choice,4888,2,2.125,causal_bypass,causal_bypass
lora,LoRA,/content/drive/MyDrive/project-ADI/llama31-1b-movielens-ranking-lora,text,model_choice,4888,3,0.875,causal_bypass,causal_bypass
lora,LoRA,/content/drive/MyDrive/project-ADI/llama31-1b-movielens-ranking-lora,text,model_choice,4888,4,0.875,causal_bypass,causal_bypass
lora,LoRA,/content/drive/MyDrive/project-ADI/llama31-1b-movielens-ranking-lora,text,model_choice,4888,5,0.625,causal_bypass,causal_bypass
lora,LoRA,/content/drive/MyDrive/project-ADI/llama31-1b-movielens-ranking-lora,text,model_choice,4888,6,1.25,causal_bypass,causal_bypass
lora,LoRA,/content/drive/MyDrive/project-ADI/llama31-1b-movielens-ranking-lora,text,model_choice,4888,7,1.375,causal_bypass,causal_bypass
lora,LoRA,/content/drive/MyDrive/project-ADI/llama31-1b-movielens-ranking-lora,text,model_choice,4888,8,0.125,causal_bypass,causal_bypass
lora,LoRA,/content/drive/MyDrive/project-ADI/llama31-1b-movielens-ranking-lora,text,model_choice,4888,9,0.375,causal_bypass,causal_bypass
lora,LoRA,/content/drive/MyDrive/project-ADI/llama31-1b-movielens-ranking-lora,text,model_choice,4888,10,1.500000238418579,causal_bypass,causal_bypass
lora,LoRA,/content/drive/MyDrive/project-ADI/llama31-1b-movielens-ranking-lora,text,model_choice,4888,11,0.25,causal_bypass,causal_bypass
lora,LoRA,/content/drive/MyDrive/project-ADI/llama31-1b-movielens-ranking-lora,text,model_choice,4888,12,1.5,causal_bypass,causal_bypass
lora,LoRA,/content/drive/MyDrive/project-ADI/llama31-1b-movielens-ranking-lora,text,model_choice,4888,13,2.875,causal_bypass,causal_bypass
lora,LoRA,/content/drive/MyDrive/project-ADI/llama31-1b-movielens-ranking-lora,text,model_choice,4888,14,3.75,causal_bypass,causal_bypass
lora,LoRA,/content/drive/MyDrive/project-ADI/llama31-1b-movielens-ranking-lora,text,model_choice,4888,15,2.1875,causal_bypass,causal_bypass
lora,LoRA,/content/drive/MyDrive/project-ADI/llama31-1b-movielens-ranking-lora,text,ground_truth,5531,0,1.375,causal_bypass,causal_bypass
lora,LoRA,/content/drive/MyDrive/project-ADI/llama31-1b-movielens-ranking-lora,text,ground_truth,5531,1,2.125,causal_bypass,causal_bypass
lora,LoRA,/content/drive/MyDrive/project-ADI/llama31-1b-movielens-ranking-lora,text,ground_truth,5531,2,1.5,causal_bypass,causal_bypass
lora,LoRA,/content/drive/MyDrive/project-ADI/llama31-1b-movielens-ranking-lora,text,ground_truth,5531,3,0.125,causal_bypass,causal_bypass
lora,LoRA,/content/drive/MyDrive/project-ADI/llama31-1b-movielens-ranking-lora,text,ground_truth,5531,4,0.37500011920928955,causal_bypass,causal_bypass
lora,LoRA,/content/drive/MyDrive/project-ADI/llama31-1b-movielens-ranking-lora,text,ground_truth,5531,5,0.5000001192092896,causal_bypass,causal_bypass
lora,LoRA,/content/drive/MyDrive/project-ADI/llama31-1b-movielens-ranking-lora,text,ground_truth,5531,6,0.125,causal_bypass,causal_bypass
lora,LoRA,/content/drive/MyDrive/project-ADI/llama31-1b-movielens-ranking-lora,text,ground_truth,5531,7,0.875,causal_bypass,causal_bypass
lora,LoRA,/content/drive/MyDrive/project-ADI/llama31-1b-movielens-ranking-lora,text,ground_truth,5531,8,0.25000011920928955,causal_bypass,causal_bypass
lora,LoRA,/content/drive/MyDrive/project-ADI/llama31-1b-movielens-ranking-lora,text,ground_truth,5531,9,0.6249999403953552,causal_bypass,causal_bypass
lora,LoRA,/content/drive/MyDrive/project-ADI/llama31-1b-movielens-ranking-lora,text,ground_truth,5531,10,0.9375,causal_bypass,causal_bypass
lora,LoRA,/content/drive/MyDrive/project-ADI/llama31-1b-movielens-ranking-lora,text,ground_truth,5531,11,0.125,causal_bypass,causal_bypass
lora,LoRA,/content/drive/MyDrive/project-ADI/llama31-1b-movielens-ranking-lora,text,ground_truth,5531,12,0.5,causal_bypass,causal_bypass
lora,LoRA,/content/drive/MyDrive/project-ADI/llama31-1b-movielens-ranking-lora,text,ground_truth,5531,13,0.75,causal_bypass,causal_bypass
lora,LoRA,/content/drive/MyDrive/project-ADI/llama31-1b-movielens-ranking-lora,text,ground_truth,5531,14,2.75,causal_bypass,causal_bypass
lora,LoRA,/content/drive/MyDrive/project-ADI/llama31-1b-movielens-ranking-lora,text,ground_truth,5531,15,1.75,causal_bypass,causal_bypass
lora,LoRA,/content/drive/MyDrive/project-ADI/llama31-1b-movielens-ranking-lora,text,model_choice,5531,0,1.375,causal_bypass,causal_bypass
lora,LoRA,/content/drive/MyDrive/project-ADI/llama31-1b-movielens-ranking-lora,text,model_choice,5531,1,2.125,causal_bypass,causal_bypass
lora,LoRA,/content/drive/MyDrive/project-ADI/llama31-1b-movielens-ranking-lora,text,model_choice,5531,2,1.5,causal_bypass,causal_bypass
lora,LoRA,/content/drive/MyDrive/project-ADI/llama31-1b-movielens-ranking-lora,text,model_choice,5531,3,0.125,causal_bypass,causal_bypass
lora,LoRA,/content/drive/MyDrive/project-ADI/llama31-1b-movielens-ranking-lora,text,model_choice,5531,4,0.37500011920928955,causal_bypass,causal_bypass
lora,LoRA,/content/drive/MyDrive/project-ADI/llama31-1b-movielens-ranking-lora,text,model_choice,5531,5,0.5000001192092896,causal_bypass,causal_bypass
lora,LoRA,/content/drive/MyDrive/project-ADI/llama31-1b-movielens-ranking-lora,text,model_choice,5531,6,0.125,causal_bypass,causal_bypass
lora,LoRA,/content/drive/MyDrive/project-ADI/llama31-1b-movielens-ranking-lora,text,model_choice,5531,7,0.875,causal_bypass,causal_bypass
lora,LoRA,/content/drive/MyDrive/project-ADI/llama31-1b-movielens-ranking-lora,text,model_choice,5531,8,0.25000011920928955,causal_bypass,causal_bypass
lora,LoRA,/content/drive/MyDrive/project-ADI/llama31-1b-movielens-ranking-lora,text,model_choice,5531,9,0.6249999403953552,causal_bypass,causal_bypass
lora,LoRA,/content/drive/MyDrive/project-ADI/llama31-1b-movielens-ranking-lora,text,model_choice,5531,10,0.9375,causal_bypass,causal_bypass
lora,LoRA,/content/drive/MyDrive/project-ADI/llama31-1b-movielens-ranking-lora,text,model_choice,5531,11,0.125,causal_bypass,causal_bypass
lora,LoRA,/content/drive/MyDrive/project-ADI/llama31-1b-movielens-ranking-lora,text,model_choice,5531,12,0.5,causal_bypass,causal_bypass
lora,LoRA,/content/drive/MyDrive/project-ADI/llama31-1b-movielens-ranking-lora,text,model_choice,5531,13,0.75,causal_bypass,causal_bypass
lora,LoRA,/content/drive/MyDrive/project-ADI/llama31-1b-movielens-ranking-lora,text,model_choice,5531,14,2.75,causal_bypass,causal_bypass
lora,LoRA,/content/drive/MyDrive/project-ADI/llama31-1b-movielens-ranking-lora,text,model_choice,5531,15,1.75,causal_bypass,causal_bypass
lora,LoRA,/content/drive/MyDrive/project-ADI/llama31-1b-movielens-ranking-lora,text,ground_truth,5536,0,1.9375,causal_bypass,causal_bypass
lora,LoRA,/content/drive/MyDrive/project-ADI/llama31-1b-movielens-ranking-lora,text,ground_truth,5536,1,0.0,causal_bypass,causal_bypass
lora,LoRA,/content/drive/MyDrive/project-ADI/llama31-1b-movielens-ranking-lora,text,ground_truth,5536,2,0.875,causal_bypass,causal_bypass
lora,LoRA,/content/drive/MyDrive/project-ADI/llama31-1b-movielens-ranking-lora,text,ground_truth,5536,3,0.375,causal_bypass,causal_bypass
lora,LoRA,/content/drive/MyDrive/project-ADI/llama31-1b-movielens-ranking-lora,text,ground_truth,5536,4,0.625,causal_bypass,causal_bypass
lora,LoRA,/content/drive/MyDrive/project-ADI/llama31-1b-movielens-ranking-lora,text,ground_truth,5536,5,0.25,causal_bypass,causal_bypass
lora,LoRA,/content/drive/MyDrive/project-ADI/llama31-1b-movielens-ranking-lora,text,ground_truth,5536,6,0.0,causal_bypass,causal_bypass
lora,LoRA,/content/drive/MyDrive/project-ADI/llama31-1b-movielens-ranking-lora,text,ground_truth,5536,7,0.5,causal_bypass,causal_bypass
lora,LoRA,/content/drive/MyDrive/project-ADI/llama31-1b-movielens-ranking-lora,text,ground_truth,5536,8,0.75,causal_bypass,causal_bypass
lora,LoRA,/content/drive/MyDrive/project-ADI/llama31-1b-movielens-ranking-lora,text,ground_truth,5536,9,0.375,causal_bypass,causal_bypass
lora,LoRA,/content/drive/MyDrive/project-ADI/llama31-1b-movielens-ranking-lora,text,ground_truth,5536,10,0.125,causal_bypass,causal_bypass
lora,LoRA,/content/drive/MyDrive/project-ADI/llama31-1b-movielens-ranking-lora,text,ground_truth,5536,11,0.0,causal_bypass,causal_bypass
lora,LoRA,/content/drive/MyDrive/project-ADI/llama31-1b-movielens-ranking-lora,text,ground_truth,5536,12,1.25,causal_bypass,causal_bypass
lora,LoRA,/content/drive/MyDrive/project-ADI/llama31-1b-movielens-ranking-lora,text,ground_truth,5536,13,1.749999761581421,causal_bypass,causal_bypass
lora,LoRA,/content/drive/MyDrive/project-ADI/llama31-1b-movielens-ranking-lora,text,ground_truth,5536,14,0.75,causal_bypass,causal_bypass
lora,LoRA,/content/drive/MyDrive/project-ADI/llama31-1b-movielens-ranking-lora,text,ground_truth,5536,15,2.875,causal_bypass,causal_bypass
lora,LoRA,/content/drive/MyDrive/project-ADI/llama31-1b-movielens-ranking-lora,text,model_choice,5536,0,1.9375,causal_bypass,causal_bypass
lora,LoRA,/content/drive/MyDrive/project-ADI/llama31-1b-movielens-ranking-lora,text,model_choice,5536,1,0.0,causal_bypass,causal_bypass
lora,LoRA,/content/drive/MyDrive/project-ADI/llama31-1b-movielens-ranking-lora,text,model_choice,5536,2,0.875,causal_bypass,causal_bypass
lora,LoRA,/content/drive/MyDrive/project-ADI/llama31-1b-movielens-ranking-lora,text,model_choice,5536,3,0.375,causal_bypass,causal_bypass
lora,LoRA,/content/drive/MyDrive/project-ADI/llama31-1b-movielens-ranking-lora,text,model_choice,5536,4,0.625,causal_bypass,causal_bypass
lora,LoRA,/content/drive/MyDrive/project-ADI/llama31-1b-movielens-ranking-lora,text,model_choice,5536,5,0.25,causal_bypass,causal_bypass
lora,LoRA,/content/drive/MyDrive/project-ADI/llama31-1b-movielens-ranking-lora,text,model_choice,5536,6,0.0,causal_bypass,causal_bypass
lora,LoRA,/content/drive/MyDrive/project-ADI/llama31-1b-movielens-ranking-lora,text,model_choice,5536,7,0.5,causal_bypass,causal_bypass
lora,LoRA,/content/drive/MyDrive/project-ADI/llama31-1b-movielens-ranking-lora,text,model_choice,5536,8,0.75,causal_bypass,causal_bypass
lora,LoRA,/content/drive/MyDrive/project-ADI/llama31-1b-movielens-ranking-lora,text,model_choice,5536,9,0.375,causal_bypass,causal_bypass
lora,LoRA,/content/drive/MyDrive/project-ADI/llama31-1b-movielens-ranking-lora,text,model_choice,5536,10,0.125,causal_bypass,causal_bypass
lora,LoRA,/content/drive/MyDrive/project-ADI/llama31-1b-movielens-ranking-lora,text,model_choice,5536,11,0.0,causal_bypass,causal_bypass
lora,LoRA,/content/drive/MyDrive/project-ADI/llama31-1b-movielens-ranking-lora,text,model_choice,5536,12,1.25,causal_bypass,causal_bypass
lora,LoRA,/content/drive/MyDrive/project-ADI/llama31-1b-movielens-ranking-lora,text,model_choice,5536,13,1.749999761581421,causal_bypass,causal_bypass
lora,LoRA,/content/drive/MyDrive/project-ADI/llama31-1b-movielens-ranking-lora,text,model_choice,5536,14,0.75,causal_bypass,causal_bypass
lora,LoRA,/content/drive/MyDrive/project-ADI/llama31-1b-movielens-ranking-lora,text,model_choice,5536,15,2.875,causal_bypass,causal_bypass
lora,LoRA,/content/drive/MyDrive/project-ADI/llama31-1b-movielens-ranking-lora,text,ground_truth,5795,0,1.25,causal_bypass,causal_bypass
lora,LoRA,/content/drive/MyDrive/project-ADI/llama31-1b-movielens-ranking-lora,text,ground_truth,5795,1,2.84375,causal_bypass,causal_bypass
lora,LoRA,/content/drive/MyDrive/project-ADI/llama31-1b-movielens-ranking-lora,text,ground_truth,5795,2,0.5,causal_bypass,causal_bypass
lora,LoRA,/content/drive/MyDrive/project-ADI/llama31-1b-movielens-ranking-lora,text,ground_truth,5795,3,0.12499988079071045,causal_bypass,causal_bypass
lora,LoRA,/content/drive/MyDrive/project-ADI/llama31-1b-movielens-ranking-lora,text,ground_truth,5795,4,1.0,causal_bypass,causal_bypass
lora,LoRA,/content/drive/MyDrive/project-ADI/llama31-1b-movielens-ranking-lora,text,ground_truth,5795,5,1.1920928955078125e-07,causal_bypass,causal_bypass
lora,LoRA,/content/drive/MyDrive/project-ADI/llama31-1b-movielens-ranking-lora,text,ground_truth,5795,6,0.375,causal_bypass,causal_bypass
lora,LoRA,/content/drive/MyDrive/project-ADI/llama31-1b-movielens-ranking-lora,text,ground_truth,5795,7,0.5,causal_bypass,causal_bypass
lora,LoRA,/content/drive/MyDrive/project-ADI/llama31-1b-movielens-ranking-lora,text,ground_truth,5795,8,0.12499988079071045,causal_bypass,causal_bypass
lora,LoRA,/content/drive/MyDrive/project-ADI/llama31-1b-movielens-ranking-lora,text,ground_truth,5795,9,0.25,causal_bypass,causal_bypass
lora,LoRA,/content/drive/MyDrive/project-ADI/llama31-1b-movielens-ranking-lora,text,ground_truth,5795,10,0.75,causal_bypass,causal_bypass
lora,LoRA,/content/drive/MyDrive/project-ADI/llama31-1b-movielens-ranking-lora,text,ground_truth,5795,11,0.375,causal_bypass,causal_bypass
lora,LoRA,/content/drive/MyDrive/project-ADI/llama31-1b-movielens-ranking-lora,text,ground_truth,5795,12,1.25,causal_bypass,causal_bypass
lora,LoRA,/content/drive/MyDrive/project-ADI/llama31-1b-movielens-ranking-lora,text,ground_truth,5795,13,0.8750001192092896,causal_bypass,causal_bypass
lora,LoRA,/content/drive/MyDrive/project-ADI/llama31-1b-movielens-ranking-lora,text,ground_truth,5795,14,0.375,causal_bypass,causal_bypass
lora,LoRA,/content/drive/MyDrive/project-ADI/llama31-1b-movielens-ranking-lora,text,ground_truth,5795,15,2.6875,causal_bypass,causal_bypass
lora,LoRA,/content/drive/MyDrive/project-ADI/llama31-1b-movielens-ranking-lora,text,model_choice,5795,0,1.25,causal_bypass,causal_bypass
lora,LoRA,/content/drive/MyDrive/project-ADI/llama31-1b-movielens-ranking-lora,text,model_choice,5795,1,2.84375,causal_bypass,causal_bypass
lora,LoRA,/content/drive/MyDrive/project-ADI/llama31-1b-movielens-ranking-lora,text,model_choice,5795,2,0.5,causal_bypass,causal_bypass
lora,LoRA,/content/drive/MyDrive/project-ADI/llama31-1b-movielens-ranking-lora,text,model_choice,5795,3,0.12499988079071045,causal_bypass,causal_bypass
lora,LoRA,/content/drive/MyDrive/project-ADI/llama31-1b-movielens-ranking-lora,text,model_choice,5795,4,1.0,causal_bypass,causal_bypass
lora,LoRA,/content/drive/MyDrive/project-ADI/llama31-1b-movielens-ranking-lora,text,model_choice,5795,5,1.1920928955078125e-07,causal_bypass,causal_bypass
lora,LoRA,/content/drive/MyDrive/project-ADI/llama31-1b-movielens-ranking-lora,text,model_choice,5795,6,0.375,causal_bypass,causal_bypass
lora,LoRA,/content/drive/MyDrive/project-ADI/llama31-1b-movielens-ranking-lora,text,model_choice,5795,7,0.5,causal_bypass,causal_bypass
lora,LoRA,/content/drive/MyDrive/project-ADI/llama31-1b-movielens-ranking-lora,text,model_choice,5795,8,0.12499988079071045,causal_bypass,causal_bypass
lora,LoRA,/content/drive/MyDrive/project-ADI/llama31-1b-movielens-ranking-lora,text,model_choice,5795,9,0.25,causal_bypass,causal_bypass
lora,LoRA,/content/drive/MyDrive/project-ADI/llama31-1b-movielens-ranking-lora,text,model_choice,5795,10,0.75,causal_bypass,causal_bypass
lora,LoRA,/content/drive/MyDrive/project-ADI/llama31-1b-movielens-ranking-lora,text,model_choice,5795,11,0.375,causal_bypass,causal_bypass
lora,LoRA,/content/drive/MyDrive/project-ADI/llama31-1b-movielens-ranking-lora,text,model_choice,5795,12,1.25,causal_bypass,causal_bypass
lora,LoRA,/content/drive/MyDrive/project-ADI/llama31-1b-movielens-ranking-lora,text,model_choice,5795,13,0.8750001192092896,causal_bypass,causal_bypass
lora,LoRA,/content/drive/MyDrive/project-ADI/llama31-1b-movielens-ranking-lora,text,model_choice,5795,14,0.375,causal_bypass,causal_bypass
lora,LoRA,/content/drive/MyDrive/project-ADI/llama31-1b-movielens-ranking-lora,text,model_choice,5795,15,2.6875,causal_bypass,causal_bypass
lora,LoRA,/content/drive/MyDrive/project-ADI/llama31-1b-movielens-ranking-lora,text,ground_truth,5924,0,4.437499523162842,causal_bypass,causal_bypass
lora,LoRA,/content/drive/MyDrive/project-ADI/llama31-1b-movielens-ranking-lora,text,ground_truth,5924,1,5.6875,causal_bypass,causal_bypass
lora,LoRA,/content/drive/MyDrive/project-ADI/llama31-1b-movielens-ranking-lora,text,ground_truth,5924,2,7.125,causal_bypass,causal_bypass
lora,LoRA,/content/drive/MyDrive/project-ADI/llama31-1b-movielens-ranking-lora,text,ground_truth,5924,3,4.75,causal_bypass,causal_bypass
lora,LoRA,/content/drive/MyDrive/project-ADI/llama31-1b-movielens-ranking-lora,text,ground_truth,5924,4,5.5,causal_bypass,causal_bypass
lora,LoRA,/content/drive/MyDrive/project-ADI/llama31-1b-movielens-ranking-lora,text,ground_truth,5924,5,6.5,causal_bypass,causal_bypass
lora,LoRA,/content/drive/MyDrive/project-ADI/llama31-1b-movielens-ranking-lora,text,ground_truth,5924,6,5.9999998807907104,causal_bypass,causal_bypass
lora,LoRA,/content/drive/MyDrive/project-ADI/llama31-1b-movielens-ranking-lora,text,ground_truth,5924,7,4.0,causal_bypass,causal_bypass
lora,LoRA,/content/drive/MyDrive/project-ADI/llama31-1b-movielens-ranking-lora,text,ground_truth,5924,8,3.125,causal_bypass,causal_bypass
lora,LoRA,/content/drive/MyDrive/project-ADI/llama31-1b-movielens-ranking-lora,text,ground_truth,5924,9,3.25,causal_bypass,causal_bypass
lora,LoRA,/content/drive/MyDrive/project-ADI/llama31-1b-movielens-ranking-lora,text,ground_truth,5924,10,8.875,causal_bypass,causal_bypass
lora,LoRA,/content/drive/MyDrive/project-ADI/llama31-1b-movielens-ranking-lora,text,ground_truth,5924,11,0.4375,causal_bypass,causal_bypass
lora,LoRA,/content/drive/MyDrive/project-ADI/llama31-1b-movielens-ranking-lora,text,ground_truth,5924,12,0.5,causal_bypass,causal_bypass
lora,LoRA,/content/drive/MyDrive/project-ADI/llama31-1b-movielens-ranking-lora,text,ground_truth,5924,13,0.5625,causal_bypass,causal_bypass
lora,LoRA,/content/drive/MyDrive/project-ADI/llama31-1b-movielens-ranking-lora,text,ground_truth,5924,14,2.75,causal_bypass,causal_bypass
lora,LoRA,/content/drive/MyDrive/project-ADI/llama31-1b-movielens-ranking-lora,text,ground_truth,5924,15,3.65625,causal_bypass,causal_bypass
lora,LoRA,/content/drive/MyDrive/project-ADI/llama31-1b-movielens-ranking-lora,text,model_choice,5924,0,1.3125,causal_bypass,causal_bypass
lora,LoRA,/content/drive/MyDrive/project-ADI/llama31-1b-movielens-ranking-lora,text,model_choice,5924,1,2.8125,causal_bypass,causal_bypass
lora,LoRA,/content/drive/MyDrive/project-ADI/llama31-1b-movielens-ranking-lora,text,model_choice,5924,2,1.6250001192092896,causal_bypass,causal_bypass
lora,LoRA,/content/drive/MyDrive/project-ADI/llama31-1b-movielens-ranking-lora,text,model_choice,5924,3,0.25,causal_bypass,causal_bypass
lora,LoRA,/content/drive/MyDrive/project-ADI/llama31-1b-movielens-ranking-lora,text,model_choice,5924,4,0.125,causal_bypass,causal_bypass
lora,LoRA,/content/drive/MyDrive/project-ADI/llama31-1b-movielens-ranking-lora,text,model_choice,5924,5,0.125,causal_bypass,causal_bypass
lora,LoRA,/content/drive/MyDrive/project-ADI/llama31-1b-movielens-ranking-lora,text,model_choice,5924,6,0.75,causal_bypass,causal_bypass
lora,LoRA,/content/drive/MyDrive/project-ADI/llama31-1b-movielens-ranking-lora,text,model_choice,5924,7,0.24999994039535522,causal_bypass,causal_bypass
lora,LoRA,/content/drive/MyDrive/project-ADI/llama31-1b-movielens-ranking-lora,text,model_choice,5924,8,0.12499994039535522,causal_bypass,causal_bypass
lora,LoRA,/content/drive/MyDrive/project-ADI/llama31-1b-movielens-ranking-lora,text,model_choice,5924,9,0.125,causal_bypass,causal_bypass
lora,LoRA,/content/drive/MyDrive/project-ADI/llama31-1b-movielens-ranking-lora,text,model_choice,5924,10,3.5,causal_bypass,causal_bypass
lora,LoRA,/content/drive/MyDrive/project-ADI/llama31-1b-movielens-ranking-lora,text,model_choice,5924,11,0.0,causal_bypass,causal_bypass
lora,LoRA,/content/drive/MyDrive/project-ADI/llama31-1b-movielens-ranking-lora,text,model_choice,5924,12,0.5,causal_bypass,causal_bypass
lora,LoRA,/content/drive/MyDrive/project-ADI/llama31-1b-movielens-ranking-lora,text,model_choice,5924,13,2.5,causal_bypass,causal_bypass
lora,LoRA,/content/drive/MyDrive/project-ADI/llama31-1b-movielens-ranking-lora,text,model_choice,5924,14,2.375,causal_bypass,causal_bypass
lora,LoRA,/content/drive/MyDrive/project-ADI/llama31-1b-movielens-ranking-lora,text,model_choice,5924,15,1.25,causal_bypass,causal_bypass
lora,LoRA,/content/drive/MyDrive/project-ADI/llama31-1b-movielens-ranking-lora,text,ground_truth,5955,0,1.468750238418579,causal_bypass,causal_bypass
lora,LoRA,/content/drive/MyDrive/project-ADI/llama31-1b-movielens-ranking-lora,text,ground_truth,5955,1,3.937499761581421,causal_bypass,causal_bypass
lora,LoRA,/content/drive/MyDrive/project-ADI/llama31-1b-movielens-ranking-lora,text,ground_truth,5955,2,1.874999761581421,causal_bypass,causal_bypass
lora,LoRA,/content/drive/MyDrive/project-ADI/llama31-1b-movielens-ranking-lora,text,ground_truth,5955,3,3.874999761581421,causal_bypass,causal_bypass
lora,LoRA,/content/drive/MyDrive/project-ADI/llama31-1b-movielens-ranking-lora,text,ground_truth,5955,4,2.1249996423721313,causal_bypass,causal_bypass
lora,LoRA,/content/drive/MyDrive/project-ADI/llama31-1b-movielens-ranking-lora,text,ground_truth,5955,5,3.124999761581421,causal_bypass,causal_bypass
lora,LoRA,/content/drive/MyDrive/project-ADI/llama31-1b-movielens-ranking-lora,text,ground_truth,5955,6,2.874999761581421,causal_bypass,causal_bypass
lora,LoRA,/content/drive/MyDrive/project-ADI/llama31-1b-movielens-ranking-lora,text,ground_truth,5955,7,1.8749996423721313,causal_bypass,causal_bypass
lora,LoRA,/content/drive/MyDrive/project-ADI/llama31-1b-movielens-ranking-lora,text,ground_truth,5955,8,1.374999761581421,causal_bypass,causal_bypass
lora,LoRA,/content/drive/MyDrive/project-ADI/llama31-1b-movielens-ranking-lora,text,ground_truth,5955,9,0.8749997615814209,causal_bypass,causal_bypass
lora,LoRA,/content/drive/MyDrive/project-ADI/llama31-1b-movielens-ranking-lora,text,ground_truth,5955,10,2.499999761581421,causal_bypass,causal_bypass
lora,LoRA,/content/drive/MyDrive/project-ADI/llama31-1b-movielens-ranking-lora,text,ground_truth,5955,11,0.1250002384185791,causal_bypass,causal_bypass
lora,LoRA,/content/drive/MyDrive/project-ADI/llama31-1b-movielens-ranking-lora,text,ground_truth,5955,12,0.1249997615814209,causal_bypass,causal_bypass
lora,LoRA,/content/drive/MyDrive/project-ADI/llama31-1b-movielens-ranking-lora,text,ground_truth,5955,13,0.2500002384185791,causal_bypass,causal_bypass
lora,LoRA,/content/drive/MyDrive/project-ADI/llama31-1b-movielens-ranking-lora,text,ground_truth,5955,14,2.187499761581421,causal_bypass,causal_bypass
lora,LoRA,/content/drive/MyDrive/project-ADI/llama31-1b-movielens-ranking-lora,text,ground_truth,5955,15,3.125000238418579,causal_bypass,causal_bypass
lora,LoRA,/content/drive/MyDrive/project-ADI/llama31-1b-movielens-ranking-lora,text,model_choice,5955,0,0.5,causal_bypass,causal_bypass
lora,LoRA,/content/drive/MyDrive/project-ADI/llama31-1b-movielens-ranking-lora,text,model_choice,5955,1,0.5,causal_bypass,causal_bypass
lora,LoRA,/content/drive/MyDrive/project-ADI/llama31-1b-movielens-ranking-lora,text,model_choice,5955,2,0.125,causal_bypass,causal_bypass
lora,LoRA,/content/drive/MyDrive/project-ADI/llama31-1b-movielens-ranking-lora,text,model_choice,5955,3,0.5,causal_bypass,causal_bypass
lora,LoRA,/content/drive/MyDrive/project-ADI/llama31-1b-movielens-ranking-lora,text,model_choice,5955,4,0.5000001192092896,causal_bypass,causal_bypass
lora,LoRA,/content/drive/MyDrive/project-ADI/llama31-1b-movielens-ranking-lora,text,model_choice,5955,5,0.125,causal_bypass,causal_bypass
lora,LoRA,/content/drive/MyDrive/project-ADI/llama31-1b-movielens-ranking-lora,text,model_choice,5955,6,0.25,causal_bypass,causal_bypass
lora,LoRA,/content/drive/MyDrive/project-ADI/llama31-1b-movielens-ranking-lora,text,model_choice,5955,7,0.875,causal_bypass,causal_bypass
lora,LoRA,/content/drive/MyDrive/project-ADI/llama31-1b-movielens-ranking-lora,text,model_choice,5955,8,0.37499988079071045,causal_bypass,causal_bypass
lora,LoRA,/content/drive/MyDrive/project-ADI/llama31-1b-movielens-ranking-lora,text,model_choice,5955,9,0.125,causal_bypass,causal_bypass
lora,LoRA,/content/drive/MyDrive/project-ADI/llama31-1b-movielens-ranking-lora,text,model_choice,5955,10,0.625,causal_bypass,causal_bypass
lora,LoRA,/content/drive/MyDrive/project-ADI/llama31-1b-movielens-ranking-lora,text,model_choice,5955,11,0.375,causal_bypass,causal_bypass
lora,LoRA,/content/drive/MyDrive/project-ADI/llama31-1b-movielens-ranking-lora,text,model_choice,5955,12,0.7499998807907104,causal_bypass,causal_bypass
lora,LoRA,/content/drive/MyDrive/project-ADI/llama31-1b-movielens-ranking-lora,text,model_choice,5955,13,1.125,causal_bypass,causal_bypass
lora,LoRA,/content/drive/MyDrive/project-ADI/llama31-1b-movielens-ranking-lora,text,model_choice,5955,14,0.125,causal_bypass,causal_bypass
lora,LoRA,/content/drive/MyDrive/project-ADI/llama31-1b-movielens-ranking-lora,text,model_choice,5955,15,1.25,causal_bypass,causal_bypass
lora_sas,LoRA + SAS,/content/drive/MyDrive/project-ADI/llama31-1b-movielens-ranking-lora,candidates,ground_truth,5,0,2.71875,causal_bypass,causal_bypass
lora_sas,LoRA + SAS,/content/drive/MyDrive/project-ADI/llama31-1b-movielens-ranking-lora,candidates,ground_truth,5,1,1.5625,causal_bypass,causal_bypass
lora_sas,LoRA + SAS,/content/drive/MyDrive/project-ADI/llama31-1b-movielens-ranking-lora,candidates,ground_truth,5,2,1.125,causal_bypass,causal_bypass
lora_sas,LoRA + SAS,/content/drive/MyDrive/project-ADI/llama31-1b-movielens-ranking-lora,candidates,ground_truth,5,3,0.125,causal_bypass,causal_bypass
lora_sas,LoRA + SAS,/content/drive/MyDrive/project-ADI/llama31-1b-movielens-ranking-lora,candidates,ground_truth,5,4,2.999999761581421,causal_bypass,causal_bypass
lora_sas,LoRA + SAS,/content/drive/MyDrive/project-ADI/llama31-1b-movielens-ranking-lora,candidates,ground_truth,5,5,0.5625002384185791,causal_bypass,causal_bypass
lora_sas,LoRA + SAS,/content/drive/MyDrive/project-ADI/llama31-1b-movielens-ranking-lora,candidates,ground_truth,5,6,0.125,causal_bypass,causal_bypass
lora_sas,LoRA + SAS,/content/drive/MyDrive/project-ADI/llama31-1b-movielens-ranking-lora,candidates,ground_truth,5,7,1.375,causal_bypass,causal_bypass
lora_sas,LoRA + SAS,/content/drive/MyDrive/project-ADI/llama31-1b-movielens-ranking-lora,candidates,ground_truth,5,8,1.625,causal_bypass,causal_bypass
lora_sas,LoRA + SAS,/content/drive/MyDrive/project-ADI/llama31-1b-movielens-ranking-lora,candidates,ground_truth,5,9,1.3750001192092896,causal_bypass,causal_bypass
lora_sas,LoRA + SAS,/content/drive/MyDrive/project-ADI/llama31-1b-movielens-ranking-lora,candidates,ground_truth,5,10,0.8125,causal_bypass,causal_bypass
lora_sas,LoRA + SAS,/content/drive/MyDrive/project-ADI/llama31-1b-movielens-ranking-lora,candidates,ground_truth,5,11,0.25000011920928955,causal_bypass,causal_bypass
lora_sas,LoRA + SAS,/content/drive/MyDrive/project-ADI/llama31-1b-movielens-ranking-lora,candidates,ground_truth,5,12,0.0,causal_bypass,causal_bypass
lora_sas,LoRA + SAS,/content/drive/MyDrive/project-ADI/llama31-1b-movielens-ranking-lora,candidates,ground_truth,5,13,1.625,causal_bypass,causal_bypass
lora_sas,LoRA + SAS,/content/drive/MyDrive/project-ADI/llama31-1b-movielens-ranking-lora,candidates,ground_truth,5,14,1.5,causal_bypass,causal_bypass
lora_sas,LoRA + SAS,/content/drive/MyDrive/project-ADI/llama31-1b-movielens-ranking-lora,candidates,ground_truth,5,15,0.125,causal_bypass,causal_bypass
lora_sas,LoRA + SAS,/content/drive/MyDrive/project-ADI/llama31-1b-movielens-ranking-lora,candidates,model_choice,5,0,2.71875,causal_bypass,causal_bypass
lora_sas,LoRA + SAS,/content/drive/MyDrive/project-ADI/llama31-1b-movielens-ranking-lora,candidates,model_choice,5,1,1.5625,causal_bypass,causal_bypass
lora_sas,LoRA + SAS,/content/drive/MyDrive/project-ADI/llama31-1b-movielens-ranking-lora,candidates,model_choice,5,2,1.125,causal_bypass,causal_bypass
lora_sas,LoRA + SAS,/content/drive/MyDrive/project-ADI/llama31-1b-movielens-ranking-lora,candidates,model_choice,5,3,0.125,causal_bypass,causal_bypass
lora_sas,LoRA + SAS,/content/drive/MyDrive/project-ADI/llama31-1b-movielens-ranking-lora,candidates,model_choice,5,4,2.999999761581421,causal_bypass,causal_bypass
lora_sas,LoRA + SAS,/content/drive/MyDrive/project-ADI/llama31-1b-movielens-ranking-lora,candidates,model_choice,5,5,0.5625002384185791,causal_bypass,causal_bypass
lora_sas,LoRA + SAS,/content/drive/MyDrive/project-ADI/llama31-1b-movielens-ranking-lora,candidates,model_choice,5,6,0.125,causal_bypass,causal_bypass
lora_sas,LoRA + SAS,/content/drive/MyDrive/project-ADI/llama31-1b-movielens-ranking-lora,candidates,model_choice,5,7,1.375,causal_bypass,causal_bypass
lora_sas,LoRA + SAS,/content/drive/MyDrive/project-ADI/llama31-1b-movielens-ranking-lora,candidates,model_choice,5,8,1.625,causal_bypass,causal_bypass
lora_sas,LoRA + SAS,/content/drive/MyDrive/project-ADI/llama31-1b-movielens-ranking-lora,candidates,model_choice,5,9,1.3750001192092896,causal_bypass,causal_bypass
lora_sas,LoRA + SAS,/content/drive/MyDrive/project-ADI/llama31-1b-movielens-ranking-lora,candidates,model_choice,5,10,0.8125,causal_bypass,causal_bypass
lora_sas,LoRA + SAS,/content/drive/MyDrive/project-ADI/llama31-1b-movielens-ranking-lora,candidates,model_choice,5,11,0.25000011920928955,causal_bypass,causal_bypass
lora_sas,LoRA + SAS,/content/drive/MyDrive/project-ADI/llama31-1b-movielens-ranking-lora,candidates,model_choice,5,12,0.0,causal_bypass,causal_bypass
lora_sas,LoRA + SAS,/content/drive/MyDrive/project-ADI/llama31-1b-movielens-ranking-lora,candidates,model_choice,5,13,1.625,causal_bypass,causal_bypass
lora_sas,LoRA + SAS,/content/drive/MyDrive/project-ADI/llama31-1b-movielens-ranking-lora,candidates,model_choice,5,14,1.5,causal_bypass,causal_bypass
lora_sas,LoRA + SAS,/content/drive/MyDrive/project-ADI/llama31-1b-movielens-ranking-lora,candidates,model_choice,5,15,0.125,causal_bypass,causal_bypass
lora_sas,LoRA + SAS,/content/drive/MyDrive/project-ADI/llama31-1b-movielens-ranking-lora,candidates,ground_truth,609,0,1.40625,causal_bypass,causal_bypass
lora_sas,LoRA + SAS,/content/drive/MyDrive/project-ADI/llama31-1b-movielens-ranking-lora,candidates,ground_truth,609,1,2.4375,causal_bypass,causal_bypass
lora_sas,LoRA + SAS,/content/drive/MyDrive/project-ADI/llama31-1b-movielens-ranking-lora,candidates,ground_truth,609,2,0.5,causal_bypass,causal_bypass
lora_sas,LoRA + SAS,/content/drive/MyDrive/project-ADI/llama31-1b-movielens-ranking-lora,candidates,ground_truth,609,3,0.125,causal_bypass,causal_bypass
lora_sas,LoRA + SAS,/content/drive/MyDrive/project-ADI/llama31-1b-movielens-ranking-lora,candidates,ground_truth,609,4,0.375,causal_bypass,causal_bypass
lora_sas,LoRA + SAS,/content/drive/MyDrive/project-ADI/llama31-1b-movielens-ranking-lora,candidates,ground_truth,609,5,2.375,causal_bypass,causal_bypass
lora_sas,LoRA + SAS,/content/drive/MyDrive/project-ADI/llama31-1b-movielens-ranking-lora,candidates,ground_truth,609,6,1.3125,causal_bypass,causal_bypass
lora_sas,LoRA + SAS,/content/drive/MyDrive/project-ADI/llama31-1b-movielens-ranking-lora,candidates,ground_truth,609,7,0.75,causal_bypass,causal_bypass
lora_sas,LoRA + SAS,/content/drive/MyDrive/project-ADI/llama31-1b-movielens-ranking-lora,candidates,ground_truth,609,8,0.75,causal_bypass,causal_bypass
lora_sas,LoRA + SAS,/content/drive/MyDrive/project-ADI/llama31-1b-movielens-ranking-lora,candidates,ground_truth,609,9,1.125,causal_bypass,causal_bypass
lora_sas,LoRA + SAS,/content/drive/MyDrive/project-ADI/llama31-1b-movielens-ranking-lora,candidates,ground_truth,609,10,0.0625,causal_bypass,causal_bypass
lora_sas,LoRA + SAS,/content/drive/MyDrive/project-ADI/llama31-1b-movielens-ranking-lora,candidates,ground_truth,609,11,0.25,causal_bypass,causal_bypass
lora_sas,LoRA + SAS,/content/drive/MyDrive/project-ADI/llama31-1b-movielens-ranking-lora,candidates,ground_truth,609,12,0.6249998807907104,causal_bypass,causal_bypass
lora_sas,LoRA + SAS,/content/drive/MyDrive/project-ADI/llama31-1b-movielens-ranking-lora,candidates,ground_truth,609,13,1.4999998807907104,causal_bypass,causal_bypass
lora_sas,LoRA + SAS,/content/drive/MyDrive/project-ADI/llama31-1b-movielens-ranking-lora,candidates,ground_truth,609,14,2.5,causal_bypass,causal_bypass
lora_sas,LoRA + SAS,/content/drive/MyDrive/project-ADI/llama31-1b-movielens-ranking-lora,candidates,ground_truth,609,15,2.8125,causal_bypass,causal_bypass
lora_sas,LoRA + SAS,/content/drive/MyDrive/project-ADI/llama31-1b-movielens-ranking-lora,candidates,model_choice,609,0,1.40625,causal_bypass,causal_bypass
lora_sas,LoRA + SAS,/content/drive/MyDrive/project-ADI/llama31-1b-movielens-ranking-lora,candidates,model_choice,609,1,2.4375,causal_bypass,causal_bypass
lora_sas,LoRA + SAS,/content/drive/MyDrive/project-ADI/llama31-1b-movielens-ranking-lora,candidates,model_choice,609,2,0.5,causal_bypass,causal_bypass
lora_sas,LoRA + SAS,/content/drive/MyDrive/project-ADI/llama31-1b-movielens-ranking-lora,candidates,model_choice,609,3,0.125,causal_bypass,causal_bypass
lora_sas,LoRA + SAS,/content/drive/MyDrive/project-ADI/llama31-1b-movielens-ranking-lora,candidates,model_choice,609,4,0.375,causal_bypass,causal_bypass
lora_sas,LoRA + SAS,/content/drive/MyDrive/project-ADI/llama31-1b-movielens-ranking-lora,candidates,model_choice,609,5,2.375,causal_bypass,causal_bypass
lora_sas,LoRA + SAS,/content/drive/MyDrive/project-ADI/llama31-1b-movielens-ranking-lora,candidates,model_choice,609,6,1.3125,causal_bypass,causal_bypass
lora_sas,LoRA + SAS,/content/drive/MyDrive/project-ADI/llama31-1b-movielens-ranking-lora,candidates,model_choice,609,7,0.75,causal_bypass,causal_bypass
lora_sas,LoRA + SAS,/content/drive/MyDrive/project-ADI/llama31-1b-movielens-ranking-lora,candidates,model_choice,609,8,0.75,causal_bypass,causal_bypass
lora_sas,LoRA + SAS,/content/drive/MyDrive/project-ADI/llama31-1b-movielens-ranking-lora,candidates,model_choice,609,9,1.125,causal_bypass,causal_bypass
lora_sas,LoRA + SAS,/content/drive/MyDrive/project-ADI/llama31-1b-movielens-ranking-lora,candidates,model_choice,609,10,0.0625,causal_bypass,causal_bypass
lora_sas,LoRA + SAS,/content/drive/MyDrive/project-ADI/llama31-1b-movielens-ranking-lora,candidates,model_choice,609,11,0.25,causal_bypass,causal_bypass
lora_sas,LoRA + SAS,/content/drive/MyDrive/project-ADI/llama31-1b-movielens-ranking-lora,candidates,model_choice,609,12,0.6249998807907104,causal_bypass,causal_bypass
lora_sas,LoRA + SAS,/content/drive/MyDrive/project-ADI/llama31-1b-movielens-ranking-lora,candidates,model_choice,609,13,1.4999998807907104,causal_bypass,causal_bypass
lora_sas,LoRA + SAS,/content/drive/MyDrive/project-ADI/llama31-1b-movielens-ranking-lora,candidates,model_choice,609,14,2.5,causal_bypass,causal_bypass
lora_sas,LoRA + SAS,/content/drive/MyDrive/project-ADI/llama31-1b-movielens-ranking-lora,candidates,model_choice,609,15,2.8125,causal_bypass,causal_bypass
lora_sas,LoRA + SAS,/content/drive/MyDrive/project-ADI/llama31-1b-movielens-ranking-lora,candidates,ground_truth,1046,0,1.5312501192092896,causal_bypass,causal_bypass
lora_sas,LoRA + SAS,/content/drive/MyDrive/project-ADI/llama31-1b-movielens-ranking-lora,candidates,ground_truth,1046,1,4.8750001192092896,causal_bypass,causal_bypass
lora_sas,LoRA + SAS,/content/drive/MyDrive/project-ADI/llama31-1b-movielens-ranking-lora,candidates,ground_truth,1046,2,0.8750001192092896,causal_bypass,causal_bypass
lora_sas,LoRA + SAS,/content/drive/MyDrive/project-ADI/llama31-1b-movielens-ranking-lora,candidates,ground_truth,1046,3,0.37500011920928955,causal_bypass,causal_bypass
lora_sas,LoRA + SAS,/content/drive/MyDrive/project-ADI/llama31-1b-movielens-ranking-lora,candidates,ground_truth,1046,4,1.1250001192092896,causal_bypass,causal_bypass
lora_sas,LoRA + SAS,/content/drive/MyDrive/project-ADI/llama31-1b-movielens-ranking-lora,candidates,ground_truth,1046,5,2.9375001192092896,causal_bypass,causal_bypass
lora_sas,LoRA + SAS,/content/drive/MyDrive/project-ADI/llama31-1b-movielens-ranking-lora,candidates,ground_truth,1046,6,1.5000001192092896,causal_bypass,causal_bypass
lora_sas,LoRA + SAS,/content/drive/MyDrive/project-ADI/llama31-1b-movielens-ranking-lora,candidates,ground_truth,1046,7,1.6250001192092896,causal_bypass,causal_bypass
lora_sas,LoRA + SAS,/content/drive/MyDrive/project-ADI/llama31-1b-movielens-ranking-lora,candidates,ground_truth,1046,8,1.8750001192092896,causal_bypass,causal_bypass
lora_sas,LoRA + SAS,/content/drive/MyDrive/project-ADI/llama31-1b-movielens-ranking-lora,candidates,ground_truth,1046,9,1.1250001192092896,causal_bypass,causal_bypass
lora_sas,LoRA + SAS,/content/drive/MyDrive/project-ADI/llama31-1b-movielens-ranking-lora,candidates,ground_truth,1046,10,3.6250001192092896,causal_bypass,causal_bypass
lora_sas,LoRA + SAS,/content/drive/MyDrive/project-ADI/llama31-1b-movielens-ranking-lora,candidates,ground_truth,1046,11,0.49999988079071045,causal_bypass,causal_bypass
lora_sas,LoRA + SAS,/content/drive/MyDrive/project-ADI/llama31-1b-movielens-ranking-lora,candidates,ground_truth,1046,12,0.25000011920928955,causal_bypass,causal_bypass
lora_sas,LoRA + SAS,/content/drive/MyDrive/project-ADI/llama31-1b-movielens-ranking-lora,candidates,ground_truth,1046,13,0.49999988079071045,causal_bypass,causal_bypass
lora_sas,LoRA + SAS,/content/drive/MyDrive/project-ADI/llama31-1b-movielens-ranking-lora,candidates,ground_truth,1046,14,3.8125001192092896,causal_bypass,causal_bypass
lora_sas,LoRA + SAS,/content/drive/MyDrive/project-ADI/llama31-1b-movielens-ranking-lora,candidates,ground_truth,1046,15,1.3749998807907104,causal_bypass,causal_bypass
lora_sas,LoRA + SAS,/content/drive/MyDrive/project-ADI/llama31-1b-movielens-ranking-lora,candidates,model_choice,1046,0,2.15625,causal_bypass,causal_bypass
lora_sas,LoRA + SAS,/content/drive/MyDrive/project-ADI/llama31-1b-movielens-ranking-lora,candidates,model_choice,1046,1,2.5,causal_bypass,causal_bypass
lora_sas,LoRA + SAS,/content/drive/MyDrive/project-ADI/llama31-1b-movielens-ranking-lora,candidates,model_choice,1046,2,0.1875,causal_bypass,causal_bypass
lora_sas,LoRA + SAS,/content/drive/MyDrive/project-ADI/llama31-1b-movielens-ranking-lora,candidates,model_choice,1046,3,0.5,causal_bypass,causal_bypass
lora_sas,LoRA + SAS,/content/drive/MyDrive/project-ADI/llama31-1b-movielens-ranking-lora,candidates,model_choice,1046,4,1.875,causal_bypass,causal_bypass
lora_sas,LoRA + SAS,/content/drive/MyDrive/project-ADI/llama31-1b-movielens-ranking-lora,candidates,model_choice,1046,5,1.5625,causal_bypass,causal_bypass
lora_sas,LoRA + SAS,/content/drive/MyDrive/project-ADI/llama31-1b-movielens-ranking-lora,candidates,model_choice,1046,6,0.375,causal_bypass,causal_bypass
lora_sas,LoRA + SAS,/content/drive/MyDrive/project-ADI/llama31-1b-movielens-ranking-lora,candidates,model_choice,1046,7,0.375,causal_bypass,causal_bypass
lora_sas,LoRA + SAS,/content/drive/MyDrive/project-ADI/llama31-1b-movielens-ranking-lora,candidates,model_choice,1046,8,0.25,causal_bypass,causal_bypass
lora_sas,LoRA + SAS,/content/drive/MyDrive/project-ADI/llama31-1b-movielens-ranking-lora,candidates,model_choice,1046,9,1.375,causal_bypass,causal_bypass
lora_sas,LoRA + SAS,/content/drive/MyDrive/project-ADI/llama31-1b-movielens-ranking-lora,candidates,model_choice,1046,10,0.625,causal_bypass,causal_bypass
lora_sas,LoRA + SAS,/content/drive/MyDrive/project-ADI/llama31-1b-movielens-ranking-lora,candidates,model_choice,1046,11,0.25,causal_bypass,causal_bypass
lora_sas,LoRA + SAS,/content/drive/MyDrive/project-ADI/llama31-1b-movielens-ranking-lora,candidates,model_choice,1046,12,0.75,causal_bypass,causal_bypass
lora_sas,LoRA + SAS,/content/drive/MyDrive/project-ADI/llama31-1b-movielens-ranking-lora,candidates,model_choice,1046,13,1.0,causal_bypass,causal_bypass
lora_sas,LoRA + SAS,/content/drive/MyDrive/project-ADI/llama31-1b-movielens-ranking-lora,candidates,model_choice,1046,14,1.4375,causal_bypass,causal_bypass
lora_sas,LoRA + SAS,/content/drive/MyDrive/project-ADI/llama31-1b-movielens-ranking-lora,candidates,model_choice,1046,15,0.2500000596046448,causal_bypass,causal_bypass
lora_sas,LoRA + SAS,/content/drive/MyDrive/project-ADI/llama31-1b-movielens-ranking-lora,candidates,ground_truth,1529,0,2.78125,causal_bypass,causal_bypass
lora_sas,LoRA + SAS,/content/drive/MyDrive/project-ADI/llama31-1b-movielens-ranking-lora,candidates,ground_truth,1529,1,2.8125,causal_bypass,causal_bypass
lora_sas,LoRA + SAS,/content/drive/MyDrive/project-ADI/llama31-1b-movielens-ranking-lora,candidates,ground_truth,1529,2,0.625,causal_bypass,causal_bypass
lora_sas,LoRA + SAS,/content/drive/MyDrive/project-ADI/llama31-1b-movielens-ranking-lora,candidates,ground_truth,1529,3,0.875,causal_bypass,causal_bypass
lora_sas,LoRA + SAS,/content/drive/MyDrive/project-ADI/llama31-1b-movielens-ranking-lora,candidates,ground_truth,1529,4,1.0,causal_bypass,causal_bypass
lora_sas,LoRA + SAS,/content/drive/MyDrive/project-ADI/llama31-1b-movielens-ranking-lora,candidates,ground_truth,1529,5,0.0625,causal_bypass,causal_bypass
lora_sas,LoRA + SAS,/content/drive/MyDrive/project-ADI/llama31-1b-movielens-ranking-lora,candidates,ground_truth,1529,6,0.25,causal_bypass,causal_bypass
lora_sas,LoRA + SAS,/content/drive/MyDrive/project-ADI/llama31-1b-movielens-ranking-lora,candidates,ground_truth,1529,7,1.875,causal_bypass,causal_bypass
lora_sas,LoRA + SAS,/content/drive/MyDrive/project-ADI/llama31-1b-movielens-ranking-lora,candidates,ground_truth,1529,8,0.125,causal_bypass,causal_bypass
lora_sas,LoRA + SAS,/content/drive/MyDrive/project-ADI/llama31-1b-movielens-ranking-lora,candidates,ground_truth,1529,9,0.125,causal_bypass,causal_bypass
lora_sas,LoRA + SAS,/content/drive/MyDrive/project-ADI/llama31-1b-movielens-ranking-lora,candidates,ground_truth,1529,10,1.499999761581421,causal_bypass,causal_bypass
lora_sas,LoRA + SAS,/content/drive/MyDrive/project-ADI/llama31-1b-movielens-ranking-lora,candidates,ground_truth,1529,11,0.875,causal_bypass,causal_bypass
lora_sas,LoRA + SAS,/content/drive/MyDrive/project-ADI/llama31-1b-movielens-ranking-lora,candidates,ground_truth,1529,12,0.37499988079071045,causal_bypass,causal_bypass
lora_sas,LoRA + SAS,/content/drive/MyDrive/project-ADI/llama31-1b-movielens-ranking-lora,candidates,ground_truth,1529,13,2.0,causal_bypass,causal_bypass
lora_sas,LoRA + SAS,/content/drive/MyDrive/project-ADI/llama31-1b-movielens-ranking-lora,candidates,ground_truth,1529,14,0.0,causal_bypass,causal_bypass
lora_sas,LoRA + SAS,/content/drive/MyDrive/project-ADI/llama31-1b-movielens-ranking-lora,candidates,ground_truth,1529,15,1.4999998807907104,causal_bypass,causal_bypass
lora_sas,LoRA + SAS,/content/drive/MyDrive/project-ADI/llama31-1b-movielens-ranking-lora,candidates,model_choice,1529,0,2.78125,causal_bypass,causal_bypass
lora_sas,LoRA + SAS,/content/drive/MyDrive/project-ADI/llama31-1b-movielens-ranking-lora,candidates,model_choice,1529,1,2.8125,causal_bypass,causal_bypass
lora_sas,LoRA + SAS,/content/drive/MyDrive/project-ADI/llama31-1b-movielens-ranking-lora,candidates,model_choice,1529,2,0.625,causal_bypass,causal_bypass
lora_sas,LoRA + SAS,/content/drive/MyDrive/project-ADI/llama31-1b-movielens-ranking-lora,candidates,model_choice,1529,3,0.875,causal_bypass,causal_bypass
lora_sas,LoRA + SAS,/content/drive/MyDrive/project-ADI/llama31-1b-movielens-ranking-lora,candidates,model_choice,1529,4,1.0,causal_bypass,causal_bypass
lora_sas,LoRA + SAS,/content/drive/MyDrive/project-ADI/llama31-1b-movielens-ranking-lora,candidates,model_choice,1529,5,0.0625,causal_bypass,causal_bypass
lora_sas,LoRA + SAS,/content/drive/MyDrive/project-ADI/llama31-1b-movielens-ranking-lora,candidates,model_choice,1529,6,0.25,causal_bypass,causal_bypass
lora_sas,LoRA + SAS,/content/drive/MyDrive/project-ADI/llama31-1b-movielens-ranking-lora,candidates,model_choice,1529,7,1.875,causal_bypass,causal_bypass
lora_sas,LoRA + SAS,/content/drive/MyDrive/project-ADI/llama31-1b-movielens-ranking-lora,candidates,model_choice,1529,8,0.125,causal_bypass,causal_bypass
lora_sas,LoRA + SAS,/content/drive/MyDrive/project-ADI/llama31-1b-movielens-ranking-lora,candidates,model_choice,1529,9,0.125,causal_bypass,causal_bypass
lora_sas,LoRA + SAS,/content/drive/MyDrive/project-ADI/llama31-1b-movielens-ranking-lora,candidates,model_choice,1529,10,1.499999761581421,causal_bypass,causal_bypass
lora_sas,LoRA + SAS,/content/drive/MyDrive/project-ADI/llama31-1b-movielens-ranking-lora,candidates,model_choice,1529,11,0.875,causal_bypass,causal_bypass
lora_sas,LoRA + SAS,/content/drive/MyDrive/project-ADI/llama31-1b-movielens-ranking-lora,candidates,model_choice,1529,12,0.37499988079071045,causal_bypass,causal_bypass
lora_sas,LoRA + SAS,/content/drive/MyDrive/project-ADI/llama31-1b-movielens-ranking-lora,candidates,model_choice,1529,13,2.0,causal_bypass,causal_bypass
lora_sas,LoRA + SAS,/content/drive/MyDrive/project-ADI/llama31-1b-movielens-ranking-lora,candidates,model_choice,1529,14,0.0,causal_bypass,causal_bypass
lora_sas,LoRA + SAS,/content/drive/MyDrive/project-ADI/llama31-1b-movielens-ranking-lora,candidates,model_choice,1529,15,1.4999998807907104,causal_bypass,causal_bypass
lora_sas,LoRA + SAS,/content/drive/MyDrive/project-ADI/llama31-1b-movielens-ranking-lora,candidates,ground_truth,2201,0,0.8125,causal_bypass,causal_bypass
lora_sas,LoRA + SAS,/content/drive/MyDrive/project-ADI/llama31-1b-movielens-ranking-lora,candidates,ground_truth,2201,1,3.1875,causal_bypass,causal_bypass
lora_sas,LoRA + SAS,/content/drive/MyDrive/project-ADI/llama31-1b-movielens-ranking-lora,candidates,ground_truth,2201,2,2.625,causal_bypass,causal_bypass
lora_sas,LoRA + SAS,/content/drive/MyDrive/project-ADI/llama31-1b-movielens-ranking-lora,candidates,ground_truth,2201,3,2.75,causal_bypass,causal_bypass
lora_sas,LoRA + SAS,/content/drive/MyDrive/project-ADI/llama31-1b-movielens-ranking-lora,candidates,ground_truth,2201,4,2.5000001192092896,causal_bypass,causal_bypass
lora_sas,LoRA + SAS,/content/drive/MyDrive/project-ADI/llama31-1b-movielens-ranking-lora,candidates,ground_truth,2201,5,1.625,causal_bypass,causal_bypass
lora_sas,LoRA + SAS,/content/drive/MyDrive/project-ADI/llama31-1b-movielens-ranking-lora,candidates,ground_truth,2201,6,1.75,causal_bypass,causal_bypass
lora_sas,LoRA + SAS,/content/drive/MyDrive/project-ADI/llama31-1b-movielens-ranking-lora,candidates,ground_truth,2201,7,1.6875,causal_bypass,causal_bypass
lora_sas,LoRA + SAS,/content/drive/MyDrive/project-ADI/llama31-1b-movielens-ranking-lora,candidates,ground_truth,2201,8,0.1875,causal_bypass,causal_bypass
lora_sas,LoRA + SAS,/content/drive/MyDrive/project-ADI/llama31-1b-movielens-ranking-lora,candidates,ground_truth,2201,9,2.875,causal_bypass,causal_bypass
lora_sas,LoRA + SAS,/content/drive/MyDrive/project-ADI/llama31-1b-movielens-ranking-lora,candidates,ground_truth,2201,10,1.3125,causal_bypass,causal_bypass
lora_sas,LoRA + SAS,/content/drive/MyDrive/project-ADI/llama31-1b-movielens-ranking-lora,candidates,ground_truth,2201,11,0.25,causal_bypass,causal_bypass
lora_sas,LoRA + SAS,/content/drive/MyDrive/project-ADI/llama31-1b-movielens-ranking-lora,candidates,ground_truth,2201,12,0.75,causal_bypass,causal_bypass
lora_sas,LoRA + SAS,/content/drive/MyDrive/project-ADI/llama31-1b-movielens-ranking-lora,candidates,ground_truth,2201,13,0.75,causal_bypass,causal_bypass
lora_sas,LoRA + SAS,/content/drive/MyDrive/project-ADI/llama31-1b-movielens-ranking-lora,candidates,ground_truth,2201,14,4.6875,causal_bypass,causal_bypass
lora_sas,LoRA + SAS,/content/drive/MyDrive/project-ADI/llama31-1b-movielens-ranking-lora,candidates,ground_truth,2201,15,0.3125,causal_bypass,causal_bypass
lora_sas,LoRA + SAS,/content/drive/MyDrive/project-ADI/llama31-1b-movielens-ranking-lora,candidates,model_choice,2201,0,0.5625,causal_bypass,causal_bypass
lora_sas,LoRA + SAS,/content/drive/MyDrive/project-ADI/llama31-1b-movielens-ranking-lora,candidates,model_choice,2201,1,3.749999761581421,causal_bypass,causal_bypass
lora_sas,LoRA + SAS,/content/drive/MyDrive/project-ADI/llama31-1b-movielens-ranking-lora,candidates,model_choice,2201,2,3.375,causal_bypass,causal_bypass
lora_sas,LoRA + SAS,/content/drive/MyDrive/project-ADI/llama31-1b-movielens-ranking-lora,candidates,model_choice,2201,3,2.125,causal_bypass,causal_bypass
lora_sas,LoRA + SAS,/content/drive/MyDrive/project-ADI/llama31-1b-movielens-ranking-lora,candidates,model_choice,2201,4,3.125,causal_bypass,causal_bypass
lora_sas,LoRA + SAS,/content/drive/MyDrive/project-ADI/llama31-1b-movielens-ranking-lora,candidates,model_choice,2201,5,1.875,causal_bypass,causal_bypass
lora_sas,LoRA + SAS,/content/drive/MyDrive/project-ADI/llama31-1b-movielens-ranking-lora,candidates,model_choice,2201,6,1.625,causal_bypass,causal_bypass
lora_sas,LoRA + SAS,/content/drive/MyDrive/project-ADI/llama31-1b-movielens-ranking-lora,candidates,model_choice,2201,7,3.0000001192092896,causal_bypass,causal_bypass
lora_sas,LoRA + SAS,/content/drive/MyDrive/project-ADI/llama31-1b-movielens-ranking-lora,candidates,model_choice,2201,8,0.625,causal_bypass,causal_bypass
lora_sas,LoRA + SAS,/content/drive/MyDrive/project-ADI/llama31-1b-movielens-ranking-lora,candidates,model_choice,2201,9,2.0,causal_bypass,causal_bypass
lora_sas,LoRA + SAS,/content/drive/MyDrive/project-ADI/llama31-1b-movielens-ranking-lora,candidates,model_choice,2201,10,0.1875,causal_bypass,causal_bypass
lora_sas,LoRA + SAS,/content/drive/MyDrive/project-ADI/llama31-1b-movielens-ranking-lora,candidates,model_choice,2201,11,0.25,causal_bypass,causal_bypass
lora_sas,LoRA + SAS,/content/drive/MyDrive/project-ADI/llama31-1b-movielens-ranking-lora,candidates,model_choice,2201,12,1.25,causal_bypass,causal_bypass
lora_sas,LoRA + SAS,/content/drive/MyDrive/project-ADI/llama31-1b-movielens-ranking-lora,candidates,model_choice,2201,13,1.25,causal_bypass,causal_bypass
lora_sas,LoRA + SAS,/content/drive/MyDrive/project-ADI/llama31-1b-movielens-ranking-lora,candidates,model_choice,2201,14,3.0625,causal_bypass,causal_bypass
lora_sas,LoRA + SAS,/content/drive/MyDrive/project-ADI/llama31-1b-movielens-ranking-lora,candidates,model_choice,2201,15,0.3125,causal_bypass,causal_bypass
lora_sas,LoRA + SAS,/content/drive/MyDrive/project-ADI/llama31-1b-movielens-ranking-lora,candidates,ground_truth,2436,0,2.2499998807907104,causal_bypass,causal_bypass
lora_sas,LoRA + SAS,/content/drive/MyDrive/project-ADI/llama31-1b-movielens-ranking-lora,candidates,ground_truth,2436,1,3.0000001192092896,causal_bypass,causal_bypass
lora_sas,LoRA + SAS,/content/drive/MyDrive/project-ADI/llama31-1b-movielens-ranking-lora,candidates,ground_truth,2436,2,1.8750001192092896,causal_bypass,causal_bypass
lora_sas,LoRA + SAS,/content/drive/MyDrive/project-ADI/llama31-1b-movielens-ranking-lora,candidates,ground_truth,2436,3,1.8750001192092896,causal_bypass,causal_bypass
lora_sas,LoRA + SAS,/content/drive/MyDrive/project-ADI/llama31-1b-movielens-ranking-lora,candidates,ground_truth,2436,4,1.5000001192092896,causal_bypass,causal_bypass
lora_sas,LoRA + SAS,/content/drive/MyDrive/project-ADI/llama31-1b-movielens-ranking-lora,candidates,ground_truth,2436,5,1.5625001192092896,causal_bypass,causal_bypass
lora_sas,LoRA + SAS,/content/drive/MyDrive/project-ADI/llama31-1b-movielens-ranking-lora,candidates,ground_truth,2436,6,1.125,causal_bypass,causal_bypass
lora_sas,LoRA + SAS,/content/drive/MyDrive/project-ADI/llama31-1b-movielens-ranking-lora,candidates,ground_truth,2436,7,2.5625001192092896,causal_bypass,causal_bypass
lora_sas,LoRA + SAS,/content/drive/MyDrive/project-ADI/llama31-1b-movielens-ranking-lora,candidates,ground_truth,2436,8,1.1250001192092896,causal_bypass,causal_bypass
lora_sas,LoRA + SAS,/content/drive/MyDrive/project-ADI/llama31-1b-movielens-ranking-lora,candidates,ground_truth,2436,9,1.7500001192092896,causal_bypass,causal_bypass
lora_sas,LoRA + SAS,/content/drive/MyDrive/project-ADI/llama31-1b-movielens-ranking-lora,candidates,ground_truth,2436,10,0.6250001192092896,causal_bypass,causal_bypass
lora_sas,LoRA + SAS,/content/drive/MyDrive/project-ADI/llama31-1b-movielens-ranking-lora,candidates,ground_truth,2436,11,0.7500001192092896,causal_bypass,causal_bypass
lora_sas,LoRA + SAS,/content/drive/MyDrive/project-ADI/llama31-1b-movielens-ranking-lora,candidates,ground_truth,2436,12,2.1249998807907104,causal_bypass,causal_bypass
lora_sas,LoRA + SAS,/content/drive/MyDrive/project-ADI/llama31-1b-movielens-ranking-lora,candidates,ground_truth,2436,13,0.6249998807907104,causal_bypass,causal_bypass
lora_sas,LoRA + SAS,/content/drive/MyDrive/project-ADI/llama31-1b-movielens-ranking-lora,candidates,ground_truth,2436,14,2.7499998807907104,causal_bypass,causal_bypass
lora_sas,LoRA + SAS,/content/drive/MyDrive/project-ADI/llama31-1b-movielens-ranking-lora,candidates,ground_truth,2436,15,1.3750001192092896,causal_bypass,causal_bypass
lora_sas,LoRA + SAS,/content/drive/MyDrive/project-ADI/llama31-1b-movielens-ranking-lora,candidates,model_choice,2436,0,2.4375,causal_bypass,causal_bypass
lora_sas,LoRA + SAS,/content/drive/MyDrive/project-ADI/llama31-1b-movielens-ranking-lora,candidates,model_choice,2436,1,1.1875,causal_bypass,causal_bypass
lora_sas,LoRA + SAS,/content/drive/MyDrive/project-ADI/llama31-1b-movielens-ranking-lora,candidates,model_choice,2436,2,0.2500002384185791,causal_bypass,causal_bypass
lora_sas,LoRA + SAS,/content/drive/MyDrive/project-ADI/llama31-1b-movielens-ranking-lora,candidates,model_choice,2436,3,1.0,causal_bypass,causal_bypass
lora_sas,LoRA + SAS,/content/drive/MyDrive/project-ADI/llama31-1b-movielens-ranking-lora,candidates,model_choice,2436,4,0.125,causal_bypass,causal_bypass
lora_sas,LoRA + SAS,/content/drive/MyDrive/project-ADI/llama31-1b-movielens-ranking-lora,candidates,model_choice,2436,5,0.25,causal_bypass,causal_bypass
lora_sas,LoRA + SAS,/content/drive/MyDrive/project-ADI/llama31-1b-movielens-ranking-lora,candidates,model_choice,2436,6,0.12500011920928955,causal_bypass,causal_bypass
lora_sas,LoRA + SAS,/content/drive/MyDrive/project-ADI/llama31-1b-movielens-ranking-lora,candidates,model_choice,2436,7,1.3125,causal_bypass,causal_bypass
lora_sas,LoRA + SAS,/content/drive/MyDrive/project-ADI/llama31-1b-movielens-ranking-lora,candidates,model_choice,2436,8,0.25,causal_bypass,causal_bypass
lora_sas,LoRA + SAS,/content/drive/MyDrive/project-ADI/llama31-1b-movielens-ranking-lora,candidates,model_choice,2436,9,1.8749998807907104,causal_bypass,causal_bypass
lora_sas,LoRA + SAS,/content/drive/MyDrive/project-ADI/llama31-1b-movielens-ranking-lora,candidates,model_choice,2436,10,0.0,causal_bypass,causal_bypass
lora_sas,LoRA + SAS,/content/drive/MyDrive/project-ADI/llama31-1b-movielens-ranking-lora,candidates,model_choice,2436,11,0.625,causal_bypass,causal_bypass
lora_sas,LoRA + SAS,/content/drive/MyDrive/project-ADI/llama31-1b-movielens-ranking-lora,candidates,model_choice,2436,12,0.5,causal_bypass,causal_bypass
lora_sas,LoRA + SAS,/content/drive/MyDrive/project-ADI/llama31-1b-movielens-ranking-lora,candidates,model_choice,2436,13,2.25,causal_bypass,causal_bypass
lora_sas,LoRA + SAS,/content/drive/MyDrive/project-ADI/llama31-1b-movielens-ranking-lora,candidates,model_choice,2436,14,4.3125,causal_bypass,causal_bypass
lora_sas,LoRA + SAS,/content/drive/MyDrive/project-ADI/llama31-1b-movielens-ranking-lora,candidates,model_choice,2436,15,3.0,causal_bypass,causal_bypass
lora_sas,LoRA + SAS,/content/drive/MyDrive/project-ADI/llama31-1b-movielens-ranking-lora,candidates,ground_truth,2486,0,0.21875011920928955,causal_bypass,causal_bypass
lora_sas,LoRA + SAS,/content/drive/MyDrive/project-ADI/llama31-1b-movielens-ranking-lora,candidates,ground_truth,2486,1,0.31250035762786865,causal_bypass,causal_bypass
lora_sas,LoRA + SAS,/content/drive/MyDrive/project-ADI/llama31-1b-movielens-ranking-lora,candidates,ground_truth,2486,2,3.5762786865234375e-07,causal_bypass,causal_bypass
lora_sas,LoRA + SAS,/content/drive/MyDrive/project-ADI/llama31-1b-movielens-ranking-lora,candidates,ground_truth,2486,3,0.37499988079071045,causal_bypass,causal_bypass
lora_sas,LoRA + SAS,/content/drive/MyDrive/project-ADI/llama31-1b-movielens-ranking-lora,candidates,ground_truth,2486,4,1.4999998807907104,causal_bypass,causal_bypass
lora_sas,LoRA + SAS,/content/drive/MyDrive/project-ADI/llama31-1b-movielens-ranking-lora,candidates,ground_truth,2486,5,0.5000001192092896,causal_bypass,causal_bypass
lora_sas,LoRA + SAS,/content/drive/MyDrive/project-ADI/llama31-1b-movielens-ranking-lora,candidates,ground_truth,2486,6,1.3749998807907104,causal_bypass,causal_bypass
lora_sas,LoRA + SAS,/content/drive/MyDrive/project-ADI/llama31-1b-movielens-ranking-lora,candidates,ground_truth,2486,7,0.7499998807907104,causal_bypass,causal_bypass
lora_sas,LoRA + SAS,/content/drive/MyDrive/project-ADI/llama31-1b-movielens-ranking-lora,candidates,ground_truth,2486,8,0.12500011920928955,causal_bypass,causal_bypass
lora_sas,LoRA + SAS,/content/drive/MyDrive/project-ADI/llama31-1b-movielens-ranking-lora,candidates,ground_truth,2486,9,1.6249998807907104,causal_bypass,causal_bypass
lora_sas,LoRA + SAS,/content/drive/MyDrive/project-ADI/llama31-1b-movielens-ranking-lora,candidates,ground_truth,2486,10,2.7500003576278687,causal_bypass,causal_bypass
lora_sas,LoRA + SAS,/content/drive/MyDrive/project-ADI/llama31-1b-movielens-ranking-lora,candidates,ground_truth,2486,11,1.6249998807907104,causal_bypass,causal_bypass
lora_sas,LoRA + SAS,/content/drive/MyDrive/project-ADI/llama31-1b-movielens-ranking-lora,candidates,ground_truth,2486,12,0.49999988079071045,causal_bypass,causal_bypass
lora_sas,LoRA + SAS,/content/drive/MyDrive/project-ADI/llama31-1b-movielens-ranking-lora,candidates,ground_truth,2486,13,1.2500001192092896,causal_bypass,causal_bypass
lora_sas,LoRA + SAS,/content/drive/MyDrive/project-ADI/llama31-1b-movielens-ranking-lora,candidates,ground_truth,2486,14,0.24999988079071045,causal_bypass,causal_bypass
lora_sas,LoRA + SAS,/content/drive/MyDrive/project-ADI/llama31-1b-movielens-ranking-lora,candidates,ground_truth,2486,15,1.4375001192092896,causal_bypass,causal_bypass
lora_sas,LoRA + SAS,/content/drive/MyDrive/project-ADI/llama31-1b-movielens-ranking-lora,candidates,model_choice,2486,0,1.875,causal_bypass,causal_bypass
lora_sas,LoRA + SAS,/content/drive/MyDrive/project-ADI/llama31-1b-movielens-ranking-lora,candidates,model_choice,2486,1,2.4375,causal_bypass,causal_bypass
lora_sas,LoRA + SAS,/content/drive/MyDrive/project-ADI/llama31-1b-movielens-ranking-lora,candidates,model_choice,2486,2,1.625,causal_bypass,causal_bypass
lora_sas,LoRA + SAS,/content/drive/MyDrive/project-ADI/llama31-1b-movielens-ranking-lora,candidates,model_choice,2486,3,1.5,causal_bypass,causal_bypass
lora_sas,LoRA + SAS,/content/drive/MyDrive/project-ADI/llama31-1b-movielens-ranking-lora,candidates,model_choice,2486,4,3.5,causal_bypass,causal_bypass
lora_sas,LoRA + SAS,/content/drive/MyDrive/project-ADI/llama31-1b-movielens-ranking-lora,candidates,model_choice,2486,5,1.9999998807907104,causal_bypass,causal_bypass
lora_sas,LoRA + SAS,/content/drive/MyDrive/project-ADI/llama31-1b-movielens-ranking-lora,candidates,model_choice,2486,6,2.375,causal_bypass,causal_bypass
lora_sas,LoRA + SAS,/content/drive/MyDrive/project-ADI/llama31-1b-movielens-ranking-lora,candidates,model_choice,2486,7,1.7500001192092896,causal_bypass,causal_bypass
lora_sas,LoRA + SAS,/content/drive/MyDrive/project-ADI/llama31-1b-movielens-ranking-lora,candidates,model_choice,2486,8,1.25,causal_bypass,causal_bypass
lora_sas,LoRA + SAS,/content/drive/MyDrive/project-ADI/llama31-1b-movielens-ranking-lora,candidates,model_choice,2486,9,1.0,causal_bypass,causal_bypass
lora_sas,LoRA + SAS,/content/drive/MyDrive/project-ADI/llama31-1b-movielens-ranking-lora,candidates,model_choice,2486,10,1.375,causal_bypass,causal_bypass
lora_sas,LoRA + SAS,/content/drive/MyDrive/project-ADI/llama31-1b-movielens-ranking-lora,candidates,model_choice,2486,11,1.625,causal_bypass,causal_bypass
lora_sas,LoRA + SAS,/content/drive/MyDrive/project-ADI/llama31-1b-movielens-ranking-lora,candidates,model_choice,2486,12,0.125,causal_bypass,causal_bypass
lora_sas,LoRA + SAS,/content/drive/MyDrive/project-ADI/llama31-1b-movielens-ranking-lora,candidates,model_choice,2486,13,1.75,causal_bypass,causal_bypass
lora_sas,LoRA + SAS,/content/drive/MyDrive/project-ADI/llama31-1b-movielens-ranking-lora,candidates,model_choice,2486,14,3.374999761581421,causal_bypass,causal_bypass
lora_sas,LoRA + SAS,/content/drive/MyDrive/project-ADI/llama31-1b-movielens-ranking-lora,candidates,model_choice,2486,15,0.9375,causal_bypass,causal_bypass
lora_sas,LoRA + SAS,/content/drive/MyDrive/project-ADI/llama31-1b-movielens-ranking-lora,candidates,ground_truth,2557,0,2.4375,causal_bypass,causal_bypass
lora_sas,LoRA + SAS,/content/drive/MyDrive/project-ADI/llama31-1b-movielens-ranking-lora,candidates,ground_truth,2557,1,5.3125,causal_bypass,causal_bypass
lora_sas,LoRA + SAS,/content/drive/MyDrive/project-ADI/llama31-1b-movielens-ranking-lora,candidates,ground_truth,2557,2,2.5625,causal_bypass,causal_bypass
lora_sas,LoRA + SAS,/content/drive/MyDrive/project-ADI/llama31-1b-movielens-ranking-lora,candidates,ground_truth,2557,3,1.8750001192092896,causal_bypass,causal_bypass
lora_sas,LoRA + SAS,/content/drive/MyDrive/project-ADI/llama31-1b-movielens-ranking-lora,candidates,ground_truth,2557,4,0.75,causal_bypass,causal_bypass
lora_sas,LoRA + SAS,/content/drive/MyDrive/project-ADI/llama31-1b-movielens-ranking-lora,candidates,ground_truth,2557,5,3.3125,causal_bypass,causal_bypass
lora_sas,LoRA + SAS,/content/drive/MyDrive/project-ADI/llama31-1b-movielens-ranking-lora,candidates,ground_truth,2557,6,2.3750001192092896,causal_bypass,causal_bypass
lora_sas,LoRA + SAS,/content/drive/MyDrive/project-ADI/llama31-1b-movielens-ranking-lora,candidates,ground_truth,2557,7,2.1250001192092896,causal_bypass,causal_bypass
lora_sas,LoRA + SAS,/content/drive/MyDrive/project-ADI/llama31-1b-movielens-ranking-lora,candidates,ground_truth,2557,8,2.125,causal_bypass,causal_bypass
lora_sas,LoRA + SAS,/content/drive/MyDrive/project-ADI/llama31-1b-movielens-ranking-lora,candidates,ground_truth,2557,9,0.7499998807907104,causal_bypass,causal_bypass
lora_sas,LoRA + SAS,/content/drive/MyDrive/project-ADI/llama31-1b-movielens-ranking-lora,candidates,ground_truth,2557,10,4.875,causal_bypass,causal_bypass
lora_sas,LoRA + SAS,/content/drive/MyDrive/project-ADI/llama31-1b-movielens-ranking-lora,candidates,ground_truth,2557,11,0.49999988079071045,causal_bypass,causal_bypass
lora_sas,LoRA + SAS,/content/drive/MyDrive/project-ADI/llama31-1b-movielens-ranking-lora,candidates,ground_truth,2557,12,0.7500001192092896,causal_bypass,causal_bypass
lora_sas,LoRA + SAS,/content/drive/MyDrive/project-ADI/llama31-1b-movielens-ranking-lora,candidates,ground_truth,2557,13,0.75,causal_bypass,causal_bypass
lora_sas,LoRA + SAS,/content/drive/MyDrive/project-ADI/llama31-1b-movielens-ranking-lora,candidates,ground_truth,2557,14,3.0000001192092896,causal_bypass,causal_bypass
lora_sas,LoRA + SAS,/content/drive/MyDrive/project-ADI/llama31-1b-movielens-ranking-lora,candidates,ground_truth,2557,15,2.4375,causal_bypass,causal_bypass
lora_sas,LoRA + SAS,/content/drive/MyDrive/project-ADI/llama31-1b-movielens-ranking-lora,candidates,model_choice,2557,0,2.59375,causal_bypass,causal_bypass
lora_sas,LoRA + SAS,/content/drive/MyDrive/project-ADI/llama31-1b-movielens-ranking-lora,candidates,model_choice,2557,1,1.75,causal_bypass,causal_bypass
lora_sas,LoRA + SAS,/content/drive/MyDrive/project-ADI/llama31-1b-movielens-ranking-lora,candidates,model_choice,2557,2,1.5,causal_bypass,causal_bypass
lora_sas,LoRA + SAS,/content/drive/MyDrive/project-ADI/llama31-1b-movielens-ranking-lora,candidates,model_choice,2557,3,1.0000001192092896,causal_bypass,causal_bypass
lora_sas,LoRA + SAS,/content/drive/MyDrive/project-ADI/llama31-1b-movielens-ranking-lora,candidates,model_choice,2557,4,2.25,causal_bypass,causal_bypass
lora_sas,LoRA + SAS,/content/drive/MyDrive/project-ADI/llama31-1b-movielens-ranking-lora,candidates,model_choice,2557,5,0.8125,causal_bypass,causal_bypass
lora_sas,LoRA + SAS,/content/drive/MyDrive/project-ADI/llama31-1b-movielens-ranking-lora,candidates,model_choice,2557,6,0.375,causal_bypass,causal_bypass
lora_sas,LoRA + SAS,/content/drive/MyDrive/project-ADI/llama31-1b-movielens-ranking-lora,candidates,model_choice,2557,7,0.375,causal_bypass,causal_bypass
lora_sas,LoRA + SAS,/content/drive/MyDrive/project-ADI/llama31-1b-movielens-ranking-lora,candidates,model_choice,2557,8,1.4375,causal_bypass,causal_bypass
lora_sas,LoRA + SAS,/content/drive/MyDrive/project-ADI/llama31-1b-movielens-ranking-lora,candidates,model_choice,2557,9,0.125,causal_bypass,causal_bypass
lora_sas,LoRA + SAS,/content/drive/MyDrive/project-ADI/llama31-1b-movielens-ranking-lora,candidates,model_choice,2557,10,0.75,causal_bypass,causal_bypass
lora_sas,LoRA + SAS,/content/drive/MyDrive/project-ADI/llama31-1b-movielens-ranking-lora,candidates,model_choice,2557,11,0.125,causal_bypass,causal_bypass
lora_sas,LoRA + SAS,/content/drive/MyDrive/project-ADI/llama31-1b-movielens-ranking-lora,candidates,model_choice,2557,12,0.625,causal_bypass,causal_bypass
lora_sas,LoRA + SAS,/content/drive/MyDrive/project-ADI/llama31-1b-movielens-ranking-lora,candidates,model_choice,2557,13,1.7499998807907104,causal_bypass,causal_bypass
lora_sas,LoRA + SAS,/content/drive/MyDrive/project-ADI/llama31-1b-movielens-ranking-lora,candidates,model_choice,2557,14,0.0,causal_bypass,causal_bypass
lora_sas,LoRA + SAS,/content/drive/MyDrive/project-ADI/llama31-1b-movielens-ranking-lora,candidates,model_choice,2557,15,0.75,causal_bypass,causal_bypass
lora_sas,LoRA + SAS,/content/drive/MyDrive/project-ADI/llama31-1b-movielens-ranking-lora,candidates,ground_truth,3172,0,0.9374998807907104,causal_bypass,causal_bypass
lora_sas,LoRA + SAS,/content/drive/MyDrive/project-ADI/llama31-1b-movielens-ranking-lora,candidates,ground_truth,3172,1,1.9374998807907104,causal_bypass,causal_bypass
lora_sas,LoRA + SAS,/content/drive/MyDrive/project-ADI/llama31-1b-movielens-ranking-lora,candidates,ground_truth,3172,2,0.8749998807907104,causal_bypass,causal_bypass
lora_sas,LoRA + SAS,/content/drive/MyDrive/project-ADI/llama31-1b-movielens-ranking-lora,candidates,ground_truth,3172,3,1.2499998807907104,causal_bypass,causal_bypass
lora_sas,LoRA + SAS,/content/drive/MyDrive/project-ADI/llama31-1b-movielens-ranking-lora,candidates,ground_truth,3172,4,1.1250001192092896,causal_bypass,causal_bypass
lora_sas,LoRA + SAS,/content/drive/MyDrive/project-ADI/llama31-1b-movielens-ranking-lora,candidates,ground_truth,3172,5,1.6874998807907104,causal_bypass,causal_bypass
lora_sas,LoRA + SAS,/content/drive/MyDrive/project-ADI/llama31-1b-movielens-ranking-lora,candidates,ground_truth,3172,6,1.7499998807907104,causal_bypass,causal_bypass
lora_sas,LoRA + SAS,/content/drive/MyDrive/project-ADI/llama31-1b-movielens-ranking-lora,candidates,ground_truth,3172,7,1.8749998807907104,causal_bypass,causal_bypass
lora_sas,LoRA + SAS,/content/drive/MyDrive/project-ADI/llama31-1b-movielens-ranking-lora,candidates,ground_truth,3172,8,1.9999998807907104,causal_bypass,causal_bypass
lora_sas,LoRA + SAS,/content/drive/MyDrive/project-ADI/llama31-1b-movielens-ranking-lora,candidates,ground_truth,3172,9,2.1249998807907104,causal_bypass,causal_bypass
lora_sas,LoRA + SAS,/content/drive/MyDrive/project-ADI/llama31-1b-movielens-ranking-lora,candidates,ground_truth,3172,10,1.4999998807907104,causal_bypass,causal_bypass
lora_sas,LoRA + SAS,/content/drive/MyDrive/project-ADI/llama31-1b-movielens-ranking-lora,candidates,ground_truth,3172,11,0.125,causal_bypass,causal_bypass
lora_sas,LoRA + SAS,/content/drive/MyDrive/project-ADI/llama31-1b-movielens-ranking-lora,candidates,ground_truth,3172,12,0.12499988079071045,causal_bypass,causal_bypass
lora_sas,LoRA + SAS,/content/drive/MyDrive/project-ADI/llama31-1b-movielens-ranking-lora,candidates,ground_truth,3172,13,2.3749998807907104,causal_bypass,causal_bypass
lora_sas,LoRA + SAS,/content/drive/MyDrive/project-ADI/llama31-1b-movielens-ranking-lora,candidates,ground_truth,3172,14,1.6874998807907104,causal_bypass,causal_bypass
lora_sas,LoRA + SAS,/content/drive/MyDrive/project-ADI/llama31-1b-movielens-ranking-lora,candidates,ground_truth,3172,15,2.5000001192092896,causal_bypass,causal_bypass
lora_sas,LoRA + SAS,/content/drive/MyDrive/project-ADI/llama31-1b-movielens-ranking-lora,candidates,model_choice,3172,0,1.125,causal_bypass,causal_bypass
lora_sas,LoRA + SAS,/content/drive/MyDrive/project-ADI/llama31-1b-movielens-ranking-lora,candidates,model_choice,3172,1,1.5,causal_bypass,causal_bypass
lora_sas,LoRA + SAS,/content/drive/MyDrive/project-ADI/llama31-1b-movielens-ranking-lora,candidates,model_choice,3172,2,1.0625,causal_bypass,causal_bypass
lora_sas,LoRA + SAS,/content/drive/MyDrive/project-ADI/llama31-1b-movielens-ranking-lora,candidates,model_choice,3172,3,0.375,causal_bypass,causal_bypass
lora_sas,LoRA + SAS,/content/drive/MyDrive/project-ADI/llama31-1b-movielens-ranking-lora,candidates,model_choice,3172,4,1.5,causal_bypass,causal_bypass
lora_sas,LoRA + SAS,/content/drive/MyDrive/project-ADI/llama31-1b-movielens-ranking-lora,candidates,model_choice,3172,5,1.625,causal_bypass,causal_bypass
lora_sas,LoRA + SAS,/content/drive/MyDrive/project-ADI/llama31-1b-movielens-ranking-lora,candidates,model_choice,3172,6,0.875,causal_bypass,causal_bypass
lora_sas,LoRA + SAS,/content/drive/MyDrive/project-ADI/llama31-1b-movielens-ranking-lora,candidates,model_choice,3172,7,1.75,causal_bypass,causal_bypass
lora_sas,LoRA + SAS,/content/drive/MyDrive/project-ADI/llama31-1b-movielens-ranking-lora,candidates,model_choice,3172,8,1.5,causal_bypass,causal_bypass
lora_sas,LoRA + SAS,/content/drive/MyDrive/project-ADI/llama31-1b-movielens-ranking-lora,candidates,model_choice,3172,9,0.0,causal_bypass,causal_bypass
lora_sas,LoRA + SAS,/content/drive/MyDrive/project-ADI/llama31-1b-movielens-ranking-lora,candidates,model_choice,3172,10,0.125,causal_bypass,causal_bypass
lora_sas,LoRA + SAS,/content/drive/MyDrive/project-ADI/llama31-1b-movielens-ranking-lora,candidates,model_choice,3172,11,0.375,causal_bypass,causal_bypass
lora_sas,LoRA + SAS,/content/drive/MyDrive/project-ADI/llama31-1b-movielens-ranking-lora,candidates,model_choice,3172,12,1.0,causal_bypass,causal_bypass
lora_sas,LoRA + SAS,/content/drive/MyDrive/project-ADI/llama31-1b-movielens-ranking-lora,candidates,model_choice,3172,13,0.25,causal_bypass,causal_bypass
lora_sas,LoRA + SAS,/content/drive/MyDrive/project-ADI/llama31-1b-movielens-ranking-lora,candidates,model_choice,3172,14,2.0625,causal_bypass,causal_bypass
lora_sas,LoRA + SAS,/content/drive/MyDrive/project-ADI/llama31-1b-movielens-ranking-lora,candidates,model_choice,3172,15,2.125,causal_bypass,causal_bypass
lora_sas,LoRA + SAS,/content/drive/MyDrive/project-ADI/llama31-1b-movielens-ranking-lora,candidates,ground_truth,3676,0,1.625,causal_bypass,causal_bypass
lora_sas,LoRA + SAS,/content/drive/MyDrive/project-ADI/llama31-1b-movielens-ranking-lora,candidates,ground_truth,3676,1,1.75,causal_bypass,causal_bypass
lora_sas,LoRA + SAS,/content/drive/MyDrive/project-ADI/llama31-1b-movielens-ranking-lora,candidates,ground_truth,3676,2,1.874999761581421,causal_bypass,causal_bypass
lora_sas,LoRA + SAS,/content/drive/MyDrive/project-ADI/llama31-1b-movielens-ranking-lora,candidates,ground_truth,3676,3,0.5,causal_bypass,causal_bypass
lora_sas,LoRA + SAS,/content/drive/MyDrive/project-ADI/llama31-1b-movielens-ranking-lora,candidates,ground_truth,3676,4,1.5,causal_bypass,causal_bypass
lora_sas,LoRA + SAS,/content/drive/MyDrive/project-ADI/llama31-1b-movielens-ranking-lora,candidates,ground_truth,3676,5,1.625,causal_bypass,causal_bypass
lora_sas,LoRA + SAS,/content/drive/MyDrive/project-ADI/llama31-1b-movielens-ranking-lora,candidates,ground_truth,3676,6,0.125,causal_bypass,causal_bypass
lora_sas,LoRA + SAS,/content/drive/MyDrive/project-ADI/llama31-1b-movielens-ranking-lora,candidates,ground_truth,3676,7,1.8125,causal_bypass,causal_bypass
lora_sas,LoRA + SAS,/content/drive/MyDrive/project-ADI/llama31-1b-movielens-ranking-lora,candidates,ground_truth,3676,8,1.25,causal_bypass,causal_bypass
lora_sas,LoRA + SAS,/content/drive/MyDrive/project-ADI/llama31-1b-movielens-ranking-lora,candidates,ground_truth,3676,9,0.24999988079071045,causal_bypass,causal_bypass
lora_sas,LoRA + SAS,/content/drive/MyDrive/project-ADI/llama31-1b-movielens-ranking-lora,candidates,ground_truth,3676,10,3.624999761581421,causal_bypass,causal_bypass
lora_sas,LoRA + SAS,/content/drive/MyDrive/project-ADI/llama31-1b-movielens-ranking-lora,candidates,ground_truth,3676,11,1.25,causal_bypass,causal_bypass
lora_sas,LoRA + SAS,/content/drive/MyDrive/project-ADI/llama31-1b-movielens-ranking-lora,candidates,ground_truth,3676,12,0.125,causal_bypass,causal_bypass
lora_sas,LoRA + SAS,/content/drive/MyDrive/project-ADI/llama31-1b-movielens-ranking-lora,candidates,ground_truth,3676,13,0.0,causal_bypass,causal_bypass
lora_sas,LoRA + SAS,/content/drive/MyDrive/project-ADI/llama31-1b-movielens-ranking-lora,candidates,ground_truth,3676,14,0.375,causal_bypass,causal_bypass
lora_sas,LoRA + SAS,/content/drive/MyDrive/project-ADI/llama31-1b-movielens-ranking-lora,candidates,ground_truth,3676,15,0.4375,causal_bypass,causal_bypass
lora_sas,LoRA + SAS,/content/drive/MyDrive/project-ADI/llama31-1b-movielens-ranking-lora,candidates,model_choice,3676,0,1.625,causal_bypass,causal_bypass
lora_sas,LoRA + SAS,/content/drive/MyDrive/project-ADI/llama31-1b-movielens-ranking-lora,candidates,model_choice,3676,1,1.75,causal_bypass,causal_bypass
lora_sas,LoRA + SAS,/content/drive/MyDrive/project-ADI/llama31-1b-movielens-ranking-lora,candidates,model_choice,3676,2,1.874999761581421,causal_bypass,causal_bypass
lora_sas,LoRA + SAS,/content/drive/MyDrive/project-ADI/llama31-1b-movielens-ranking-lora,candidates,model_choice,3676,3,0.5,causal_bypass,causal_bypass
lora_sas,LoRA + SAS,/content/drive/MyDrive/project-ADI/llama31-1b-movielens-ranking-lora,candidates,model_choice,3676,4,1.5,causal_bypass,causal_bypass
lora_sas,LoRA + SAS,/content/drive/MyDrive/project-ADI/llama31-1b-movielens-ranking-lora,candidates,model_choice,3676,5,1.625,causal_bypass,causal_bypass
lora_sas,LoRA + SAS,/content/drive/MyDrive/project-ADI/llama31-1b-movielens-ranking-lora,candidates,model_choice,3676,6,0.125,causal_bypass,causal_bypass
lora_sas,LoRA + SAS,/content/drive/MyDrive/project-ADI/llama31-1b-movielens-ranking-lora,candidates,model_choice,3676,7,1.8125,causal_bypass,causal_bypass
lora_sas,LoRA + SAS,/content/drive/MyDrive/project-ADI/llama31-1b-movielens-ranking-lora,candidates,model_choice,3676,8,1.25,causal_bypass,causal_bypass
lora_sas,LoRA + SAS,/content/drive/MyDrive/project-ADI/llama31-1b-movielens-ranking-lora,candidates,model_choice,3676,9,0.24999988079071045,causal_bypass,causal_bypass
lora_sas,LoRA + SAS,/content/drive/MyDrive/project-ADI/llama31-1b-movielens-ranking-lora,candidates,model_choice,3676,10,3.624999761581421,causal_bypass,causal_bypass
lora_sas,LoRA + SAS,/content/drive/MyDrive/project-ADI/llama31-1b-movielens-ranking-lora,candidates,model_choice,3676,11,1.25,causal_bypass,causal_bypass
lora_sas,LoRA + SAS,/content/drive/MyDrive/project-ADI/llama31-1b-movielens-ranking-lora,candidates,model_choice,3676,12,0.125,causal_bypass,causal_bypass
lora_sas,LoRA + SAS,/content/drive/MyDrive/project-ADI/llama31-1b-movielens-ranking-lora,candidates,model_choice,3676,13,0.0,causal_bypass,causal_bypass
lora_sas,LoRA + SAS,/content/drive/MyDrive/project-ADI/llama31-1b-movielens-ranking-lora,candidates,model_choice,3676,14,0.375,causal_bypass,causal_bypass
lora_sas,LoRA + SAS,/content/drive/MyDrive/project-ADI/llama31-1b-movielens-ranking-lora,candidates,model_choice,3676,15,0.4375,causal_bypass,causal_bypass
lora_sas,LoRA + SAS,/content/drive/MyDrive/project-ADI/llama31-1b-movielens-ranking-lora,candidates,ground_truth,4080,0,3.34375,causal_bypass,causal_bypass
lora_sas,LoRA + SAS,/content/drive/MyDrive/project-ADI/llama31-1b-movielens-ranking-lora,candidates,ground_truth,4080,1,1.875,causal_bypass,causal_bypass
lora_sas,LoRA + SAS,/content/drive/MyDrive/project-ADI/llama31-1b-movielens-ranking-lora,candidates,ground_truth,4080,2,0.4375,causal_bypass,causal_bypass
lora_sas,LoRA + SAS,/content/drive/MyDrive/project-ADI/llama31-1b-movielens-ranking-lora,candidates,ground_truth,4080,3,0.0,causal_bypass,causal_bypass
lora_sas,LoRA + SAS,/content/drive/MyDrive/project-ADI/llama31-1b-movielens-ranking-lora,candidates,ground_truth,4080,4,4.125,causal_bypass,causal_bypass
lora_sas,LoRA + SAS,/content/drive/MyDrive/project-ADI/llama31-1b-movielens-ranking-lora,candidates,ground_truth,4080,5,0.625,causal_bypass,causal_bypass
lora_sas,LoRA + SAS,/content/drive/MyDrive/project-ADI/llama31-1b-movielens-ranking-lora,candidates,ground_truth,4080,6,1.625,causal_bypass,causal_bypass
lora_sas,LoRA + SAS,/content/drive/MyDrive/project-ADI/llama31-1b-movielens-ranking-lora,candidates,ground_truth,4080,7,0.1875,causal_bypass,causal_bypass
lora_sas,LoRA + SAS,/content/drive/MyDrive/project-ADI/llama31-1b-movielens-ranking-lora,candidates,ground_truth,4080,8,0.9375,causal_bypass,causal_bypass
lora_sas,LoRA + SAS,/content/drive/MyDrive/project-ADI/llama31-1b-movielens-ranking-lora,candidates,ground_truth,4080,9,2.375,causal_bypass,causal_bypass
lora_sas,LoRA + SAS,/content/drive/MyDrive/project-ADI/llama31-1b-movielens-ranking-lora,candidates,ground_truth,4080,10,2.0,causal_bypass,causal_bypass
lora_sas,LoRA + SAS,/content/drive/MyDrive/project-ADI/llama31-1b-movielens-ranking-lora,candidates,ground_truth,4080,11,0.625,causal_bypass,causal_bypass
lora_sas,LoRA + SAS,/content/drive/MyDrive/project-ADI/llama31-1b-movielens-ranking-lora,candidates,ground_truth,4080,12,0.875,causal_bypass,causal_bypass
lora_sas,LoRA + SAS,/content/drive/MyDrive/project-ADI/llama31-1b-movielens-ranking-lora,candidates,ground_truth,4080,13,0.9999997615814209,causal_bypass,causal_bypass
lora_sas,LoRA + SAS,/content/drive/MyDrive/project-ADI/llama31-1b-movielens-ranking-lora,candidates,ground_truth,4080,14,1.4375,causal_bypass,causal_bypass
lora_sas,LoRA + SAS,/content/drive/MyDrive/project-ADI/llama31-1b-movielens-ranking-lora,candidates,ground_truth,4080,15,1.8125,causal_bypass,causal_bypass
lora_sas,LoRA + SAS,/content/drive/MyDrive/project-ADI/llama31-1b-movielens-ranking-lora,candidates,model_choice,4080,0,3.78125,causal_bypass,causal_bypass
lora_sas,LoRA + SAS,/content/drive/MyDrive/project-ADI/llama31-1b-movielens-ranking-lora,candidates,model_choice,4080,1,2.0625,causal_bypass,causal_bypass
lora_sas,LoRA + SAS,/content/drive/MyDrive/project-ADI/llama31-1b-movielens-ranking-lora,candidates,model_choice,4080,2,0.5,causal_bypass,causal_bypass
lora_sas,LoRA + SAS,/content/drive/MyDrive/project-ADI/llama31-1b-movielens-ranking-lora,candidates,model_choice,4080,3,1.0,causal_bypass,causal_bypass
lora_sas,LoRA + SAS,/content/drive/MyDrive/project-ADI/llama31-1b-movielens-ranking-lora,candidates,model_choice,4080,4,3.625,causal_bypass,causal_bypass
lora_sas,LoRA + SAS,/content/drive/MyDrive/project-ADI/llama31-1b-movielens-ranking-lora,candidates,model_choice,4080,5,1.5,causal_bypass,causal_bypass
lora_sas,LoRA + SAS,/content/drive/MyDrive/project-ADI/llama31-1b-movielens-ranking-lora,candidates,model_choice,4080,6,0.75,causal_bypass,causal_bypass
lora_sas,LoRA + SAS,/content/drive/MyDrive/project-ADI/llama31-1b-movielens-ranking-lora,candidates,model_choice,4080,7,0.0,causal_bypass,causal_bypass
lora_sas,LoRA + SAS,/content/drive/MyDrive/project-ADI/llama31-1b-movielens-ranking-lora,candidates,model_choice,4080,8,0.375,causal_bypass,causal_bypass
lora_sas,LoRA + SAS,/content/drive/MyDrive/project-ADI/llama31-1b-movielens-ranking-lora,candidates,model_choice,4080,9,1.875,causal_bypass,causal_bypass
lora_sas,LoRA + SAS,/content/drive/MyDrive/project-ADI/llama31-1b-movielens-ranking-lora,candidates,model_choice,4080,10,2.9375,causal_bypass,causal_bypass
lora_sas,LoRA + SAS,/content/drive/MyDrive/project-ADI/llama31-1b-movielens-ranking-lora,candidates,model_choice,4080,11,0.25,causal_bypass,causal_bypass
lora_sas,LoRA + SAS,/content/drive/MyDrive/project-ADI/llama31-1b-movielens-ranking-lora,candidates,model_choice,4080,12,0.0,causal_bypass,causal_bypass
lora_sas,LoRA + SAS,/content/drive/MyDrive/project-ADI/llama31-1b-movielens-ranking-lora,candidates,model_choice,4080,13,0.625,causal_bypass,causal_bypass
lora_sas,LoRA + SAS,/content/drive/MyDrive/project-ADI/llama31-1b-movielens-ranking-lora,candidates,model_choice,4080,14,2.25,causal_bypass,causal_bypass
lora_sas,LoRA + SAS,/content/drive/MyDrive/project-ADI/llama31-1b-movielens-ranking-lora,candidates,model_choice,4080,15,0.5,causal_bypass,causal_bypass
lora_sas,LoRA + SAS,/content/drive/MyDrive/project-ADI/llama31-1b-movielens-ranking-lora,candidates,ground_truth,4500,0,0.8124998807907104,causal_bypass,causal_bypass
lora_sas,LoRA + SAS,/content/drive/MyDrive/project-ADI/llama31-1b-movielens-ranking-lora,candidates,ground_truth,4500,1,2.1874998807907104,causal_bypass,causal_bypass
lora_sas,LoRA + SAS,/content/drive/MyDrive/project-ADI/llama31-1b-movielens-ranking-lora,candidates,ground_truth,4500,2,1.1874998807907104,causal_bypass,causal_bypass
lora_sas,LoRA + SAS,/content/drive/MyDrive/project-ADI/llama31-1b-movielens-ranking-lora,candidates,ground_truth,4500,3,0.9999997615814209,causal_bypass,causal_bypass
lora_sas,LoRA + SAS,/content/drive/MyDrive/project-ADI/llama31-1b-movielens-ranking-lora,candidates,ground_truth,4500,4,1.5000001192092896,causal_bypass,causal_bypass
lora_sas,LoRA + SAS,/content/drive/MyDrive/project-ADI/llama31-1b-movielens-ranking-lora,candidates,ground_truth,4500,5,1.5624998807907104,causal_bypass,causal_bypass
lora_sas,LoRA + SAS,/content/drive/MyDrive/project-ADI/llama31-1b-movielens-ranking-lora,candidates,ground_truth,4500,6,0.7499998807907104,causal_bypass,causal_bypass
lora_sas,LoRA + SAS,/content/drive/MyDrive/project-ADI/llama31-1b-movielens-ranking-lora,candidates,ground_truth,4500,7,0.6875001192092896,causal_bypass,causal_bypass
lora_sas,LoRA + SAS,/content/drive/MyDrive/project-ADI/llama31-1b-movielens-ranking-lora,candidates,ground_truth,4500,8,0.8749998807907104,causal_bypass,causal_bypass
lora_sas,LoRA + SAS,/content/drive/MyDrive/project-ADI/llama31-1b-movielens-ranking-lora,candidates,ground_truth,4500,9,0.6250001192092896,causal_bypass,causal_bypass
lora_sas,LoRA + SAS,/content/drive/MyDrive/project-ADI/llama31-1b-movielens-ranking-lora,candidates,ground_truth,4500,10,3.7499998807907104,causal_bypass,causal_bypass
lora_sas,LoRA + SAS,/content/drive/MyDrive/project-ADI/llama31-1b-movielens-ranking-lora,candidates,ground_truth,4500,11,1.7500001192092896,causal_bypass,causal_bypass
lora_sas,LoRA + SAS,/content/drive/MyDrive/project-ADI/llama31-1b-movielens-ranking-lora,candidates,ground_truth,4500,12,0.7499998807907104,causal_bypass,causal_bypass
lora_sas,LoRA + SAS,/content/drive/MyDrive/project-ADI/llama31-1b-movielens-ranking-lora,candidates,ground_truth,4500,13,0.24999988079071045,causal_bypass,causal_bypass
lora_sas,LoRA + SAS,/content/drive/MyDrive/project-ADI/llama31-1b-movielens-ranking-lora,candidates,ground_truth,4500,14,1.1874998807907104,causal_bypass,causal_bypass
lora_sas,LoRA + SAS,/content/drive/MyDrive/project-ADI/llama31-1b-movielens-ranking-lora,candidates,ground_truth,4500,15,1.1875001192092896,causal_bypass,causal_bypass
lora_sas,LoRA + SAS,/content/drive/MyDrive/project-ADI/llama31-1b-movielens-ranking-lora,candidates,model_choice,4500,0,1.8125,causal_bypass,causal_bypass
lora_sas,LoRA + SAS,/content/drive/MyDrive/project-ADI/llama31-1b-movielens-ranking-lora,candidates,model_choice,4500,1,1.9375,causal_bypass,causal_bypass
lora_sas,LoRA + SAS,/content/drive/MyDrive/project-ADI/llama31-1b-movielens-ranking-lora,candidates,model_choice,4500,2,1.25,causal_bypass,causal_bypass
lora_sas,LoRA + SAS,/content/drive/MyDrive/project-ADI/llama31-1b-movielens-ranking-lora,candidates,model_choice,4500,3,0.7500001192092896,causal_bypass,causal_bypass
lora_sas,LoRA + SAS,/content/drive/MyDrive/project-ADI/llama31-1b-movielens-ranking-lora,candidates,model_choice,4500,4,1.2500001192092896,causal_bypass,causal_bypass
lora_sas,LoRA + SAS,/content/drive/MyDrive/project-ADI/llama31-1b-movielens-ranking-lora,candidates,model_choice,4500,5,0.0625,causal_bypass,causal_bypass
lora_sas,LoRA + SAS,/content/drive/MyDrive/project-ADI/llama31-1b-movielens-ranking-lora,candidates,model_choice,4500,6,0.0,causal_bypass,causal_bypass
lora_sas,LoRA + SAS,/content/drive/MyDrive/project-ADI/llama31-1b-movielens-ranking-lora,candidates,model_choice,4500,7,1.75,causal_bypass,causal_bypass
lora_sas,LoRA + SAS,/content/drive/MyDrive/project-ADI/llama31-1b-movielens-ranking-lora,candidates,model_choice,4500,8,0.0,causal_bypass,causal_bypass
lora_sas,LoRA + SAS,/content/drive/MyDrive/project-ADI/llama31-1b-movielens-ranking-lora,candidates,model_choice,4500,9,0.625,causal_bypass,causal_bypass
lora_sas,LoRA + SAS,/content/drive/MyDrive/project-ADI/llama31-1b-movielens-ranking-lora,candidates,model_choice,4500,10,1.0,causal_bypass,causal_bypass
lora_sas,LoRA + SAS,/content/drive/MyDrive/project-ADI/llama31-1b-movielens-ranking-lora,candidates,model_choice,4500,11,0.6250001192092896,causal_bypass,causal_bypass
lora_sas,LoRA + SAS,/content/drive/MyDrive/project-ADI/llama31-1b-movielens-ranking-lora,candidates,model_choice,4500,12,0.5,causal_bypass,causal_bypass
lora_sas,LoRA + SAS,/content/drive/MyDrive/project-ADI/llama31-1b-movielens-ranking-lora,candidates,model_choice,4500,13,1.875000238418579,causal_bypass,causal_bypass
lora_sas,LoRA + SAS,/content/drive/MyDrive/project-ADI/llama31-1b-movielens-ranking-lora,candidates,model_choice,4500,14,0.75,causal_bypass,causal_bypass
lora_sas,LoRA + SAS,/content/drive/MyDrive/project-ADI/llama31-1b-movielens-ranking-lora,candidates,model_choice,4500,15,1.1875,causal_bypass,causal_bypass
lora_sas,LoRA + SAS,/content/drive/MyDrive/project-ADI/llama31-1b-movielens-ranking-lora,candidates,ground_truth,4660,0,2.90625,causal_bypass,causal_bypass
lora_sas,LoRA + SAS,/content/drive/MyDrive/project-ADI/llama31-1b-movielens-ranking-lora,candidates,ground_truth,4660,1,1.124999761581421,causal_bypass,causal_bypass
lora_sas,LoRA + SAS,/content/drive/MyDrive/project-ADI/llama31-1b-movielens-ranking-lora,candidates,ground_truth,4660,2,0.3125,causal_bypass,causal_bypass
lora_sas,LoRA + SAS,/content/drive/MyDrive/project-ADI/llama31-1b-movielens-ranking-lora,candidates,ground_truth,4660,3,1.125,causal_bypass,causal_bypass
lora_sas,LoRA + SAS,/content/drive/MyDrive/project-ADI/llama31-1b-movielens-ranking-lora,candidates,ground_truth,4660,4,3.25,causal_bypass,causal_bypass
lora_sas,LoRA + SAS,/content/drive/MyDrive/project-ADI/llama31-1b-movielens-ranking-lora,candidates,ground_truth,4660,5,1.0,causal_bypass,causal_bypass
lora_sas,LoRA + SAS,/content/drive/MyDrive/project-ADI/llama31-1b-movielens-ranking-lora,candidates,ground_truth,4660,6,0.8750001192092896,causal_bypass,causal_bypass
lora_sas,LoRA + SAS,/content/drive/MyDrive/project-ADI/llama31-1b-movielens-ranking-lora,candidates,ground_truth,4660,7,0.375,causal_bypass,causal_bypass
lora_sas,LoRA + SAS,/content/drive/MyDrive/project-ADI/llama31-1b-movielens-ranking-lora,candidates,ground_truth,4660,8,2.125,causal_bypass,causal_bypass
lora_sas,LoRA + SAS,/content/drive/MyDrive/project-ADI/llama31-1b-movielens-ranking-lora,candidates,ground_truth,4660,9,0.1250002384185791,causal_bypass,causal_bypass
lora_sas,LoRA + SAS,/content/drive/MyDrive/project-ADI/llama31-1b-movielens-ranking-lora,candidates,ground_truth,4660,10,1.5,causal_bypass,causal_bypass
lora_sas,LoRA + SAS,/content/drive/MyDrive/project-ADI/llama31-1b-movielens-ranking-lora,candidates,ground_truth,4660,11,1.7499998807907104,causal_bypass,causal_bypass
lora_sas,LoRA + SAS,/content/drive/MyDrive/project-ADI/llama31-1b-movielens-ranking-lora,candidates,ground_truth,4660,12,0.375,causal_bypass,causal_bypass
lora_sas,LoRA + SAS,/content/drive/MyDrive/project-ADI/llama31-1b-movielens-ranking-lora,candidates,ground_truth,4660,13,0.375,causal_bypass,causal_bypass
lora_sas,LoRA + SAS,/content/drive/MyDrive/project-ADI/llama31-1b-movielens-ranking-lora,candidates,ground_truth,4660,14,1.5,causal_bypass,causal_bypass
lora_sas,LoRA + SAS,/content/drive/MyDrive/project-ADI/llama31-1b-movielens-ranking-lora,candidates,ground_truth,4660,15,3.3125,causal_bypass,causal_bypass
lora_sas,LoRA + SAS,/content/drive/MyDrive/project-ADI/llama31-1b-movielens-ranking-lora,candidates,model_choice,4660,0,0.25,causal_bypass,causal_bypass
lora_sas,LoRA + SAS,/content/drive/MyDrive/project-ADI/llama31-1b-movielens-ranking-lora,candidates,model_choice,4660,1,0.3125002384185791,causal_bypass,causal_bypass
lora_sas,LoRA + SAS,/content/drive/MyDrive/project-ADI/llama31-1b-movielens-ranking-lora,candidates,model_choice,4660,2,2.125,causal_bypass,causal_bypass
lora_sas,LoRA + SAS,/content/drive/MyDrive/project-ADI/llama31-1b-movielens-ranking-lora,candidates,model_choice,4660,3,0.75,causal_bypass,causal_bypass
lora_sas,LoRA + SAS,/content/drive/MyDrive/project-ADI/llama31-1b-movielens-ranking-lora,candidates,model_choice,4660,4,2.75,causal_bypass,causal_bypass
lora_sas,LoRA + SAS,/content/drive/MyDrive/project-ADI/llama31-1b-movielens-ranking-lora,candidates,model_choice,4660,5,0.375,causal_bypass,causal_bypass
lora_sas,LoRA + SAS,/content/drive/MyDrive/project-ADI/llama31-1b-movielens-ranking-lora,candidates,model_choice,4660,6,0.6249998807907104,causal_bypass,causal_bypass
lora_sas,LoRA + SAS,/content/drive/MyDrive/project-ADI/llama31-1b-movielens-ranking-lora,candidates,model_choice,4660,7,0.0,causal_bypass,causal_bypass
lora_sas,LoRA + SAS,/content/drive/MyDrive/project-ADI/llama31-1b-movielens-ranking-lora,candidates,model_choice,4660,8,1.0625,causal_bypass,causal_bypass
lora_sas,LoRA + SAS,/content/drive/MyDrive/project-ADI/llama31-1b-movielens-ranking-lora,candidates,model_choice,4660,9,0.25,causal_bypass,causal_bypass
lora_sas,LoRA + SAS,/content/drive/MyDrive/project-ADI/llama31-1b-movielens-ranking-lora,candidates,model_choice,4660,10,1.4375,causal_bypass,causal_bypass
lora_sas,LoRA + SAS,/content/drive/MyDrive/project-ADI/llama31-1b-movielens-ranking-lora,candidates,model_choice,4660,11,0.25,causal_bypass,causal_bypass
lora_sas,LoRA + SAS,/content/drive/MyDrive/project-ADI/llama31-1b-movielens-ranking-lora,candidates,model_choice,4660,12,0.3750000596046448,causal_bypass,causal_bypass
lora_sas,LoRA + SAS,/content/drive/MyDrive/project-ADI/llama31-1b-movielens-ranking-lora,candidates,model_choice,4660,13,1.375,causal_bypass,causal_bypass
lora_sas,LoRA + SAS,/content/drive/MyDrive/project-ADI/llama31-1b-movielens-ranking-lora,candidates,model_choice,4660,14,1.874999761581421,causal_bypass,causal_bypass
lora_sas,LoRA + SAS,/content/drive/MyDrive/project-ADI/llama31-1b-movielens-ranking-lora,candidates,model_choice,4660,15,0.5,causal_bypass,causal_bypass
lora_sas,LoRA + SAS,/content/drive/MyDrive/project-ADI/llama31-1b-movielens-ranking-lora,candidates,ground_truth,4722,0,2.5625,causal_bypass,causal_bypass
lora_sas,LoRA + SAS,/content/drive/MyDrive/project-ADI/llama31-1b-movielens-ranking-lora,candidates,ground_truth,4722,1,2.0625,causal_bypass,causal_bypass
lora_sas,LoRA + SAS,/content/drive/MyDrive/project-ADI/llama31-1b-movielens-ranking-lora,candidates,ground_truth,4722,2,0.5,causal_bypass,causal_bypass
lora_sas,LoRA + SAS,/content/drive/MyDrive/project-ADI/llama31-1b-movielens-ranking-lora,candidates,ground_truth,4722,3,0.375,causal_bypass,causal_bypass
lora_sas,LoRA + SAS,/content/drive/MyDrive/project-ADI/llama31-1b-movielens-ranking-lora,candidates,ground_truth,4722,4,2.375,causal_bypass,causal_bypass
lora_sas,LoRA + SAS,/content/drive/MyDrive/project-ADI/llama31-1b-movielens-ranking-lora,candidates,ground_truth,4722,5,1.3125,causal_bypass,causal_bypass
lora_sas,LoRA + SAS,/content/drive/MyDrive/project-ADI/llama31-1b-movielens-ranking-lora,candidates,ground_truth,4722,6,0.1875,causal_bypass,causal_bypass
lora_sas,LoRA + SAS,/content/drive/MyDrive/project-ADI/llama31-1b-movielens-ranking-lora,candidates,ground_truth,4722,7,0.3125,causal_bypass,causal_bypass
lora_sas,LoRA + SAS,/content/drive/MyDrive/project-ADI/llama31-1b-movielens-ranking-lora,candidates,ground_truth,4722,8,0.875,causal_bypass,causal_bypass
lora_sas,LoRA + SAS,/content/drive/MyDrive/project-ADI/llama31-1b-movielens-ranking-lora,candidates,ground_truth,4722,9,0.5,causal_bypass,causal_bypass
lora_sas,LoRA + SAS,/content/drive/MyDrive/project-ADI/llama31-1b-movielens-ranking-lora,candidates,ground_truth,4722,10,0.625,causal_bypass,causal_bypass
lora_sas,LoRA + SAS,/content/drive/MyDrive/project-ADI/llama31-1b-movielens-ranking-lora,candidates,ground_truth,4722,11,0.25,causal_bypass,causal_bypass
lora_sas,LoRA + SAS,/content/drive/MyDrive/project-ADI/llama31-1b-movielens-ranking-lora,candidates,ground_truth,4722,12,1.0,causal_bypass,causal_bypass
lora_sas,LoRA + SAS,/content/drive/MyDrive/project-ADI/llama31-1b-movielens-ranking-lora,candidates,ground_truth,4722,13,0.5,causal_bypass,causal_bypass
lora_sas,LoRA + SAS,/content/drive/MyDrive/project-ADI/llama31-1b-movielens-ranking-lora,candidates,ground_truth,4722,14,1.625,causal_bypass,causal_bypass
lora_sas,LoRA + SAS,/content/drive/MyDrive/project-ADI/llama31-1b-movielens-ranking-lora,candidates,ground_truth,4722,15,1.625,causal_bypass,causal_bypass
lora_sas,LoRA + SAS,/content/drive/MyDrive/project-ADI/llama31-1b-movielens-ranking-lora,candidates,model_choice,4722,0,2.5625,causal_bypass,causal_bypass
lora_sas,LoRA + SAS,/content/drive/MyDrive/project-ADI/llama31-1b-movielens-ranking-lora,candidates,model_choice,4722,1,2.0625,causal_bypass,causal_bypass
lora_sas,LoRA + SAS,/content/drive/MyDrive/project-ADI/llama31-1b-movielens-ranking-lora,candidates,model_choice,4722,2,0.5,causal_bypass,causal_bypass
lora_sas,LoRA + SAS,/content/drive/MyDrive/project-ADI/llama31-1b-movielens-ranking-lora,candidates,model_choice,4722,3,0.375,causal_bypass,causal_bypass
lora_sas,LoRA + SAS,/content/drive/MyDrive/project-ADI/llama31-1b-movielens-ranking-lora,candidates,model_choice,4722,4,2.375,causal_bypass,causal_bypass
lora_sas,LoRA + SAS,/content/drive/MyDrive/project-ADI/llama31-1b-movielens-ranking-lora,candidates,model_choice,4722,5,1.3125,causal_bypass,causal_bypass
lora_sas,LoRA + SAS,/content/drive/MyDrive/project-ADI/llama31-1b-movielens-ranking-lora,candidates,model_choice,4722,6,0.1875,causal_bypass,causal_bypass
lora_sas,LoRA + SAS,/content/drive/MyDrive/project-ADI/llama31-1b-movielens-ranking-lora,candidates,model_choice,4722,7,0.3125,causal_bypass,causal_bypass
lora_sas,LoRA + SAS,/content/drive/MyDrive/project-ADI/llama31-1b-movielens-ranking-lora,candidates,model_choice,4722,8,0.875,causal_bypass,causal_bypass
lora_sas,LoRA + SAS,/content/drive/MyDrive/project-ADI/llama31-1b-movielens-ranking-lora,candidates,model_choice,4722,9,0.5,causal_bypass,causal_bypass
lora_sas,LoRA + SAS,/content/drive/MyDrive/project-ADI/llama31-1b-movielens-ranking-lora,candidates,model_choice,4722,10,0.625,causal_bypass,causal_bypass
lora_sas,LoRA + SAS,/content/drive/MyDrive/project-ADI/llama31-1b-movielens-ranking-lora,candidates,model_choice,4722,11,0.25,causal_bypass,causal_bypass
lora_sas,LoRA + SAS,/content/drive/MyDrive/project-ADI/llama31-1b-movielens-ranking-lora,candidates,model_choice,4722,12,1.0,causal_bypass,causal_bypass
lora_sas,LoRA + SAS,/content/drive/MyDrive/project-ADI/llama31-1b-movielens-ranking-lora,candidates,model_choice,4722,13,0.5,causal_bypass,causal_bypass
lora_sas,LoRA + SAS,/content/drive/MyDrive/project-ADI/llama31-1b-movielens-ranking-lora,candidates,model_choice,4722,14,1.625,causal_bypass,causal_bypass
lora_sas,LoRA + SAS,/content/drive/MyDrive/project-ADI/llama31-1b-movielens-ranking-lora,candidates,model_choice,4722,15,1.625,causal_bypass,causal_bypass
lora_sas,LoRA + SAS,/content/drive/MyDrive/project-ADI/llama31-1b-movielens-ranking-lora,candidates,ground_truth,4888,0,7.9374998807907104,causal_bypass,causal_bypass
lora_sas,LoRA + SAS,/content/drive/MyDrive/project-ADI/llama31-1b-movielens-ranking-lora,candidates,ground_truth,4888,1,3.1249998807907104,causal_bypass,causal_bypass
lora_sas,LoRA + SAS,/content/drive/MyDrive/project-ADI/llama31-1b-movielens-ranking-lora,candidates,ground_truth,4888,2,1.2499998807907104,causal_bypass,causal_bypass
lora_sas,LoRA + SAS,/content/drive/MyDrive/project-ADI/llama31-1b-movielens-ranking-lora,candidates,ground_truth,4888,3,1.499999761581421,causal_bypass,causal_bypass
lora_sas,LoRA + SAS,/content/drive/MyDrive/project-ADI/llama31-1b-movielens-ranking-lora,candidates,ground_truth,4888,4,1.1249998807907104,causal_bypass,causal_bypass
lora_sas,LoRA + SAS,/content/drive/MyDrive/project-ADI/llama31-1b-movielens-ranking-lora,candidates,ground_truth,4888,5,2.4999998807907104,causal_bypass,causal_bypass
lora_sas,LoRA + SAS,/content/drive/MyDrive/project-ADI/llama31-1b-movielens-ranking-lora,candidates,ground_truth,4888,6,2.0,causal_bypass,causal_bypass
lora_sas,LoRA + SAS,/content/drive/MyDrive/project-ADI/llama31-1b-movielens-ranking-lora,candidates,ground_truth,4888,7,1.625,causal_bypass,causal_bypass
lora_sas,LoRA + SAS,/content/drive/MyDrive/project-ADI/llama31-1b-movielens-ranking-lora,candidates,ground_truth,4888,8,2.6249998807907104,causal_bypass,causal_bypass
lora_sas,LoRA + SAS,/content/drive/MyDrive/project-ADI/llama31-1b-movielens-ranking-lora,candidates,ground_truth,4888,9,1.4999998807907104,causal_bypass,causal_bypass
lora_sas,LoRA + SAS,/content/drive/MyDrive/project-ADI/llama31-1b-movielens-ranking-lora,candidates,ground_truth,4888,10,4.6874998807907104,causal_bypass,causal_bypass
lora_sas,LoRA + SAS,/content/drive/MyDrive/project-ADI/llama31-1b-movielens-ranking-lora,candidates,ground_truth,4888,11,2.384185791015625e-07,causal_bypass,causal_bypass
lora_sas,LoRA + SAS,/content/drive/MyDrive/project-ADI/llama31-1b-movielens-ranking-lora,candidates,ground_truth,4888,12,0.7499998807907104,causal_bypass,causal_bypass
lora_sas,LoRA + SAS,/content/drive/MyDrive/project-ADI/llama31-1b-movielens-ranking-lora,candidates,ground_truth,4888,13,2.1250001192092896,causal_bypass,causal_bypass
lora_sas,LoRA + SAS,/content/drive/MyDrive/project-ADI/llama31-1b-movielens-ranking-lora,candidates,ground_truth,4888,14,1.625,causal_bypass,causal_bypass
lora_sas,LoRA + SAS,/content/drive/MyDrive/project-ADI/llama31-1b-movielens-ranking-lora,candidates,ground_truth,4888,15,0.06250011920928955,causal_bypass,causal_bypass
lora_sas,LoRA + SAS,/content/drive/MyDrive/project-ADI/llama31-1b-movielens-ranking-lora,candidates,model_choice,4888,0,4.75,causal_bypass,causal_bypass
lora_sas,LoRA + SAS,/content/drive/MyDrive/project-ADI/llama31-1b-movielens-ranking-lora,candidates,model_choice,4888,1,0.875,causal_bypass,causal_bypass
lora_sas,LoRA + SAS,/content/drive/MyDrive/project-ADI/llama31-1b-movielens-ranking-lora,candidates,model_choice,4888,2,0.4375,causal_bypass,causal_bypass
lora_sas,LoRA + SAS,/content/drive/MyDrive/project-ADI/llama31-1b-movielens-ranking-lora,candidates,model_choice,4888,3,1.4999998807907104,causal_bypass,causal_bypass
lora_sas,LoRA + SAS,/content/drive/MyDrive/project-ADI/llama31-1b-movielens-ranking-lora,candidates,model_choice,4888,4,1.1920928955078125e-07,causal_bypass,causal_bypass
lora_sas,LoRA + SAS,/content/drive/MyDrive/project-ADI/llama31-1b-movielens-ranking-lora,candidates,model_choice,4888,5,1.125,causal_bypass,causal_bypass
lora_sas,LoRA + SAS,/content/drive/MyDrive/project-ADI/llama31-1b-movielens-ranking-lora,candidates,model_choice,4888,6,0.125,causal_bypass,causal_bypass
lora_sas,LoRA + SAS,/content/drive/MyDrive/project-ADI/llama31-1b-movielens-ranking-lora,candidates,model_choice,4888,7,0.5,causal_bypass,causal_bypass
lora_sas,LoRA + SAS,/content/drive/MyDrive/project-ADI/llama31-1b-movielens-ranking-lora,candidates,model_choice,4888,8,0.5,causal_bypass,causal_bypass
lora_sas,LoRA + SAS,/content/drive/MyDrive/project-ADI/llama31-1b-movielens-ranking-lora,candidates,model_choice,4888,9,1.375,causal_bypass,causal_bypass
lora_sas,LoRA + SAS,/content/drive/MyDrive/project-ADI/llama31-1b-movielens-ranking-lora,candidates,model_choice,4888,10,1.6875,causal_bypass,causal_bypass
lora_sas,LoRA + SAS,/content/drive/MyDrive/project-ADI/llama31-1b-movielens-ranking-lora,candidates,model_choice,4888,11,0.0,causal_bypass,causal_bypass
lora_sas,LoRA + SAS,/content/drive/MyDrive/project-ADI/llama31-1b-movielens-ranking-lora,candidates,model_choice,4888,12,0.625,causal_bypass,causal_bypass
lora_sas,LoRA + SAS,/content/drive/MyDrive/project-ADI/llama31-1b-movielens-ranking-lora,candidates,model_choice,4888,13,0.625,causal_bypass,causal_bypass
lora_sas,LoRA + SAS,/content/drive/MyDrive/project-ADI/llama31-1b-movielens-ranking-lora,candidates,model_choice,4888,14,0.875,causal_bypass,causal_bypass
lora_sas,LoRA + SAS,/content/drive/MyDrive/project-ADI/llama31-1b-movielens-ranking-lora,candidates,model_choice,4888,15,1.4375,causal_bypass,causal_bypass
lora_sas,LoRA + SAS,/content/drive/MyDrive/project-ADI/llama31-1b-movielens-ranking-lora,candidates,ground_truth,5531,0,1.5625,causal_bypass,causal_bypass
lora_sas,LoRA + SAS,/content/drive/MyDrive/project-ADI/llama31-1b-movielens-ranking-lora,candidates,ground_truth,5531,1,1.0,causal_bypass,causal_bypass
lora_sas,LoRA + SAS,/content/drive/MyDrive/project-ADI/llama31-1b-movielens-ranking-lora,candidates,ground_truth,5531,2,2.4375,causal_bypass,causal_bypass
lora_sas,LoRA + SAS,/content/drive/MyDrive/project-ADI/llama31-1b-movielens-ranking-lora,candidates,ground_truth,5531,3,0.375,causal_bypass,causal_bypass
lora_sas,LoRA + SAS,/content/drive/MyDrive/project-ADI/llama31-1b-movielens-ranking-lora,candidates,ground_truth,5531,4,1.0,causal_bypass,causal_bypass
lora_sas,LoRA + SAS,/content/drive/MyDrive/project-ADI/llama31-1b-movielens-ranking-lora,candidates,ground_truth,5531,5,0.125,causal_bypass,causal_bypass
lora_sas,LoRA + SAS,/content/drive/MyDrive/project-ADI/llama31-1b-movielens-ranking-lora,candidates,ground_truth,5531,6,0.375,causal_bypass,causal_bypass
lora_sas,LoRA + SAS,/content/drive/MyDrive/project-ADI/llama31-1b-movielens-ranking-lora,candidates,ground_truth,5531,7,1.75,causal_bypass,causal_bypass
lora_sas,LoRA + SAS,/content/drive/MyDrive/project-ADI/llama31-1b-movielens-ranking-lora,candidates,ground_truth,5531,8,1.75,causal_bypass,causal_bypass
lora_sas,LoRA + SAS,/content/drive/MyDrive/project-ADI/llama31-1b-movielens-ranking-lora,candidates,ground_truth,5531,9,0.625,causal_bypass,causal_bypass
lora_sas,LoRA + SAS,/content/drive/MyDrive/project-ADI/llama31-1b-movielens-ranking-lora,candidates,ground_truth,5531,10,0.0,causal_bypass,causal_bypass
lora_sas,LoRA + SAS,/content/drive/MyDrive/project-ADI/llama31-1b-movielens-ranking-lora,candidates,ground_truth,5531,11,0.5,causal_bypass,causal_bypass
lora_sas,LoRA + SAS,/content/drive/MyDrive/project-ADI/llama31-1b-movielens-ranking-lora,candidates,ground_truth,5531,12,0.125,causal_bypass,causal_bypass
lora_sas,LoRA + SAS,/content/drive/MyDrive/project-ADI/llama31-1b-movielens-ranking-lora,candidates,ground_truth,5531,13,2.375000238418579,causal_bypass,causal_bypass
lora_sas,LoRA + SAS,/content/drive/MyDrive/project-ADI/llama31-1b-movielens-ranking-lora,candidates,ground_truth,5531,14,1.125,causal_bypass,causal_bypass
lora_sas,LoRA + SAS,/content/drive/MyDrive/project-ADI/llama31-1b-movielens-ranking-lora,candidates,ground_truth,5531,15,0.625,causal_bypass,causal_bypass
lora_sas,LoRA + SAS,/content/drive/MyDrive/project-ADI/llama31-1b-movielens-ranking-lora,candidates,model_choice,5531,0,6.0625,causal_bypass,causal_bypass
lora_sas,LoRA + SAS,/content/drive/MyDrive/project-ADI/llama31-1b-movielens-ranking-lora,candidates,model_choice,5531,1,1.5,causal_bypass,causal_bypass
lora_sas,LoRA + SAS,/content/drive/MyDrive/project-ADI/llama31-1b-movielens-ranking-lora,candidates,model_choice,5531,2,0.625,causal_bypass,causal_bypass
lora_sas,LoRA + SAS,/content/drive/MyDrive/project-ADI/llama31-1b-movielens-ranking-lora,candidates,model_choice,5531,3,0.375,causal_bypass,causal_bypass
lora_sas,LoRA + SAS,/content/drive/MyDrive/project-ADI/llama31-1b-movielens-ranking-lora,candidates,model_choice,5531,4,1.125,causal_bypass,causal_bypass
lora_sas,LoRA + SAS,/content/drive/MyDrive/project-ADI/llama31-1b-movielens-ranking-lora,candidates,model_choice,5531,5,1.5,causal_bypass,causal_bypass
lora_sas,LoRA + SAS,/content/drive/MyDrive/project-ADI/llama31-1b-movielens-ranking-lora,candidates,model_choice,5531,6,1.125,causal_bypass,causal_bypass
lora_sas,LoRA + SAS,/content/drive/MyDrive/project-ADI/llama31-1b-movielens-ranking-lora,candidates,model_choice,5531,7,1.0,causal_bypass,causal_bypass
lora_sas,LoRA + SAS,/content/drive/MyDrive/project-ADI/llama31-1b-movielens-ranking-lora,candidates,model_choice,5531,8,0.375,causal_bypass,causal_bypass
lora_sas,LoRA + SAS,/content/drive/MyDrive/project-ADI/llama31-1b-movielens-ranking-lora,candidates,model_choice,5531,9,0.125,causal_bypass,causal_bypass
lora_sas,LoRA + SAS,/content/drive/MyDrive/project-ADI/llama31-1b-movielens-ranking-lora,candidates,model_choice,5531,10,0.25,causal_bypass,causal_bypass
lora_sas,LoRA + SAS,/content/drive/MyDrive/project-ADI/llama31-1b-movielens-ranking-lora,candidates,model_choice,5531,11,0.125,causal_bypass,causal_bypass
lora_sas,LoRA + SAS,/content/drive/MyDrive/project-ADI/llama31-1b-movielens-ranking-lora,candidates,model_choice,5531,12,0.25,causal_bypass,causal_bypass
lora_sas,LoRA + SAS,/content/drive/MyDrive/project-ADI/llama31-1b-movielens-ranking-lora,candidates,model_choice,5531,13,3.750000238418579,causal_bypass,causal_bypass
lora_sas,LoRA + SAS,/content/drive/MyDrive/project-ADI/llama31-1b-movielens-ranking-lora,candidates,model_choice,5531,14,2.875,causal_bypass,causal_bypass
lora_sas,LoRA + SAS,/content/drive/MyDrive/project-ADI/llama31-1b-movielens-ranking-lora,candidates,model_choice,5531,15,3.625,causal_bypass,causal_bypass
lora_sas,LoRA + SAS,/content/drive/MyDrive/project-ADI/llama31-1b-movielens-ranking-lora,candidates,ground_truth,5536,0,1.625,causal_bypass,causal_bypass
lora_sas,LoRA + SAS,/content/drive/MyDrive/project-ADI/llama31-1b-movielens-ranking-lora,candidates,ground_truth,5536,1,1.375,causal_bypass,causal_bypass
lora_sas,LoRA + SAS,/content/drive/MyDrive/project-ADI/llama31-1b-movielens-ranking-lora,candidates,ground_truth,5536,2,2.999999761581421,causal_bypass,causal_bypass
lora_sas,LoRA + SAS,/content/drive/MyDrive/project-ADI/llama31-1b-movielens-ranking-lora,candidates,ground_truth,5536,3,2.75,causal_bypass,causal_bypass
lora_sas,LoRA + SAS,/content/drive/MyDrive/project-ADI/llama31-1b-movielens-ranking-lora,candidates,ground_truth,5536,4,1.75,causal_bypass,causal_bypass
lora_sas,LoRA + SAS,/content/drive/MyDrive/project-ADI/llama31-1b-movielens-ranking-lora,candidates,ground_truth,5536,5,1.375,causal_bypass,causal_bypass
lora_sas,LoRA + SAS,/content/drive/MyDrive/project-ADI/llama31-1b-movielens-ranking-lora,candidates,ground_truth,5536,6,1.5,causal_bypass,causal_bypass
lora_sas,LoRA + SAS,/content/drive/MyDrive/project-ADI/llama31-1b-movielens-ranking-lora,candidates,ground_truth,5536,7,0.5,causal_bypass,causal_bypass
lora_sas,LoRA + SAS,/content/drive/MyDrive/project-ADI/llama31-1b-movielens-ranking-lora,candidates,ground_truth,5536,8,2.125,causal_bypass,causal_bypass
lora_sas,LoRA + SAS,/content/drive/MyDrive/project-ADI/llama31-1b-movielens-ranking-lora,candidates,ground_truth,5536,9,0.3749997615814209,causal_bypass,causal_bypass
lora_sas,LoRA + SAS,/content/drive/MyDrive/project-ADI/llama31-1b-movielens-ranking-lora,candidates,ground_truth,5536,10,1.25,causal_bypass,causal_bypass
lora_sas,LoRA + SAS,/content/drive/MyDrive/project-ADI/llama31-1b-movielens-ranking-lora,candidates,ground_truth,5536,11,1.125,causal_bypass,causal_bypass
lora_sas,LoRA + SAS,/content/drive/MyDrive/project-ADI/llama31-1b-movielens-ranking-lora,candidates,ground_truth,5536,12,0.5,causal_bypass,causal_bypass
lora_sas,LoRA + SAS,/content/drive/MyDrive/project-ADI/llama31-1b-movielens-ranking-lora,candidates,ground_truth,5536,13,0.875,causal_bypass,causal_bypass
lora_sas,LoRA + SAS,/content/drive/MyDrive/project-ADI/llama31-1b-movielens-ranking-lora,candidates,ground_truth,5536,14,0.75,causal_bypass,causal_bypass
lora_sas,LoRA + SAS,/content/drive/MyDrive/project-ADI/llama31-1b-movielens-ranking-lora,candidates,ground_truth,5536,15,3.625,causal_bypass,causal_bypass
lora_sas,LoRA + SAS,/content/drive/MyDrive/project-ADI/llama31-1b-movielens-ranking-lora,candidates,model_choice,5536,0,1.28125,causal_bypass,causal_bypass
lora_sas,LoRA + SAS,/content/drive/MyDrive/project-ADI/llama31-1b-movielens-ranking-lora,candidates,model_choice,5536,1,1.6875,causal_bypass,causal_bypass
lora_sas,LoRA + SAS,/content/drive/MyDrive/project-ADI/llama31-1b-movielens-ranking-lora,candidates,model_choice,5536,2,2.999999761581421,causal_bypass,causal_bypass
lora_sas,LoRA + SAS,/content/drive/MyDrive/project-ADI/llama31-1b-movielens-ranking-lora,candidates,model_choice,5536,3,2.375,causal_bypass,causal_bypass
lora_sas,LoRA + SAS,/content/drive/MyDrive/project-ADI/llama31-1b-movielens-ranking-lora,candidates,model_choice,5536,4,3.625,causal_bypass,causal_bypass
lora_sas,LoRA + SAS,/content/drive/MyDrive/project-ADI/llama31-1b-movielens-ranking-lora,candidates,model_choice,5536,5,3.25,causal_bypass,causal_bypass
lora_sas,LoRA + SAS,/content/drive/MyDrive/project-ADI/llama31-1b-movielens-ranking-lora,candidates,model_choice,5536,6,1.875,causal_bypass,causal_bypass
lora_sas,LoRA + SAS,/content/drive/MyDrive/project-ADI/llama31-1b-movielens-ranking-lora,candidates,model_choice,5536,7,1.875,causal_bypass,causal_bypass
lora_sas,LoRA + SAS,/content/drive/MyDrive/project-ADI/llama31-1b-movielens-ranking-lora,candidates,model_choice,5536,8,1.5,causal_bypass,causal_bypass
lora_sas,LoRA + SAS,/content/drive/MyDrive/project-ADI/llama31-1b-movielens-ranking-lora,candidates,model_choice,5536,9,0.75,causal_bypass,causal_bypass
lora_sas,LoRA + SAS,/content/drive/MyDrive/project-ADI/llama31-1b-movielens-ranking-lora,candidates,model_choice,5536,10,0.75,causal_bypass,causal_bypass
lora_sas,LoRA + SAS,/content/drive/MyDrive/project-ADI/llama31-1b-movielens-ranking-lora,candidates,model_choice,5536,11,0.75,causal_bypass,causal_bypass
lora_sas,LoRA + SAS,/content/drive/MyDrive/project-ADI/llama31-1b-movielens-ranking-lora,candidates,model_choice,5536,12,0.5,causal_bypass,causal_bypass
lora_sas,LoRA + SAS,/content/drive/MyDrive/project-ADI/llama31-1b-movielens-ranking-lora,candidates,model_choice,5536,13,0.0,causal_bypass,causal_bypass
lora_sas,LoRA + SAS,/content/drive/MyDrive/project-ADI/llama31-1b-movielens-ranking-lora,candidates,model_choice,5536,14,0.25,causal_bypass,causal_bypass
lora_sas,LoRA + SAS,/content/drive/MyDrive/project-ADI/llama31-1b-movielens-ranking-lora,candidates,model_choice,5536,15,3.4375,causal_bypass,causal_bypass
lora_sas,LoRA + SAS,/content/drive/MyDrive/project-ADI/llama31-1b-movielens-ranking-lora,candidates,ground_truth,5795,0,0.125,causal_bypass,causal_bypass
lora_sas,LoRA + SAS,/content/drive/MyDrive/project-ADI/llama31-1b-movielens-ranking-lora,candidates,ground_truth,5795,1,1.625,causal_bypass,causal_bypass
lora_sas,LoRA + SAS,/content/drive/MyDrive/project-ADI/llama31-1b-movielens-ranking-lora,candidates,ground_truth,5795,2,3.6875,causal_bypass,causal_bypass
lora_sas,LoRA + SAS,/content/drive/MyDrive/project-ADI/llama31-1b-movielens-ranking-lora,candidates,ground_truth,5795,3,3.2499998807907104,causal_bypass,causal_bypass
lora_sas,LoRA + SAS,/content/drive/MyDrive/project-ADI/llama31-1b-movielens-ranking-lora,candidates,ground_truth,5795,4,2.25,causal_bypass,causal_bypass
lora_sas,LoRA + SAS,/content/drive/MyDrive/project-ADI/llama31-1b-movielens-ranking-lora,candidates,ground_truth,5795,5,1.625,causal_bypass,causal_bypass
lora_sas,LoRA + SAS,/content/drive/MyDrive/project-ADI/llama31-1b-movielens-ranking-lora,candidates,ground_truth,5795,6,1.625,causal_bypass,causal_bypass
lora_sas,LoRA + SAS,/content/drive/MyDrive/project-ADI/llama31-1b-movielens-ranking-lora,candidates,ground_truth,5795,7,1.125,causal_bypass,causal_bypass
lora_sas,LoRA + SAS,/content/drive/MyDrive/project-ADI/llama31-1b-movielens-ranking-lora,candidates,ground_truth,5795,8,2.3125,causal_bypass,causal_bypass
lora_sas,LoRA + SAS,/content/drive/MyDrive/project-ADI/llama31-1b-movielens-ranking-lora,candidates,ground_truth,5795,9,0.375,causal_bypass,causal_bypass
lora_sas,LoRA + SAS,/content/drive/MyDrive/project-ADI/llama31-1b-movielens-ranking-lora,candidates,ground_truth,5795,10,2.375,causal_bypass,causal_bypass
lora_sas,LoRA + SAS,/content/drive/MyDrive/project-ADI/llama31-1b-movielens-ranking-lora,candidates,ground_truth,5795,11,1.625,causal_bypass,causal_bypass
lora_sas,LoRA + SAS,/content/drive/MyDrive/project-ADI/llama31-1b-movielens-ranking-lora,candidates,ground_truth,5795,12,0.5000001192092896,causal_bypass,causal_bypass
lora_sas,LoRA + SAS,/content/drive/MyDrive/project-ADI/llama31-1b-movielens-ranking-lora,candidates,ground_truth,5795,13,1.0,causal_bypass,causal_bypass
lora_sas,LoRA + SAS,/content/drive/MyDrive/project-ADI/llama31-1b-movielens-ranking-lora,candidates,ground_truth,5795,14,1.875,causal_bypass,causal_bypass
lora_sas,LoRA + SAS,/content/drive/MyDrive/project-ADI/llama31-1b-movielens-ranking-lora,candidates,ground_truth,5795,15,2.375,causal_bypass,causal_bypass
lora_sas,LoRA + SAS,/content/drive/MyDrive/project-ADI/llama31-1b-movielens-ranking-lora,candidates,model_choice,5795,0,2.6875,causal_bypass,causal_bypass
lora_sas,LoRA + SAS,/content/drive/MyDrive/project-ADI/llama31-1b-movielens-ranking-lora,candidates,model_choice,5795,1,4.3125,causal_bypass,causal_bypass
lora_sas,LoRA + SAS,/content/drive/MyDrive/project-ADI/llama31-1b-movielens-ranking-lora,candidates,model_choice,5795,2,3.1875,causal_bypass,causal_bypass
lora_sas,LoRA + SAS,/content/drive/MyDrive/project-ADI/llama31-1b-movielens-ranking-lora,candidates,model_choice,5795,3,2.2499998807907104,causal_bypass,causal_bypass
lora_sas,LoRA + SAS,/content/drive/MyDrive/project-ADI/llama31-1b-movielens-ranking-lora,candidates,model_choice,5795,4,2.25,causal_bypass,causal_bypass
lora_sas,LoRA + SAS,/content/drive/MyDrive/project-ADI/llama31-1b-movielens-ranking-lora,candidates,model_choice,5795,5,3.5,causal_bypass,causal_bypass
lora_sas,LoRA + SAS,/content/drive/MyDrive/project-ADI/llama31-1b-movielens-ranking-lora,candidates,model_choice,5795,6,2.5000001192092896,causal_bypass,causal_bypass
lora_sas,LoRA + SAS,/content/drive/MyDrive/project-ADI/llama31-1b-movielens-ranking-lora,candidates,model_choice,5795,7,2.125,causal_bypass,causal_bypass
lora_sas,LoRA + SAS,/content/drive/MyDrive/project-ADI/llama31-1b-movielens-ranking-lora,candidates,model_choice,5795,8,3.0625001192092896,causal_bypass,causal_bypass
lora_sas,LoRA + SAS,/content/drive/MyDrive/project-ADI/llama31-1b-movielens-ranking-lora,candidates,model_choice,5795,9,0.0,causal_bypass,causal_bypass
lora_sas,LoRA + SAS,/content/drive/MyDrive/project-ADI/llama31-1b-movielens-ranking-lora,candidates,model_choice,5795,10,5.375,causal_bypass,causal_bypass
lora_sas,LoRA + SAS,/content/drive/MyDrive/project-ADI/llama31-1b-movielens-ranking-lora,candidates,model_choice,5795,11,0.25000011920928955,causal_bypass,causal_bypass
lora_sas,LoRA + SAS,/content/drive/MyDrive/project-ADI/llama31-1b-movielens-ranking-lora,candidates,model_choice,5795,12,0.5000001192092896,causal_bypass,causal_bypass
lora_sas,LoRA + SAS,/content/drive/MyDrive/project-ADI/llama31-1b-movielens-ranking-lora,candidates,model_choice,5795,13,1.125,causal_bypass,causal_bypass
lora_sas,LoRA + SAS,/content/drive/MyDrive/project-ADI/llama31-1b-movielens-ranking-lora,candidates,model_choice,5795,14,1.25,causal_bypass,causal_bypass
lora_sas,LoRA + SAS,/content/drive/MyDrive/project-ADI/llama31-1b-movielens-ranking-lora,candidates,model_choice,5795,15,2.75,causal_bypass,causal_bypass
lora_sas,LoRA + SAS,/content/drive/MyDrive/project-ADI/llama31-1b-movielens-ranking-lora,candidates,ground_truth,5924,0,2.312499761581421,causal_bypass,causal_bypass
lora_sas,LoRA + SAS,/content/drive/MyDrive/project-ADI/llama31-1b-movielens-ranking-lora,candidates,ground_truth,5924,1,2.5625,causal_bypass,causal_bypass
lora_sas,LoRA + SAS,/content/drive/MyDrive/project-ADI/llama31-1b-movielens-ranking-lora,candidates,ground_truth,5924,2,2.687500238418579,causal_bypass,causal_bypass
lora_sas,LoRA + SAS,/content/drive/MyDrive/project-ADI/llama31-1b-movielens-ranking-lora,candidates,ground_truth,5924,3,1.75,causal_bypass,causal_bypass
lora_sas,LoRA + SAS,/content/drive/MyDrive/project-ADI/llama31-1b-movielens-ranking-lora,candidates,ground_truth,5924,4,2.125,causal_bypass,causal_bypass
lora_sas,LoRA + SAS,/content/drive/MyDrive/project-ADI/llama31-1b-movielens-ranking-lora,candidates,ground_truth,5924,5,3.6875,causal_bypass,causal_bypass
lora_sas,LoRA + SAS,/content/drive/MyDrive/project-ADI/llama31-1b-movielens-ranking-lora,candidates,ground_truth,5924,6,1.375,causal_bypass,causal_bypass
lora_sas,LoRA + SAS,/content/drive/MyDrive/project-ADI/llama31-1b-movielens-ranking-lora,candidates,ground_truth,5924,7,2.375,causal_bypass,causal_bypass
lora_sas,LoRA + SAS,/content/drive/MyDrive/project-ADI/llama31-1b-movielens-ranking-lora,candidates,ground_truth,5924,8,2.1875,causal_bypass,causal_bypass
lora_sas,LoRA + SAS,/content/drive/MyDrive/project-ADI/llama31-1b-movielens-ranking-lora,candidates,ground_truth,5924,9,0.875,causal_bypass,causal_bypass
lora_sas,LoRA + SAS,/content/drive/MyDrive/project-ADI/llama31-1b-movielens-ranking-lora,candidates,ground_truth,5924,10,6.375,causal_bypass,causal_bypass
lora_sas,LoRA + SAS,/content/drive/MyDrive/project-ADI/llama31-1b-movielens-ranking-lora,candidates,ground_truth,5924,11,0.75,causal_bypass,causal_bypass
lora_sas,LoRA + SAS,/content/drive/MyDrive/project-ADI/llama31-1b-movielens-ranking-lora,candidates,ground_truth,5924,12,0.125,causal_bypass,causal_bypass
lora_sas,LoRA + SAS,/content/drive/MyDrive/project-ADI/llama31-1b-movielens-ranking-lora,candidates,ground_truth,5924,13,1.625,causal_bypass,causal_bypass
lora_sas,LoRA + SAS,/content/drive/MyDrive/project-ADI/llama31-1b-movielens-ranking-lora,candidates,ground_truth,5924,14,3.625,causal_bypass,causal_bypass
lora_sas,LoRA + SAS,/content/drive/MyDrive/project-ADI/llama31-1b-movielens-ranking-lora,candidates,ground_truth,5924,15,0.5,causal_bypass,causal_bypass
lora_sas,LoRA + SAS,/content/drive/MyDrive/project-ADI/llama31-1b-movielens-ranking-lora,candidates,model_choice,5924,0,2.312499761581421,causal_bypass,causal_bypass
lora_sas,LoRA + SAS,/content/drive/MyDrive/project-ADI/llama31-1b-movielens-ranking-lora,candidates,model_choice,5924,1,2.5625,causal_bypass,causal_bypass
lora_sas,LoRA + SAS,/content/drive/MyDrive/project-ADI/llama31-1b-movielens-ranking-lora,candidates,model_choice,5924,2,2.687500238418579,causal_bypass,causal_bypass
lora_sas,LoRA + SAS,/content/drive/MyDrive/project-ADI/llama31-1b-movielens-ranking-lora,candidates,model_choice,5924,3,1.75,causal_bypass,causal_bypass
lora_sas,LoRA + SAS,/content/drive/MyDrive/project-ADI/llama31-1b-movielens-ranking-lora,candidates,model_choice,5924,4,2.125,causal_bypass,causal_bypass
lora_sas,LoRA + SAS,/content/drive/MyDrive/project-ADI/llama31-1b-movielens-ranking-lora,candidates,model_choice,5924,5,3.6875,causal_bypass,causal_bypass
lora_sas,LoRA + SAS,/content/drive/MyDrive/project-ADI/llama31-1b-movielens-ranking-lora,candidates,model_choice,5924,6,1.375,causal_bypass,causal_bypass
lora_sas,LoRA + SAS,/content/drive/MyDrive/project-ADI/llama31-1b-movielens-ranking-lora,candidates,model_choice,5924,7,2.375,causal_bypass,causal_bypass
lora_sas,LoRA + SAS,/content/drive/MyDrive/project-ADI/llama31-1b-movielens-ranking-lora,candidates,model_choice,5924,8,2.1875,causal_bypass,causal_bypass
lora_sas,LoRA + SAS,/content/drive/MyDrive/project-ADI/llama31-1b-movielens-ranking-lora,candidates,model_choice,5924,9,0.875,causal_bypass,causal_bypass
lora_sas,LoRA + SAS,/content/drive/MyDrive/project-ADI/llama31-1b-movielens-ranking-lora,candidates,model_choice,5924,10,6.375,causal_bypass,causal_bypass
lora_sas,LoRA + SAS,/content/drive/MyDrive/project-ADI/llama31-1b-movielens-ranking-lora,candidates,model_choice,5924,11,0.75,causal_bypass,causal_bypass
lora_sas,LoRA + SAS,/content/drive/MyDrive/project-ADI/llama31-1b-movielens-ranking-lora,candidates,model_choice,5924,12,0.125,causal_bypass,causal_bypass
lora_sas,LoRA + SAS,/content/drive/MyDrive/project-ADI/llama31-1b-movielens-ranking-lora,candidates,model_choice,5924,13,1.625,causal_bypass,causal_bypass
lora_sas,LoRA + SAS,/content/drive/MyDrive/project-ADI/llama31-1b-movielens-ranking-lora,candidates,model_choice,5924,14,3.625,causal_bypass,causal_bypass
lora_sas,LoRA + SAS,/content/drive/MyDrive/project-ADI/llama31-1b-movielens-ranking-lora,candidates,model_choice,5924,15,0.5,causal_bypass,causal_bypass
lora_sas,LoRA + SAS,/content/drive/MyDrive/project-ADI/llama31-1b-movielens-ranking-lora,candidates,ground_truth,5955,0,2.0,causal_bypass,causal_bypass
lora_sas,LoRA + SAS,/content/drive/MyDrive/project-ADI/llama31-1b-movielens-ranking-lora,candidates,ground_truth,5955,1,2.375,causal_bypass,causal_bypass
lora_sas,LoRA + SAS,/content/drive/MyDrive/project-ADI/llama31-1b-movielens-ranking-lora,candidates,ground_truth,5955,2,1.3125,causal_bypass,causal_bypass
lora_sas,LoRA + SAS,/content/drive/MyDrive/project-ADI/llama31-1b-movielens-ranking-lora,candidates,ground_truth,5955,3,1.375,causal_bypass,causal_bypass
lora_sas,LoRA + SAS,/content/drive/MyDrive/project-ADI/llama31-1b-movielens-ranking-lora,candidates,ground_truth,5955,4,1.25,causal_bypass,causal_bypass
lora_sas,LoRA + SAS,/content/drive/MyDrive/project-ADI/llama31-1b-movielens-ranking-lora,candidates,ground_truth,5955,5,1.875,causal_bypass,causal_bypass
lora_sas,LoRA + SAS,/content/drive/MyDrive/project-ADI/llama31-1b-movielens-ranking-lora,candidates,ground_truth,5955,6,2.125,causal_bypass,causal_bypass
lora_sas,LoRA + SAS,/content/drive/MyDrive/project-ADI/llama31-1b-movielens-ranking-lora,candidates,ground_truth,5955,7,2.75,causal_bypass,causal_bypass
lora_sas,LoRA + SAS,/content/drive/MyDrive/project-ADI/llama31-1b-movielens-ranking-lora,candidates,ground_truth,5955,8,2.3125,causal_bypass,causal_bypass
lora_sas,LoRA + SAS,/content/drive/MyDrive/project-ADI/llama31-1b-movielens-ranking-lora,candidates,ground_truth,5955,9,2.25,causal_bypass,causal_bypass
lora_sas,LoRA + SAS,/content/drive/MyDrive/project-ADI/llama31-1b-movielens-ranking-lora,candidates,ground_truth,5955,10,1.875,causal_bypass,causal_bypass
lora_sas,LoRA + SAS,/content/drive/MyDrive/project-ADI/llama31-1b-movielens-ranking-lora,candidates,ground_truth,5955,11,0.0,causal_bypass,causal_bypass
lora_sas,LoRA + SAS,/content/drive/MyDrive/project-ADI/llama31-1b-movielens-ranking-lora,candidates,ground_truth,5955,12,0.5,causal_bypass,causal_bypass
lora_sas,LoRA + SAS,/content/drive/MyDrive/project-ADI/llama31-1b-movielens-ranking-lora,candidates,ground_truth,5955,13,1.9375,causal_bypass,causal_bypass
lora_sas,LoRA + SAS,/content/drive/MyDrive/project-ADI/llama31-1b-movielens-ranking-lora,candidates,ground_truth,5955,14,2.125,causal_bypass,causal_bypass
lora_sas,LoRA + SAS,/content/drive/MyDrive/project-ADI/llama31-1b-movielens-ranking-lora,candidates,ground_truth,5955,15,3.3125,causal_bypass,causal_bypass
lora_sas,LoRA + SAS,/content/drive/MyDrive/project-ADI/llama31-1b-movielens-ranking-lora,candidates,model_choice,5955,0,2.03125,causal_bypass,causal_bypass
lora_sas,LoRA + SAS,/content/drive/MyDrive/project-ADI/llama31-1b-movielens-ranking-lora,candidates,model_choice,5955,1,4.375,causal_bypass,causal_bypass
lora_sas,LoRA + SAS,/content/drive/MyDrive/project-ADI/llama31-1b-movielens-ranking-lora,candidates,model_choice,5955,2,3.3125,causal_bypass,causal_bypass
lora_sas,LoRA + SAS,/content/drive/MyDrive/project-ADI/llama31-1b-movielens-ranking-lora,candidates,model_choice,5955,3,1.625,causal_bypass,causal_bypass
lora_sas,LoRA + SAS,/content/drive/MyDrive/project-ADI/llama31-1b-movielens-ranking-lora,candidates,model_choice,5955,4,1.25,causal_bypass,causal_bypass
lora_sas,LoRA + SAS,/content/drive/MyDrive/project-ADI/llama31-1b-movielens-ranking-lora,candidates,model_choice,5955,5,2.125,causal_bypass,causal_bypass
lora_sas,LoRA + SAS,/content/drive/MyDrive/project-ADI/llama31-1b-movielens-ranking-lora,candidates,model_choice,5955,6,2.25,causal_bypass,causal_bypass
lora_sas,LoRA + SAS,/content/drive/MyDrive/project-ADI/llama31-1b-movielens-ranking-lora,candidates,model_choice,5955,7,2.0,causal_bypass,causal_bypass
lora_sas,LoRA + SAS,/content/drive/MyDrive/project-ADI/llama31-1b-movielens-ranking-lora,candidates,model_choice,5955,8,3.6875,causal_bypass,causal_bypass
lora_sas,LoRA + SAS,/content/drive/MyDrive/project-ADI/llama31-1b-movielens-ranking-lora,candidates,model_choice,5955,9,2.25,causal_bypass,causal_bypass
lora_sas,LoRA + SAS,/content/drive/MyDrive/project-ADI/llama31-1b-movielens-ranking-lora,candidates,model_choice,5955,10,1.625,causal_bypass,causal_bypass
lora_sas,LoRA + SAS,/content/drive/MyDrive/project-ADI/llama31-1b-movielens-ranking-lora,candidates,model_choice,5955,11,0.25,causal_bypass,causal_bypass
lora_sas,LoRA + SAS,/content/drive/MyDrive/project-ADI/llama31-1b-movielens-ranking-lora,candidates,model_choice,5955,12,1.25,causal_bypass,causal_bypass
lora_sas,LoRA + SAS,/content/drive/MyDrive/project-ADI/llama31-1b-movielens-ranking-lora,candidates,model_choice,5955,13,2.875,causal_bypass,causal_bypass
lora_sas,LoRA + SAS,/content/drive/MyDrive/project-ADI/llama31-1b-movielens-ranking-lora,candidates,model_choice,5955,14,2.375000238418579,causal_bypass,causal_bypass
lora_sas,LoRA + SAS,/content/drive/MyDrive/project-ADI/llama31-1b-movielens-ranking-lora,candidates,model_choice,5955,15,4.0625,causal_bypass,causal_bypass
